granularity,year,community,community_size,avg_flow_strength,top_members
economical_county,1980,0,1,0.0,贵溪市
economical_county,1980,1,1,0.0,青山湖区
economical_county,1980,2,1,0.0,濂溪区
economical_county,1980,3,1,0.0,南山区
economical_county,1980,4,2,1.0,"邻水县, 江北区"
economical_county,1980,5,1,0.0,丰泽区
economical_county,1980,6,1,0.0,通川区
economical_county,1980,7,2,1.0,"武侯区, 安岳县"
economical_county,1980,8,1,0.0,克山县
economical_county,1980,9,1,0.0,鲅鱼圈区
economical_county,1980,10,1,0.0,永福县
economical_county,1980,11,1,0.0,宝安区
economical_county,1980,12,1,0.0,青神县
economical_county,1980,13,1,0.0,官渡区
economical_county,1980,14,1,0.0,路桥区
economical_county,1980,15,1,0.0,江干区
economical_county,1980,16,1,0.0,寿县
economical_county,1980,17,1,0.0,肥东县
economical_county,1980,18,1,0.0,睢县
economical_county,1980,19,1,0.0,龙岗区
economical_county,1980,20,1,0.0,定州市
economical_county,1980,21,1,0.0,船营区
economical_county,1980,22,1,0.0,历城区
economical_county,1980,23,1,0.0,东明县
economical_county,1980,24,1,0.0,吴江区
economical_county,1980,25,1,0.0,依安县
economical_county,1980,26,1,0.0,道里区
economical_county,1980,27,1,0.0,新郑市
economical_county,1980,28,1,0.0,集美区
economical_county,1980,29,1,0.0,营山县
economical_county,1980,30,1,0.0,永和县
economical_county,1980,31,3,1.3333333333333333,"天门市, 海拉尔区, 陈巴尔虎旗"
economical_county,1980,32,2,1.0,"武昌区, 新洲区"
economical_county,1980,33,1,0.0,米脂县
economical_county,1980,34,1,0.0,榆阳区
economical_county,1980,35,1,0.0,永德县
economical_county,1980,36,1,0.0,昌宁县
economical_county,1980,37,1,0.0,六枝特区
economical_county,1980,38,1,0.0,久治县
economical_county,1980,39,2,1.0,"巫溪县, 神农架林区"
economical_county,1980,40,1,0.0,朝阳区
economical_county,1980,41,1,0.0,兰考县
economical_county,1980,42,1,0.0,松江区
economical_county,1980,43,1,0.0,祁东县
economical_county,1980,44,1,0.0,勐腊县
economical_county,1980,45,1,0.0,临渭区
economical_county,1980,46,1,0.0,雁塔区
economical_county,1980,47,1,0.0,纳雍县
economical_county,1980,48,1,0.0,邵阳县
economical_county,1980,49,1,0.0,平舆县
economical_county,1980,50,1,0.0,二七区
economical_county,1980,51,1,0.0,工农区
economical_county,1980,52,1,0.0,萝北县
economical_county,1980,53,1,0.0,魏县
economical_county,1980,54,1,0.0,岷县
economical_county,1980,55,1,0.0,建瓯市
economical_county,1980,56,1,0.0,章贡区
economical_county,1980,57,1,0.0,开江县
economical_county,1980,58,1,0.0,墨玉县
economical_county,1980,59,1,0.0,叶县
economical_county,1980,60,1,0.0,城厢区
economical_county,1980,61,1,0.0,蛟河市
economical_county,1980,62,1,0.0,和龙市
economical_county,1980,63,1,0.0,高县
economical_county,1980,64,1,0.0,阿瓦提县
economical_county,1980,65,1,0.0,寻甸回族彝族自治县
economical_county,1980,66,1,0.0,富源县
economical_county,1980,67,1,0.0,平阳县
economical_county,1980,68,1,0.0,隆林各族自治县
economical_county,1980,69,1,0.0,石城县
economical_county,1980,70,1,0.0,罗湖区
economical_county,1980,71,1,0.0,阜新蒙古族自治县
economical_county,1980,72,1,0.0,图们市
economical_county,1980,73,1,0.0,眉县
economical_county,1980,74,1,0.0,靖远县
economical_county,1980,75,1,0.0,佳县
economical_county,1980,76,1,0.0,宣威市
economical_county,1980,77,1,0.0,盘龙区
economical_county,1980,78,1,0.0,颍东区
economical_county,1980,79,2,1.0,"黄陂区, 舞阳县"
economical_county,1980,80,2,1.0,"丰城市, 雨花台区"
economical_county,1980,81,1,0.0,袁州区
economical_county,1980,82,2,1.0,"阜南县, 河西区"
economical_county,1980,83,2,1.0,"瑞安市, 义乌市"
economical_county,1980,84,1,0.0,瓦房店市
economical_county,1980,85,2,1.0,"永嘉县, 文水县"
economical_county,1980,86,1,0.0,惠济区
economical_county,1980,87,1,0.0,赤壁市
economical_county,1980,88,1,0.0,丰台区
economical_county,1980,89,1,0.0,晋江市
economical_county,1980,90,1,0.0,秦安县
economical_county,1980,91,1,0.0,鹿邑县
economical_county,1980,92,1,0.0,荣成市
economical_county,1980,93,1,0.0,鄄城县
economical_county,1980,94,1,0.0,金水区
economical_county,1980,95,3,1.3333333333333333,"望奎县, 铁西区, 辽中区"
economical_county,1980,96,1,0.0,海城市
economical_county,1980,97,1,0.0,枞阳县
economical_county,1980,98,1,0.0,雨山区
economical_county,1980,99,1,0.0,环县
economical_county,1980,100,2,1.0,"西夏区, 隆德县"
economical_county,1980,101,1,0.0,仙桃市
economical_county,1980,102,1,0.0,鼎城区
economical_county,1980,103,1,0.0,富顺县
economical_county,1980,104,1,0.0,巴南区
economical_county,1980,105,1,0.0,遂平县
economical_county,1980,106,1,0.0,驿城区
economical_county,1980,107,3,1.3333333333333333,"织金县, 清镇市, 乌当区"
economical_county,1980,108,1,0.0,云岩区
economical_county,1980,109,2,1.0,"垫江县, 个旧市"
economical_county,1980,110,1,0.0,奉节县
economical_county,1980,111,1,0.0,颍上县
economical_county,1980,112,9,1.7777777777777777,"南明区, 黄浦区, 南岸区"
economical_county,1980,113,1,0.0,平遥县
economical_county,1980,114,1,0.0,东河区
economical_county,1980,115,1,0.0,明水县
economical_county,1980,116,1,0.0,静海区
economical_county,1980,117,1,0.0,宜兴市
economical_county,1980,118,3,1.3333333333333333,"江津区, 威远县, 渝中区"
economical_county,1980,119,1,0.0,沙坪坝区
economical_county,1980,120,1,0.0,黑山县
economical_county,1980,121,1,0.0,商都县
economical_county,1980,122,1,0.0,景洪市
economical_county,1980,123,1,0.0,淳化县
economical_county,1980,124,1,0.0,阎良区
economical_county,1980,125,1,0.0,古浪县
economical_county,1980,126,1,0.0,海南区
economical_county,1980,127,1,0.0,安溪县
economical_county,1980,128,1,0.0,浮山县
economical_county,1980,129,1,0.0,尧都区
economical_county,1980,130,1,0.0,渠县
economical_county,1980,131,1,0.0,会泽县
economical_county,1980,132,1,0.0,南安市
economical_county,1980,133,3,1.3333333333333333,"闵行区, 徐汇区, 高港区"
economical_county,1980,134,1,0.0,石柱土家族自治县
economical_county,1980,135,1,0.0,龙子湖区
economical_county,1980,136,1,0.0,托克托县
economical_county,1980,137,1,0.0,清水河县
economical_county,1980,138,1,0.0,璧山区
economical_county,1980,139,1,0.0,景谷傣族彝族自治县
economical_county,1980,140,1,0.0,凤翔县
economical_county,1980,141,3,1.3333333333333333,"库尔勒市, 长寿区, 白银区"
economical_county,1980,142,1,0.0,松溪县
economical_county,1980,143,2,1.0,"温岭市, 桐庐县"
economical_county,1980,144,1,0.0,绥德县
economical_county,1980,145,1,0.0,定边县
economical_county,1980,146,2,1.0,"苏仙区, 桂阳县"
economical_county,1980,147,1,0.0,秦淮区
economical_county,1980,148,1,0.0,临县
economical_county,1980,149,1,0.0,头屯河区
economical_county,1980,150,1,0.0,万柏林区
economical_county,1980,151,2,1.0,"合川区, 汝州市"
economical_county,1980,152,1,0.0,尤溪县
economical_county,1980,153,4,1.5,"长安区, 临夏县, 合作市"
economical_county,1980,154,2,1.0,"莲湖区, 乾县"
economical_county,1980,155,1,0.0,巧家县
economical_county,1980,156,1,0.0,勐海县
economical_county,1980,157,1,0.0,七星关区
economical_county,1980,158,1,0.0,水城县
economical_county,1980,159,1,0.0,钟山区
economical_county,1980,160,1,0.0,大理市
economical_county,1980,161,1,0.0,楚雄市
economical_county,1980,162,1,0.0,蓝田县
economical_county,1980,163,1,0.0,新蔡县
economical_county,1980,164,1,0.0,城中区
economical_county,1980,165,1,0.0,贺兰县
economical_county,1980,166,3,1.3333333333333333,"固始县, 宜秀区, 青山区"
economical_county,1980,167,1,0.0,公主岭市
economical_county,1980,168,1,0.0,黎平县
economical_county,1980,169,1,0.0,达拉特旗
economical_county,1980,170,2,1.0,"卓资县, 新城区"
economical_county,1980,171,2,1.0,"回民区, 和林格尔县"
economical_county,1980,172,1,0.0,黔西县
economical_county,1980,173,1,0.0,婺源县
economical_county,1980,174,2,1.0,"珠山区, 都昌县"
economical_county,1980,175,1,0.0,鄢陵县
economical_county,1980,176,1,0.0,尉犁县
economical_county,1980,177,2,1.0,"龙潭区, 唐县"
economical_county,1980,178,1,0.0,伊川县
economical_county,1980,179,1,0.0,洛龙区
economical_county,1980,180,1,0.0,永定区
economical_county,1980,181,1,0.0,思明区
economical_county,1980,182,1,0.0,平鲁区
economical_county,1980,183,1,0.0,朔城区
economical_county,1980,184,1,0.0,阿荣旗
economical_county,1980,185,1,0.0,铁西区
economical_county,1980,186,2,1.0,"汉川市, 崂山区"
economical_county,1980,187,1,0.0,北碚区
economical_county,1980,188,1,0.0,三门县
economical_county,1980,189,1,0.0,长汀县
economical_county,1980,190,1,0.0,同安区
economical_county,1980,191,1,0.0,昌平区
economical_county,1980,192,2,1.0,"上高县, 湘乡市"
economical_county,1980,193,1,0.0,武川县
economical_county,1980,194,1,0.0,乾安县
economical_county,1980,195,1,0.0,绿园区
economical_county,1980,196,1,0.0,柳林县
economical_county,1980,197,1,0.0,离石区
economical_county,1980,198,1,0.0,布尔津县
economical_county,1980,199,1,0.0,米东区
economical_county,1980,200,1,0.0,墨江哈尼族自治县
economical_county,1980,201,1,0.0,富县
economical_county,1980,202,1,0.0,横山区
economical_county,1980,203,1,0.0,辽阳县
economical_county,1980,204,1,0.0,罗甸县
economical_county,1980,205,1,0.0,清新区
economical_county,1980,206,1,0.0,隆化县
economical_county,1980,207,2,1.0,"顺义区, 颍泉区"
economical_county,1980,208,1,0.0,麒麟区
economical_county,1980,209,2,1.0,"忠县, 德江县"
economical_county,1980,210,1,0.0,单县
economical_county,1980,211,1,0.0,察哈尔右翼中旗
economical_county,1980,212,1,0.0,江安县
economical_county,1980,213,3,1.3333333333333333,"临夏市, 格尔木市, 城东区"
economical_county,1980,214,1,0.0,奈曼旗
economical_county,1980,215,1,0.0,科尔沁区
economical_county,1980,216,1,0.0,汇川区
economical_county,1980,217,1,0.0,红花岗区
economical_county,1980,218,1,0.0,咸安区
economical_county,1980,219,1,0.0,芦淞区
economical_county,1980,220,1,0.0,平武县
economical_county,1980,221,1,0.0,游仙区
economical_county,1980,222,1,0.0,新乡县
economical_county,1980,223,1,0.0,红旗区
economical_county,1980,224,1,0.0,大渡口区
economical_county,1980,225,1,0.0,滨海新区
economical_county,1980,226,1,0.0,九原区
economical_county,1980,227,2,1.0,"怀安县, 威县"
economical_county,1980,228,1,0.0,昆都仑区
economical_county,1980,229,1,0.0,历下区
economical_county,1980,230,1,0.0,康保县
economical_county,1980,231,1,0.0,西华县
economical_county,1980,232,1,0.0,镇赉县
economical_county,1980,233,1,0.0,龙华区
economical_county,1980,234,1,0.0,汾阳市
economical_county,1980,235,1,0.0,西峰区
economical_county,1980,236,2,1.0,"城关区, 皋兰县"
economical_county,1980,237,1,0.0,梅县区
economical_county,1980,238,1,0.0,光明区
economical_county,1980,239,1,0.0,洛南县
economical_county,1980,240,1,0.0,黄陵县
economical_county,1980,241,1,0.0,延川县
economical_county,1980,242,1,0.0,宝塔区
economical_county,1980,243,1,0.0,内乡县
economical_county,1980,244,1,0.0,郧阳区
economical_county,1980,245,1,0.0,雁山区
economical_county,1980,246,1,0.0,琼海市
economical_county,1980,247,1,0.0,玉屏侗族自治县
economical_county,1980,248,1,0.0,芷江侗族自治县
economical_county,1980,249,2,1.0,"潮阳区, 白云区"
economical_county,1980,250,1,0.0,清涧县
economical_county,1980,251,2,1.0,"涟源市, 碧江区"
economical_county,1980,252,1,0.0,吉阳区
economical_county,1980,253,2,1.0,"矿区, 平定县"
economical_county,1980,254,1,0.0,盂县
economical_county,1980,255,1,0.0,伊金霍洛旗
economical_county,1980,256,1,0.0,泊头市
economical_county,1980,257,1,0.0,东港区
economical_county,1980,258,1,0.0,满城区
economical_county,1980,259,1,0.0,乡宁县
economical_county,1980,260,1,0.0,鄱阳县
economical_county,1980,261,1,0.0,大足区
economical_county,1980,262,1,0.0,工布江达县
economical_county,1980,263,1,0.0,肥城市
economical_county,1980,264,1,0.0,衡南县
economical_county,1980,265,1,0.0,北湖区
economical_county,1980,266,2,1.0,"夏邑县, 老城区"
economical_county,1980,267,1,0.0,禹王台区
economical_county,1980,268,1,0.0,太康县
economical_county,1980,269,1,0.0,林州市
economical_county,1980,270,1,0.0,朝阳区
economical_county,1980,271,1,0.0,青田县
economical_county,1980,272,1,0.0,枝江市
economical_county,1980,273,2,1.0,"西陵区, 云阳县"
economical_county,1980,274,2,1.0,"察哈尔右翼前旗, 苏尼特右旗"
economical_county,1980,275,1,0.0,陇西县
economical_county,1980,276,1,0.0,上犹县
economical_county,1980,277,1,0.0,海珠区
economical_county,1980,278,1,0.0,献县
economical_county,1980,279,1,0.0,稷山县
economical_county,1980,280,1,0.0,融安县
economical_county,1980,281,1,0.0,柳南区
economical_county,1980,282,1,0.0,钦南区
economical_county,1980,283,1,0.0,兴宁区
economical_county,1980,284,2,1.0,"荣昌区, 永川区"
economical_county,1980,285,1,0.0,成武县
economical_county,1980,286,1,0.0,西岗区
economical_county,1980,287,1,0.0,太和区
economical_county,1980,288,3,1.3333333333333333,"香坊区, 肇州县, 通河县"
economical_county,1980,289,1,0.0,和顺县
economical_county,1980,290,1,0.0,太谷县
economical_county,1980,291,1,0.0,呼兰区
economical_county,1980,292,1,0.0,珲春市
economical_county,1980,293,1,0.0,丰县
economical_county,1980,294,1,0.0,相城区
economical_county,1980,295,1,0.0,房县
economical_county,1980,296,1,0.0,茅箭区
economical_county,1980,297,1,0.0,沛县
economical_county,1980,298,1,0.0,兴隆县
economical_county,1980,299,1,0.0,遵化市
economical_county,1980,300,1,0.0,岳麓区
economical_county,1980,301,1,0.0,海淀区
economical_county,1980,302,1,0.0,镇平县
economical_county,1980,303,1,0.0,和布克赛尔蒙古自治县
economical_county,1980,304,1,0.0,榆次区
economical_county,1980,305,1,0.0,伊通满族自治县
economical_county,1980,306,1,0.0,南关区
economical_county,1980,307,1,0.0,峄城区
economical_county,1980,308,1,0.0,市中区
economical_county,1980,309,1,0.0,富锦市
economical_county,1980,310,2,1.0,"同江市, 巴彦县"
economical_county,1980,311,1,0.0,大名县
economical_county,1980,312,1,0.0,广阳区
economical_county,1980,313,1,0.0,南浔区
economical_county,1980,314,1,0.0,镇海区
economical_county,1980,315,1,0.0,西充县
economical_county,1980,316,1,0.0,金牛区
economical_county,1980,317,1,0.0,临川区
economical_county,1980,318,1,0.0,泾川县
economical_county,1980,319,1,0.0,崆峒区
economical_county,1980,320,1,0.0,巫山县
economical_county,1980,321,1,0.0,万州区
economical_county,1980,322,1,0.0,兴文县
economical_county,1980,323,1,0.0,蓬江区
economical_county,1980,324,1,0.0,靖安县
economical_county,1980,325,1,0.0,奉新县
economical_county,1980,326,1,0.0,冷水滩区
economical_county,1980,327,1,0.0,萧山区
economical_county,1980,328,3,1.3333333333333333,"丰镇市, 蓬安县, 新荣区"
economical_county,1980,329,1,0.0,东胜区
economical_county,1980,330,1,0.0,龙井市
economical_county,1980,331,2,1.0,"延吉市, 嘉祥县"
economical_county,1980,332,1,0.0,新源县
economical_county,1980,333,1,0.0,集宁区
economical_county,1980,334,1,0.0,莱西市
economical_county,1980,335,1,0.0,乌鲁木齐县
economical_county,1980,336,2,1.0,"安居区, 桐梓县"
economical_county,1980,337,2,1.0,"阿克苏市, 五台县"
economical_county,1980,338,1,0.0,休宁县
economical_county,1980,339,2,1.0,"唐河县, 河东区"
economical_county,1980,340,1,0.0,澄城县
economical_county,1980,341,1,0.0,土默特左旗
economical_county,1980,342,1,0.0,曲沃县
economical_county,1980,343,1,0.0,侯马市
economical_county,1980,344,1,0.0,海伦市
economical_county,1980,345,1,0.0,金州区
economical_county,1980,346,1,0.0,青冈县
economical_county,1980,347,1,0.0,友谊县
economical_county,1980,348,1,0.0,萨尔图区
economical_county,1980,349,1,0.0,成华区
economical_county,1980,350,1,0.0,上蔡县
economical_county,1980,351,1,0.0,奎屯市
economical_county,1980,352,1,0.0,大安市
economical_county,1980,353,1,0.0,香河县
economical_county,1980,354,1,0.0,扶余市
economical_county,1980,355,1,0.0,宁江区
economical_county,1980,356,1,0.0,克东县
economical_county,1980,357,1,0.0,路南区
economical_county,1980,358,2,1.0,"肇东市, 虎林市"
economical_county,1980,359,1,0.0,让胡路区
economical_county,1980,360,1,0.0,西林区
economical_county,1980,361,2,1.0,"乐陵市, 泰山区"
economical_county,1980,362,1,0.0,岚县
economical_county,1980,363,1,0.0,介休市
economical_county,1980,364,1,0.0,娄星区
economical_county,1980,365,1,0.0,阜宁县
economical_county,1980,366,1,0.0,武进区
economical_county,1980,367,1,0.0,长葛市
economical_county,1980,368,1,0.0,中宁县
economical_county,1980,369,1,0.0,甘井子区
economical_county,1980,370,1,0.0,永寿县
economical_county,1980,371,1,0.0,祁门县
economical_county,1980,372,3,1.3333333333333333,"永康市, 武义县, 磐安县"
economical_county,1980,373,2,1.0,"永泰县, 和平区"
economical_county,1980,374,1,0.0,大冶市
economical_county,1980,375,2,1.0,"兴和县, 玉泉区"
economical_county,1980,376,1,0.0,扎鲁特旗
economical_county,1980,377,1,0.0,霍林郭勒市
economical_county,1980,378,1,0.0,零陵区
economical_county,1980,379,1,0.0,石鼓区
economical_county,1980,380,1,0.0,九龙坡区
economical_county,1980,381,1,0.0,仁怀市
economical_county,1980,382,1,0.0,麻江县
economical_county,1980,383,1,0.0,余姚市
economical_county,1980,384,1,0.0,盐池县
economical_county,1980,385,1,0.0,灵武市
economical_county,1980,386,2,1.0,"乐平市, 天台县"
economical_county,1980,387,1,0.0,尚义县
economical_county,1980,388,1,0.0,井陉县
economical_county,1980,389,1,0.0,裕华区
economical_county,1980,390,1,0.0,德惠市
economical_county,1980,391,1,0.0,子洲县
economical_county,1980,392,1,0.0,景县
economical_county,1980,393,1,0.0,桃城区
economical_county,1980,394,1,0.0,郸城县
economical_county,1980,395,1,0.0,甘南县
economical_county,1980,396,1,0.0,平利县
economical_county,1980,397,2,1.0,"绥芬河市, 林西县"
economical_county,1980,398,2,1.0,"嘉陵区, 龙沙区"
economical_county,1980,399,1,0.0,连江县
economical_county,1980,400,1,0.0,大方县
economical_county,1980,401,1,0.0,惠城区
economical_county,1980,402,1,0.0,都安瑶族自治县
economical_county,1980,403,1,0.0,西乡塘区
economical_county,1980,404,1,0.0,雁峰区
economical_county,1980,405,1,0.0,磴口县
economical_county,1980,406,1,0.0,昔阳县
economical_county,1980,407,1,0.0,城区
economical_county,1980,408,1,0.0,南部县
economical_county,1980,409,1,0.0,额敏县
economical_county,1980,410,1,0.0,阆中市
economical_county,1980,411,1,0.0,五华区
economical_county,1980,412,1,0.0,靖边县
economical_county,1980,413,1,0.0,红桥区
economical_county,1980,414,1,0.0,秀英区
economical_county,1980,415,1,0.0,澄迈县
economical_county,1980,416,1,0.0,万宁市
economical_county,1980,417,1,0.0,禹会区
economical_county,1980,418,1,0.0,永年区
economical_county,1980,419,1,0.0,潼南区
economical_county,1980,420,1,0.0,双阳区
economical_county,1980,421,1,0.0,叶城县
economical_county,1980,422,1,0.0,蔚县
economical_county,1980,423,1,0.0,玉山县
economical_county,1980,424,1,0.0,霍尔果斯市
economical_county,1980,425,1,0.0,杭锦后旗
economical_county,1980,426,1,0.0,城西区
economical_county,1980,427,1,0.0,伊宁市
economical_county,1980,428,1,0.0,潮南区
economical_county,1980,429,1,0.0,磐石市
economical_county,1980,430,1,0.0,托里县
economical_county,1980,431,1,0.0,宽城区
economical_county,1980,432,1,0.0,揭西县
economical_county,1980,433,1,0.0,会东县
economical_county,1980,434,1,0.0,依兰县
economical_county,1980,435,3,1.3333333333333333,"东城区, 高平市, 响水县"
economical_county,1980,436,1,0.0,邓州市
economical_county,1980,437,1,0.0,青浦区
economical_county,1980,438,1,0.0,蒲城县
economical_county,1980,439,2,1.0,"东丽区, 商河县"
economical_county,1980,440,3,1.3333333333333333,"乌拉特前旗, 青山区, 息县"
economical_county,1980,441,1,0.0,拜泉县
economical_county,1980,442,1,0.0,弓长岭区
economical_county,1980,443,1,0.0,宏伟区
economical_county,1980,444,1,0.0,榆树市
economical_county,1980,445,1,0.0,阿城区
economical_county,1980,446,1,0.0,敦化市
economical_county,1980,447,1,0.0,通州区
economical_county,1980,448,2,1.0,"郓城县, 临猗县"
economical_county,1980,449,1,0.0,内黄县
economical_county,1980,450,2,1.0,"中江县, 二道江区"
economical_county,1980,451,1,0.0,新市区
economical_county,1980,452,1,0.0,安达市
economical_county,1980,453,1,0.0,沽源县
economical_county,1980,454,1,0.0,定兴县
economical_county,1980,455,1,0.0,竞秀区
economical_county,1980,456,1,0.0,盖州市
economical_county,1980,457,1,0.0,松北区
economical_county,1980,458,1,0.0,讷河市
economical_county,1980,459,1,0.0,红岗区
economical_county,1980,460,1,0.0,利津县
economical_county,1980,461,2,1.0,"西吉县, 会宁县"
economical_county,1980,462,1,0.0,惠农区
economical_county,1980,463,1,0.0,青铜峡市
economical_county,1980,464,1,0.0,利通区
economical_county,1980,465,1,0.0,永登县
economical_county,1980,466,1,0.0,和静县
economical_county,1980,467,1,0.0,新北区
economical_county,1980,468,1,0.0,焉耆回族自治县
economical_county,1980,469,1,0.0,津南区
economical_county,1980,470,1,0.0,偃师市
economical_county,1980,471,1,0.0,望花区
economical_county,1980,472,1,0.0,大同区
economical_county,1980,473,1,0.0,柳城县
economical_county,1980,474,2,1.0,"鱼峰区, 盐亭县"
economical_county,1980,475,1,0.0,弥渡县
economical_county,1980,476,1,0.0,安宁市
economical_county,1980,477,1,0.0,汉阳区
economical_county,1980,478,1,0.0,涿州市
economical_county,1980,479,1,0.0,云梦县
economical_county,1980,480,1,0.0,孝南区
economical_county,1980,481,1,0.0,西平县
economical_county,1980,482,1,0.0,北辰区
economical_county,1980,483,1,0.0,胶州市
economical_county,1980,484,1,0.0,武都区
economical_county,1980,485,1,0.0,西青区
economical_county,1980,486,1,0.0,蒙城县
economical_county,1980,487,1,0.0,玄武区
economical_county,1980,488,1,0.0,霍州市
economical_county,1980,489,2,1.0,"小店区, 岱岳区"
economical_county,1980,490,1,0.0,昆山市
economical_county,1980,491,1,0.0,鄞州区
economical_county,1980,492,1,0.0,怀宁县
economical_county,1980,493,1,0.0,思茅区
economical_county,1980,494,1,0.0,武山县
economical_county,1980,495,1,0.0,安宁区
economical_county,1980,496,1,0.0,渝水区
economical_county,1980,497,2,1.0,"宝山区, 如东县"
economical_county,1980,498,1,0.0,浦江县
economical_county,1980,499,1,0.0,下城区
economical_county,1980,500,1,0.0,清原满族自治县
economical_county,1980,501,1,0.0,市南区
economical_county,1980,502,1,0.0,喀什市
economical_county,1980,503,2,1.0,"水磨沟区, 呼图壁县"
economical_county,1980,504,1,0.0,习水县
economical_county,1980,505,1,0.0,岐山县
economical_county,1980,506,1,0.0,秀屿区
economical_county,1980,507,1,0.0,吴中区
economical_county,1980,508,1,0.0,汾西县
economical_county,1980,509,1,0.0,迎泽区
economical_county,1980,510,1,0.0,清徐县
economical_county,1980,511,1,0.0,田家庵区
economical_county,1980,512,2,1.0,"杨浦区, 岱山县"
economical_county,1980,513,1,0.0,临武县
economical_county,1980,514,1,0.0,松阳县
economical_county,1980,515,1,0.0,霍山县
economical_county,1980,516,1,0.0,裕安区
economical_county,1980,517,1,0.0,湄潭县
economical_county,1980,518,1,0.0,景东彝族自治县
economical_county,1980,519,1,0.0,曲水县
economical_county,1980,520,1,0.0,城关区
economical_county,1980,521,1,0.0,洪山区
economical_county,1980,522,1,0.0,福田区
economical_county,1980,523,1,0.0,黄州区
economical_county,1980,524,1,0.0,密山市
economical_county,1980,525,1,0.0,湘东区
economical_county,1980,526,1,0.0,临河区
economical_county,1980,527,1,0.0,伍家岗区
economical_county,1980,528,1,0.0,庆云县
economical_county,1980,529,1,0.0,沙坡头区
economical_county,1980,530,1,0.0,紫阳县
economical_county,1980,531,1,0.0,同心县
economical_county,1980,532,1,0.0,彭阳县
economical_county,1980,533,1,0.0,新昌县
economical_county,1980,534,1,0.0,阳谷县
economical_county,1980,535,1,0.0,莲池区
economical_county,1980,536,1,0.0,北镇市
economical_county,1980,537,1,0.0,平山区
economical_county,1980,538,1,0.0,海原县
economical_county,1980,539,1,0.0,桐城市
economical_county,1980,540,1,0.0,迎江区
economical_county,1980,541,1,0.0,五常市
economical_county,1980,542,1,0.0,永济市
economical_county,1980,543,2,1.0,"兴庆区, 永宁县"
economical_county,1980,544,2,1.0,"松山区, 红山区"
economical_county,1980,545,1,0.0,龙江县
economical_county,1980,546,1,0.0,塔河县
economical_county,1980,547,1,0.0,喀喇沁左翼蒙古族自治县
economical_county,1980,548,1,0.0,苏家屯区
economical_county,1980,549,1,0.0,维西傈僳族自治县
economical_county,1980,550,1,0.0,凯里市
economical_county,1980,551,1,0.0,莘县
economical_county,1980,552,1,0.0,大兴区
economical_county,1980,553,1,0.0,綦江区
economical_county,1980,554,1,0.0,闽清县
economical_county,1980,555,1,0.0,沙县
economical_county,1980,556,1,0.0,禄劝彝族苗族自治县
economical_county,1980,557,1,0.0,梅河口市
economical_county,1980,558,1,0.0,泸西县
economical_county,1980,559,1,0.0,太子河区
economical_county,1980,560,1,0.0,察哈尔右翼后旗
economical_county,1980,561,1,0.0,洋县
economical_county,1980,562,1,0.0,昌吉市
economical_county,1980,563,1,0.0,博湖县
economical_county,1980,564,1,0.0,尼木县
economical_county,1980,565,1,0.0,红古区
economical_county,1980,566,1,0.0,寿阳县
economical_county,1980,567,1,0.0,澜沧拉祜族自治县
economical_county,1980,568,1,0.0,云县
economical_county,1980,569,1,0.0,正蓝旗
economical_county,1980,570,1,0.0,多伦县
economical_county,1980,571,1,0.0,城固县
economical_county,1980,572,1,0.0,椒江区
economical_county,1980,573,1,0.0,正镶白旗
economical_county,1980,574,1,0.0,锡林浩特市
economical_county,1980,575,1,0.0,孟津县
economical_county,1980,576,1,0.0,友好区
economical_county,1980,577,1,0.0,河曲县
economical_county,1980,578,1,0.0,五寨县
economical_county,1980,579,1,0.0,夷陵区
economical_county,1980,580,1,0.0,房山区
economical_county,1980,581,1,0.0,渝北区
economical_county,1980,582,1,0.0,秀山土家族苗族自治县
economical_county,1980,583,1,0.0,高安市
economical_county,1980,584,1,0.0,喀喇沁旗
economical_county,1980,585,1,0.0,和平区
economical_county,1980,586,1,0.0,宁洱哈尼族彝族自治县
economical_county,1980,587,1,0.0,原州区
economical_county,1980,588,1,0.0,和硕县
economical_county,1980,589,1,0.0,红寺堡区
economical_county,1980,590,1,0.0,龙凤区
economical_county,1980,591,1,0.0,南岗区
economical_county,1980,592,1,0.0,朝阳县
economical_county,1980,593,1,0.0,曹妃甸区
economical_county,1980,594,1,0.0,肥乡区
economical_county,1980,595,1,0.0,萨迦县
economical_county,1980,596,1,0.0,北流市
economical_county,1980,597,1,0.0,成县
economical_county,1980,598,1,0.0,文县
economical_county,1980,599,1,0.0,砚山县
economical_county,1980,600,1,0.0,资中县
economical_county,1980,601,1,0.0,远安县
economical_county,1980,602,1,0.0,正安县
economical_county,1980,603,1,0.0,漳浦县
economical_county,1980,604,1,0.0,仁寿县
economical_county,1980,605,1,0.0,雁江区
economical_county,1980,606,1,0.0,大荔县
economical_county,1980,607,1,0.0,高陵区
economical_county,1980,608,1,0.0,新都区
economical_county,1980,609,1,0.0,灵璧县
economical_county,1980,610,1,0.0,句容市
economical_county,1980,611,1,0.0,宝山区
economical_county,1980,612,1,0.0,衡阳县
economical_county,1980,613,1,0.0,五峰土家族自治县
economical_county,1980,614,1,0.0,建阳区
economical_county,1980,615,1,0.0,兴山县
economical_county,1980,616,1,0.0,三台县
economical_county,1980,617,1,0.0,灵寿县
economical_county,1980,618,1,0.0,新华区
economical_county,1980,619,1,0.0,南湖区
economical_county,1980,620,1,0.0,爱民区
economical_county,1980,621,1,0.0,积石山保安族东乡族撒拉族自治县
economical_county,1980,622,2,1.0,"乌兰县, 渭城区"
economical_county,1980,623,1,0.0,山亭区
economical_county,1980,624,1,0.0,大武口区
economical_county,1980,625,1,0.0,精河县
economical_county,1980,626,1,0.0,邳州市
economical_county,1980,627,1,0.0,浈江区
economical_county,1980,628,1,0.0,和平县
economical_county,1980,629,1,0.0,固阳县
economical_county,1980,630,1,0.0,梨树县
economical_county,1980,631,1,0.0,宁明县
economical_county,1980,632,1,0.0,高邮市
economical_county,1980,633,1,0.0,康平县
economical_county,1980,634,1,0.0,乌尔禾区
economical_county,1980,635,1,0.0,兴隆台区
economical_county,1980,636,1,0.0,杭锦旗
economical_county,1980,637,1,0.0,围场满族蒙古族自治县
economical_county,1980,638,1,0.0,薛城区
economical_county,1980,639,1,0.0,凉城县
economical_county,1980,640,1,0.0,赛罕区
economical_county,1980,641,1,0.0,东乡族自治县
economical_county,1980,642,1,0.0,都兰县
economical_county,1980,643,1,0.0,汪清县
economical_county,1980,644,1,0.0,汉源县
economical_county,1980,645,1,0.0,雨城区
economical_county,1980,646,1,0.0,江孜县
economical_county,1980,647,1,0.0,安图县
economical_county,1980,648,1,0.0,沁源县
economical_county,1980,649,2,1.0,"阿图什市, 乌恰县"
economical_county,1980,650,1,0.0,临江市
economical_county,1980,651,1,0.0,恩施市
economical_county,1980,652,1,0.0,原平市
economical_county,1980,653,1,0.0,定襄县
economical_county,1980,654,1,0.0,梁平区
economical_county,1980,655,2,1.0,"富平县, 沙依巴克区"
economical_county,1980,656,1,0.0,灞桥区
economical_county,1980,657,1,0.0,信宜市
economical_county,1980,658,1,0.0,花都区
economical_county,1980,659,1,0.0,临潼区
economical_county,1980,660,1,0.0,耿马傣族佤族自治县
economical_county,1980,661,1,0.0,鲁甸县
economical_county,1980,662,1,0.0,永善县
economical_county,1980,663,1,0.0,海宁市
economical_county,1980,664,1,0.0,忻府区
economical_county,1980,665,1,0.0,兴业县
economical_county,1980,666,1,0.0,番禺区
economical_county,1980,667,2,1.0,"门源回族自治县, 湟源县"
economical_county,1980,668,1,0.0,仙游县
economical_county,1980,669,1,0.0,石阡县
economical_county,1980,670,1,0.0,双江拉祜族佤族布朗族傣族自治县
economical_county,1980,671,1,0.0,准格尔旗
economical_county,1980,672,1,0.0,轮台县
economical_county,1980,673,1,0.0,团风县
economical_county,1980,674,2,1.0,"嘉荫县, 新青区"
economical_county,1980,675,1,0.0,温宿县
economical_county,1980,676,1,0.0,辉南县
economical_county,1980,677,1,0.0,定安县
economical_county,1980,678,1,0.0,琼中黎族苗族自治县
economical_county,1980,679,1,0.0,景泰县
economical_county,1980,680,1,0.0,紫云苗族布依族自治县
economical_county,1980,681,1,0.0,西秀区
economical_county,1980,682,1,0.0,赤城县
economical_county,1980,683,1,0.0,绥中县
economical_county,1980,684,1,0.0,山海关区
economical_county,1980,685,1,0.0,法库县
economical_county,1980,686,1,0.0,沈河区
economical_county,1980,687,1,0.0,宾县
economical_county,1980,688,1,0.0,河间市
economical_county,1980,689,1,0.0,来安县
economical_county,1980,690,1,0.0,琅琊区
economical_county,1980,691,1,0.0,金阳县
economical_county,1980,692,1,0.0,西昌市
economical_county,1980,693,1,0.0,封丘县
economical_county,1980,694,1,0.0,自流井区
economical_county,1980,695,1,0.0,行唐县
economical_county,1980,696,1,0.0,常熟市
economical_county,1980,697,1,0.0,临潭县
economical_county,1980,698,1,0.0,河南蒙古族自治县
economical_county,1980,699,1,0.0,武宣县
economical_county,1980,700,1,0.0,台儿庄区
economical_county,1980,701,1,0.0,铁东区
economical_county,1980,702,2,1.0,"临湘市, 顺德区"
economical_county,1980,703,1,0.0,安龙县
economical_county,1980,704,1,0.0,开阳县
economical_county,1980,705,1,0.0,二道区
economical_county,1980,706,1,0.0,姑苏区
economical_county,1980,707,1,0.0,酉阳土家族苗族自治县
economical_county,1980,708,1,0.0,绿春县
economical_county,1980,709,1,0.0,武清区
economical_county,1980,710,2,1.0,"湘潭县, 翁源县"
economical_county,1980,711,1,0.0,长沙县
economical_county,1980,712,1,0.0,淅川县
economical_county,1980,713,3,1.3333333333333333,"张湾区, 丹江口市, 大悟县"
economical_county,1980,714,1,0.0,涞源县
economical_county,1980,715,1,0.0,沿河土家族自治县
economical_county,1980,716,1,0.0,彝良县
economical_county,1980,717,1,0.0,电白区
economical_county,1980,718,1,0.0,郊区
economical_county,1980,719,1,0.0,柘荣县
economical_county,1980,720,1,0.0,福鼎市
economical_county,1980,721,1,0.0,莒县
economical_county,1980,722,1,0.0,三山区
economical_county,1980,723,1,0.0,繁昌县
economical_county,1980,724,1,0.0,丰润区
economical_county,1980,725,1,0.0,玉田县
economical_county,1980,726,1,0.0,舒兰市
economical_county,1980,727,2,1.0,"武胜县, 册亨县"
economical_county,1980,728,1,0.0,仁和区
economical_county,1980,729,1,0.0,开原市
economical_county,1980,730,1,0.0,静宁县
economical_county,1980,731,1,0.0,建平县
economical_county,1980,732,1,0.0,固安县
economical_county,1980,733,1,0.0,镇沅彝族哈尼族拉祜族自治县
economical_county,1980,734,1,0.0,东川区
economical_county,1980,735,1,0.0,崇信县
economical_county,1980,736,1,0.0,金川区
economical_county,1980,737,1,0.0,阳高县
economical_county,1980,738,1,0.0,镇原县
economical_county,1980,739,1,0.0,埇桥区
economical_county,1980,740,1,0.0,孟州市
economical_county,1980,741,1,0.0,滨海县
economical_county,1980,742,1,0.0,新津县
economical_county,1980,743,1,0.0,临洮县
economical_county,1980,744,1,0.0,进贤县
economical_county,1980,745,1,0.0,安义县
economical_county,1980,746,1,0.0,秀洲区
economical_county,1980,747,1,0.0,乌伊岭区
economical_county,1980,748,1,0.0,孟村回族自治县
economical_county,1980,749,2,1.0,"达川区, 古蔺县"
economical_county,1980,750,1,0.0,开化县
economical_county,1980,751,1,0.0,东阳市
economical_county,1980,752,1,0.0,娄烦县
economical_county,1980,753,1,0.0,新野县
economical_county,1980,754,1,0.0,乌什县
economical_county,1980,755,1,0.0,阳曲县
economical_county,1980,756,1,0.0,普陀区
economical_county,1980,757,1,0.0,庆安县
economical_county,1980,758,1,0.0,襄州区
economical_county,1980,759,1,0.0,樊城区
economical_county,1980,760,1,0.0,太仆寺旗
economical_county,1980,761,1,0.0,繁峙县
economical_county,1980,762,1,0.0,宜丰县
economical_county,1980,763,1,0.0,安阳县
economical_county,1980,764,1,0.0,殷都区
economical_county,1980,765,1,0.0,天山区
economical_county,1980,766,1,0.0,长宁县
economical_county,1980,767,1,0.0,沙湾县
economical_county,1980,768,1,0.0,尼勒克县
economical_county,1980,769,1,0.0,合水县
economical_county,1980,770,1,0.0,科尔沁右翼中旗
economical_county,1980,771,1,0.0,修文县
economical_county,1980,772,1,0.0,宾阳县
economical_county,1980,773,1,0.0,江南区
economical_county,1980,774,1,0.0,大安区
economical_county,1980,775,1,0.0,古交市
economical_county,1980,776,1,0.0,普定县
economical_county,1980,777,1,0.0,扬中市
economical_county,1980,778,1,0.0,延平区
economical_county,1980,779,2,1.0,"宁晋县, 长安区"
economical_county,1980,780,1,0.0,抚宁区
economical_county,1980,781,1,0.0,路北区
economical_county,1980,782,1,0.0,无极县
economical_county,1980,783,1,0.0,桥西区
economical_county,1980,784,1,0.0,涪城区
economical_county,1980,785,1,0.0,海盐县
economical_county,1980,786,1,0.0,汉滨区
economical_county,1980,787,1,0.0,平昌县
economical_county,1980,788,1,0.0,金沙县
economical_county,1980,789,1,0.0,大石桥市
economical_county,1980,790,1,0.0,伊春区
economical_county,1980,791,1,0.0,宜章县
economical_county,1980,792,1,0.0,宜阳县
economical_county,1980,793,1,0.0,西工区
economical_county,1980,794,1,0.0,雨花区
economical_county,1980,795,1,0.0,乌兰浩特市
economical_county,1980,796,1,0.0,乐东黎族自治县
economical_county,1980,797,1,0.0,大英县
economical_county,1980,798,1,0.0,铜梁区
economical_county,1980,799,1,0.0,大祥区
economical_county,1980,800,1,0.0,屏边苗族自治县
economical_county,1980,801,1,0.0,开远市
economical_county,1980,802,1,0.0,南芬区
economical_county,1980,803,1,0.0,浑南区
economical_county,1980,804,1,0.0,监利县
economical_county,1980,805,1,0.0,象州县
economical_county,1980,806,1,0.0,罗平县
economical_county,1980,807,1,0.0,红塔区
economical_county,1980,808,1,0.0,乐至县
economical_county,1980,809,1,0.0,三原县
economical_county,1980,810,1,0.0,原阳县
economical_county,1980,811,2,1.0,"管城回族区, 新密市"
economical_county,1980,812,1,0.0,延津县
economical_county,1980,813,1,0.0,卫滨区
economical_county,1980,814,1,0.0,洪洞县
economical_county,1980,815,1,0.0,古县
economical_county,1980,816,1,0.0,平罗县
economical_county,1980,817,1,0.0,宕昌县
economical_county,1980,818,1,0.0,海勃湾区
economical_county,1980,819,1,0.0,兴义市
economical_county,1980,820,1,0.0,枣阳市
economical_county,1980,821,1,0.0,庆城县
economical_county,1980,822,1,0.0,杏花岭区
economical_county,1980,823,1,0.0,当涂县
economical_county,1980,824,1,0.0,江宁区
economical_county,1980,825,1,0.0,右玉县
economical_county,1980,826,1,0.0,左云县
economical_county,1980,827,1,0.0,沿滩区
economical_county,1980,828,1,0.0,双柏县
economical_county,1980,829,1,0.0,保亭黎族苗族自治县
economical_county,1980,830,1,0.0,东安县
economical_county,1980,831,1,0.0,北关区
economical_county,1980,832,1,0.0,长顺县
economical_county,1980,833,1,0.0,宁海县
economical_county,1980,834,1,0.0,盘山县
economical_county,1980,835,1,0.0,呈贡区
economical_county,1980,836,1,0.0,正阳县
economical_county,1980,837,1,0.0,翠屏区
economical_county,1980,838,1,0.0,东区
economical_county,1980,839,1,0.0,庄浪县
economical_county,1980,840,1,0.0,双城区
economical_county,1980,841,1,0.0,扶沟县
economical_county,1980,842,1,0.0,樟树市
economical_county,1980,843,1,0.0,上栗县
economical_county,1980,844,1,0.0,博乐市
economical_county,1980,845,1,0.0,巩义市
economical_county,1980,846,1,0.0,麦盖提县
economical_county,1980,847,1,0.0,木兰县
economical_county,1980,848,1,0.0,道外区
economical_county,1980,849,1,0.0,龙山县
economical_county,1980,850,1,0.0,东平县
economical_county,1980,851,1,0.0,南开区
economical_county,1980,852,1,0.0,寿宁县
economical_county,1980,853,1,0.0,滦平县
economical_county,1980,854,1,0.0,拜城县
economical_county,1980,855,1,0.0,于都县
economical_county,1980,856,2,1.0,"天河区, 岑溪市"
economical_county,1980,857,1,0.0,渭源县
economical_county,1980,858,1,0.0,高昌区
economical_county,1980,859,1,0.0,镇安县
economical_county,1980,860,1,0.0,大通回族土族自治县
economical_county,1980,861,1,0.0,鄂托克旗
economical_county,1980,862,1,0.0,彰武县
economical_county,1980,863,1,0.0,盐都区
economical_county,1980,864,1,0.0,秭归县
economical_county,1980,865,1,0.0,霍城县
economical_county,1980,866,1,0.0,巩留县
economical_county,1980,867,1,0.0,襄汾县
economical_county,1980,868,1,0.0,南川区
economical_county,1980,869,1,0.0,灵丘县
economical_county,1980,870,1,0.0,泗阳县
economical_county,1980,871,1,0.0,若羌县
economical_county,1980,872,1,0.0,长阳土家族自治县
economical_county,1980,873,1,0.0,泽州县
economical_county,1980,874,1,0.0,广水市
economical_county,1980,875,1,0.0,鄂城区
economical_county,1980,876,1,0.0,立山区
economical_county,1980,877,1,0.0,东方市
economical_county,1980,878,1,0.0,美兰区
economical_county,1980,879,1,0.0,滨湖区
economical_county,1980,880,1,0.0,岳池县
economical_county,1980,881,1,0.0,玉门市
economical_county,1980,882,1,0.0,马关县
economical_county,1980,883,1,0.0,柘城县
economical_county,1980,884,1,0.0,旬邑县
economical_county,1980,885,1,0.0,秦都区
economical_county,1980,886,1,0.0,澧县
economical_county,1980,887,1,0.0,西区
economical_county,1980,888,1,0.0,旌阳区
economical_county,1980,889,1,0.0,孟连傣族拉祜族佤族自治县
economical_county,1980,890,1,0.0,桂平市
economical_county,1980,891,1,0.0,扶绥县
economical_county,1980,892,2,1.0,"天祝藏族自治县, 清水县"
economical_county,1980,893,1,0.0,肃北蒙古族自治县
economical_county,1980,894,1,0.0,龙州县
economical_county,1980,895,1,0.0,凭祥市
economical_county,1980,896,4,1.5,"柳北区, 平南县, 容县"
economical_county,1980,897,1,0.0,兰陵县
economical_county,1980,898,1,0.0,琼山区
economical_county,1980,899,1,0.0,南昌县
economical_county,1980,900,1,0.0,新建区
economical_county,1980,901,1,0.0,任县
economical_county,1980,902,1,0.0,北林区
economical_county,1980,903,1,0.0,尚志市
economical_county,1980,904,1,0.0,望城区
economical_county,1980,905,1,0.0,广安区
economical_county,1980,906,1,0.0,双流区
economical_county,1980,907,1,0.0,锦屏县
economical_county,1980,908,1,0.0,潢川县
economical_county,1980,909,1,0.0,平和县
economical_county,1980,910,1,0.0,奉贤区
economical_county,1980,911,1,0.0,华坪县
economical_county,1980,912,1,0.0,永吉县
economical_county,1980,913,1,0.0,绥滨县
economical_county,1980,914,1,0.0,安化县
economical_county,1980,915,1,0.0,三水区
economical_county,1980,916,1,0.0,沁水县
economical_county,1980,917,1,0.0,夏县
economical_county,1980,918,1,0.0,罗山县
economical_county,1980,919,1,0.0,河口瑶族自治县
economical_county,1980,920,1,0.0,未央区
economical_county,1980,921,1,0.0,四子王旗
economical_county,1980,922,1,0.0,东兴区
economical_county,1980,923,1,0.0,宁陕县
economical_county,1980,924,1,0.0,洞口县
economical_county,1980,925,1,0.0,惠阳区
economical_county,1980,926,1,0.0,扎兰屯市
economical_county,1980,927,1,0.0,西安区
economical_county,1980,928,1,0.0,濮阳县
economical_county,1980,929,1,0.0,观山湖区
economical_county,1980,930,1,0.0,福泉市
economical_county,1980,931,1,0.0,黄平县
economical_county,1980,932,1,0.0,垣曲县
economical_county,1980,933,1,0.0,邛崃市
economical_county,1980,934,1,0.0,威宁彝族回族苗族自治县
economical_county,1980,935,1,0.0,邱县
economical_county,1980,936,1,0.0,达日县
economical_county,1980,937,1,0.0,猇亭区
economical_county,1980,938,1,0.0,沙湾区
economical_county,1980,939,1,0.0,赞皇县
economical_county,1980,940,1,0.0,鹿泉区
economical_county,1980,941,1,0.0,金平苗族瑶族傣族自治县
economical_county,1980,942,1,0.0,红河县
economical_county,1980,943,1,0.0,元阳县
economical_county,1980,944,1,0.0,月湖区
economical_county,1980,945,1,0.0,涡阳县
economical_county,1980,946,1,0.0,通渭县
economical_county,1980,947,1,0.0,七里河区
economical_county,1980,948,1,0.0,府谷县
economical_county,1980,949,1,0.0,凤县
economical_county,1980,950,1,0.0,新城区
economical_county,1980,951,1,0.0,绥宁县
economical_county,1980,952,1,0.0,清丰县
economical_county,1980,953,1,0.0,高密市
economical_county,1980,954,2,1.0,"太和县, 明光市"
economical_county,1980,955,1,0.0,茶陵县
economical_county,1980,956,1,0.0,双清区
economical_county,1980,957,1,0.0,泸县
economical_county,1980,958,1,0.0,英吉沙县
economical_county,1980,959,1,0.0,岚山区
economical_county,1980,960,1,0.0,松桃苗族自治县
economical_county,1980,961,2,1.0,"南海区, 荔湾区"
economical_county,1980,962,1,0.0,赫山区
economical_county,1980,963,1,0.0,临高县
economical_county,1980,964,1,0.0,农安县
economical_county,1980,965,1,0.0,虹口区
economical_county,1980,966,1,0.0,晋安区
economical_county,1980,967,1,0.0,玉州区
economical_county,1980,968,1,0.0,科尔沁左翼后旗
economical_county,1980,969,1,0.0,前郭尔罗斯蒙古族自治县
economical_county,1980,970,1,0.0,调兵山市
economical_county,1980,971,1,0.0,安泽县
economical_county,1980,972,1,0.0,山阴县
economical_county,1980,973,1,0.0,左权县
economical_county,1980,974,1,0.0,泰来县
economical_county,1980,975,1,0.0,金凤区
economical_county,1980,976,1,0.0,漳县
economical_county,1980,977,1,0.0,瀍河回族区
economical_county,1980,978,1,0.0,义马市
economical_county,1980,979,1,0.0,大邑县
economical_county,1980,980,1,0.0,青羊区
economical_county,1980,981,1,0.0,瑶海区
economical_county,1980,982,1,0.0,阳春市
economical_county,1980,983,1,0.0,开平市
economical_county,1980,984,1,0.0,土默特右旗
economical_county,1980,985,1,0.0,中原区
economical_county,1980,986,1,0.0,宁武县
economical_county,1980,987,1,0.0,五大连池市
economical_county,1980,988,1,0.0,皇姑区
economical_county,1980,989,1,0.0,城口县
economical_county,1980,990,1,0.0,张家港市
economical_county,1980,991,1,0.0,肃南裕固族自治县
economical_county,1980,992,1,0.0,甘州区
economical_county,1980,993,1,0.0,红谷滩区
economical_county,1980,994,1,0.0,隆回县
economical_county,1980,995,1,0.0,江源区
economical_county,1980,996,1,0.0,代县
economical_county,1980,997,1,0.0,永靖县
economical_county,1980,998,1,0.0,岫岩满族自治县
economical_county,1980,999,1,0.0,大姚县
economical_county,1980,1000,1,0.0,新绛县
economical_county,1980,1001,1,0.0,肃州区
economical_county,1980,1002,1,0.0,任城区
economical_county,1980,1003,1,0.0,平阴县
economical_county,1980,1004,1,0.0,牙克石市
economical_county,1980,1005,1,0.0,海港区
economical_county,1980,1006,1,0.0,岭东区
economical_county,1980,1007,1,0.0,赵县
economical_county,1980,1008,1,0.0,栾城区
economical_county,1980,1009,1,0.0,大城县
economical_county,1980,1010,1,0.0,洮北区
economical_county,1980,1011,1,0.0,甘谷县
economical_county,1980,1012,1,0.0,疏附县
economical_county,1980,1013,1,0.0,江都区
economical_county,1980,1014,1,0.0,锦江区
economical_county,1980,1015,1,0.0,鸡东县
economical_county,1980,1016,1,0.0,临颍县
economical_county,1980,1017,1,0.0,泌阳县
economical_county,1980,1018,1,0.0,沙雅县
economical_county,1980,1019,1,0.0,五莲县
economical_county,1980,1020,1,0.0,黄骅市
economical_county,1980,1021,1,0.0,新华区
economical_county,1980,1022,1,0.0,桦南县
economical_county,1980,1023,1,0.0,东港市
economical_county,1980,1024,1,0.0,宿豫区
economical_county,1980,1025,1,0.0,鼓楼区
economical_county,1980,1026,1,0.0,越城区
economical_county,1980,1027,1,0.0,河口区
economical_county,1980,1028,1,0.0,罗定市
economical_county,1980,1029,1,0.0,斗门区
economical_county,1980,1030,1,0.0,泾源县
economical_county,1980,1031,1,0.0,泾阳县
economical_county,1980,1032,1,0.0,阳信县
economical_county,1980,1033,1,0.0,梁山县
economical_county,1980,1034,1,0.0,李沧区
economical_county,1980,1035,1,0.0,磁县
economical_county,1980,1036,1,0.0,温县
economical_county,1980,1037,1,0.0,文峰区
economical_county,1980,1038,2,1.0,"灵石县, 泉山区"
economical_county,1980,1039,1,0.0,饶平县
economical_county,1980,1040,1,0.0,永城市
economical_county,1980,1041,1,0.0,金城江区
economical_county,1980,1042,1,0.0,文昌市
economical_county,1980,1043,1,0.0,宽甸满族自治县
economical_county,1980,1044,1,0.0,老边区
economical_county,1980,1045,1,0.0,旅顺口区
economical_county,1980,1046,1,0.0,林口县
economical_county,1980,1047,1,0.0,江阴市
economical_county,1980,1048,1,0.0,汉台区
economical_county,1980,1049,1,0.0,通江县
economical_county,1980,1050,1,0.0,绛县
economical_county,1980,1051,1,0.0,鹤庆县
economical_county,1980,1052,1,0.0,长子县
economical_county,1980,1053,1,0.0,东坡区
economical_county,1980,1054,1,0.0,吴桥县
economical_county,1980,1055,1,0.0,共和县
economical_county,1980,1056,1,0.0,同德县
economical_county,1980,1057,1,0.0,含山县
economical_county,1980,1058,1,0.0,开平区
economical_county,1980,1059,1,0.0,宝坻区
economical_county,1980,1060,1,0.0,弋江区
economical_county,1980,1061,1,0.0,洞头区
economical_county,1980,1062,1,0.0,龙川县
economical_county,1980,1063,1,0.0,荷塘区
economical_county,1980,1064,1,0.0,长武县
economical_county,1980,1065,1,0.0,昌黎县
economical_county,1980,1066,1,0.0,义县
economical_county,1980,1067,1,0.0,滦南县
economical_county,1980,1068,1,0.0,勃利县
economical_county,1980,1069,1,0.0,茄子河区
economical_county,1980,1070,1,0.0,淮安区
economical_county,1980,1071,1,0.0,沭阳县
economical_county,1980,1072,1,0.0,独山县
economical_county,1980,1073,1,0.0,慈溪市
economical_county,1980,1074,1,0.0,承德县
economical_county,1980,1075,1,0.0,良庆区
economical_county,1980,1076,1,0.0,柯桥区
economical_county,1980,1077,1,0.0,巨鹿县
economical_county,1980,1078,1,0.0,碑林区
economical_county,1980,1079,1,0.0,苍梧县
economical_county,1980,1080,1,0.0,商水县
economical_county,1980,1081,1,0.0,沈丘县
economical_county,1980,1082,1,0.0,卫东区
economical_county,1980,1083,1,0.0,礼泉县
economical_county,1980,1084,1,0.0,西湖区
economical_county,1980,1085,1,0.0,吉安县
economical_county,1980,1086,1,0.0,云溪区
economical_county,1980,1087,1,0.0,黄埔区
economical_county,1980,1088,1,0.0,桑珠孜区
economical_county,1980,1089,1,0.0,定日县
economical_county,1980,1090,1,0.0,伽师县
economical_county,1980,1091,1,0.0,江油市
economical_county,1980,1092,1,0.0,藁城区
economical_county,1980,1093,1,0.0,兰西县
economical_county,1980,1094,2,1.0,"新化县, 冷水江市"
economical_county,1980,1095,1,0.0,龙湖区
economical_county,1980,1096,1,0.0,凤城市
economical_county,1980,1097,1,0.0,墨竹工卡县
economical_county,1980,1098,1,0.0,道县
economical_county,1980,1099,1,0.0,崖州区
economical_county,1980,1100,1,0.0,雨湖区
economical_county,1980,1101,1,0.0,西山区
economical_county,1980,1102,1,0.0,禄丰县
economical_county,1980,1103,1,0.0,淮阴区
economical_county,1980,1104,1,0.0,尉氏县
economical_county,1980,1105,1,0.0,和县
economical_county,1980,1106,1,0.0,牡丹区
economical_county,1980,1107,1,0.0,古城区
economical_county,1980,1108,1,0.0,利辛县
economical_county,1980,1109,1,0.0,巨野县
economical_county,1980,1110,1,0.0,荆州区
economical_county,1980,1111,1,0.0,灵台县
economical_county,1980,1112,1,0.0,钟祥市
economical_county,1980,1113,1,0.0,博白县
economical_county,1980,1114,1,0.0,福绵区
economical_county,1980,1115,1,0.0,浔阳区
economical_county,1980,1116,1,0.0,扎赉特旗
economical_county,1980,1117,1,0.0,芦山县
economical_county,1980,1118,1,0.0,邕宁区
economical_county,1980,1119,1,0.0,隆阳区
economical_county,1980,1120,1,0.0,瑞丽市
economical_county,1980,1121,1,0.0,偏关县
economical_county,1980,1122,1,0.0,岚皋县
economical_county,1980,1123,1,0.0,澄海区
economical_county,1980,1124,1,0.0,抚松县
economical_county,1980,1125,1,0.0,宣汉县
economical_county,1980,1126,1,0.0,霍邱县
economical_county,1980,1127,1,0.0,德清县
economical_county,1980,1128,1,0.0,榆中县
economical_county,1980,1129,1,0.0,高阳县
economical_county,1980,1130,1,0.0,任丘市
economical_county,1980,1131,1,0.0,莱州市
economical_county,1980,1132,1,0.0,梅列区
economical_county,1980,1133,1,0.0,越秀区
economical_county,1980,1134,1,0.0,礼县
economical_county,1980,1135,1,0.0,麦积区
economical_county,1980,1136,1,0.0,宜都市
economical_county,1980,1137,1,0.0,富川瑶族自治县
economical_county,1980,1138,1,0.0,八步区
economical_county,1980,1139,1,0.0,西固区
economical_county,1980,1140,1,0.0,疏勒县
economical_county,1980,1141,1,0.0,五原县
economical_county,1980,1142,1,0.0,突泉县
economical_county,1980,1143,1,0.0,巴楚县
economical_county,1980,1144,1,0.0,余干县
economical_county,1980,1145,1,0.0,大竹县
economical_county,1980,1146,1,0.0,化德县
economical_county,1980,1147,1,0.0,二连浩特市
economical_county,1980,1148,1,0.0,宜良县
economical_county,1980,1149,1,0.0,嵩县
economical_county,1980,1150,2,1.0,"兴化市, 东湖区"
economical_county,1980,1151,1,0.0,襄城县
economical_county,1980,1152,1,0.0,连山区
economical_county,1980,1153,1,0.0,东辽县
economical_county,1980,1154,1,0.0,南召县
economical_county,1980,1155,1,0.0,卧龙区
economical_county,1980,1156,1,0.0,瓯海区
economical_county,1980,1157,1,0.0,奇台县
economical_county,1980,1158,1,0.0,沈北新区
economical_county,1980,1159,1,0.0,昌江黎族自治县
economical_county,1980,1160,1,0.0,新田县
economical_county,1980,1161,1,0.0,全南县
economical_county,1980,1162,1,0.0,新乐市
economical_county,1980,1163,1,0.0,正定县
economical_county,1980,1164,1,0.0,竹溪县
economical_county,1980,1165,1,0.0,昌邑市
economical_county,1980,1166,1,0.0,泗洪县
economical_county,1980,1167,1,0.0,华蓥市
economical_county,1980,1168,1,0.0,浏阳市
economical_county,1980,1169,1,0.0,王益区
economical_county,1980,1170,1,0.0,汤原县
economical_county,1980,1171,1,0.0,青云谱区
economical_county,1980,1172,1,0.0,合山市
economical_county,1980,1173,1,0.0,武定县
economical_county,1980,1174,1,0.0,祁县
economical_county,1980,1175,1,0.0,隆尧县
economical_county,1980,1176,1,0.0,东昌区
economical_county,1980,1177,1,0.0,石首市
economical_county,1980,1178,1,0.0,黄梅县
economical_county,1980,1179,1,0.0,海棠区
economical_county,1980,1180,1,0.0,东源县
economical_county,1980,1181,1,0.0,闽侯县
economical_county,1980,1182,1,0.0,巴东县
economical_county,1980,1183,2,1.0,"开鲁县, 昌图县"
economical_county,1980,1184,1,0.0,屏山县
economical_county,1980,1185,1,0.0,和政县
economical_county,1980,1186,1,0.0,张家川回族自治县
economical_county,1980,1187,1,0.0,卫辉市
economical_county,1980,1188,1,0.0,睢阳区
economical_county,1980,1189,1,0.0,全椒县
economical_county,1980,1190,1,0.0,三江侗族自治县
economical_county,1980,1191,1,0.0,岳普湖县
economical_county,1980,1192,1,0.0,华龙区
economical_county,1980,1193,1,0.0,灵山县
economical_county,1980,1194,1,0.0,金台区
economical_county,1980,1195,1,0.0,抚顺县
economical_county,1980,1196,1,0.0,灯塔市
economical_county,1980,1197,1,0.0,刚察县
economical_county,1980,1198,1,0.0,白玉县
economical_county,1980,1199,1,0.0,上思县
economical_county,1980,1200,1,0.0,霞山区
economical_county,1980,1201,1,0.0,五通桥区
economical_county,1980,1202,1,0.0,丰满区
economical_county,1980,1203,1,0.0,元宝区
economical_county,1980,1204,1,0.0,南江县
economical_county,1980,1205,1,0.0,伊宁县
economical_county,1980,1206,1,0.0,溪湖区
economical_county,1980,1207,2,1.0,"双峰县, 天心区"
economical_county,1980,1208,1,0.0,从化区
economical_county,1980,1209,1,0.0,城区
economical_county,1980,1210,1,0.0,洛宁县
economical_county,1980,1211,1,0.0,阿拉善左旗
economical_county,1980,1212,1,0.0,平桥区
economical_county,1980,1213,1,0.0,硚口区
economical_county,1980,1214,1,0.0,易县
economical_county,1980,1215,1,0.0,蕉城区
economical_county,1980,1216,2,1.0,"仓山区, 北仑区"
economical_county,1980,1217,1,0.0,城北区
economical_county,1980,1218,1,0.0,新县
economical_county,1980,1219,1,0.0,淳安县
economical_county,1980,1220,1,0.0,郯城县
economical_county,1980,1221,1,0.0,永春县
economical_county,1980,1222,1,0.0,桥西区
economical_county,1980,1223,1,0.0,富裕县
economical_county,1980,1224,1,0.0,建华区
economical_county,1980,1225,1,0.0,道真仡佬族苗族自治县
economical_county,1980,1226,1,0.0,如皋市
economical_county,1980,1227,1,0.0,静乐县
economical_county,1980,1228,1,0.0,建昌县
economical_county,1980,1229,1,0.0,南沙区
economical_county,1980,1230,1,0.0,遂溪县
economical_county,1980,1231,1,0.0,江口县
economical_county,1980,1232,1,0.0,湖里区
economical_county,1980,1233,1,0.0,武乡县
economical_county,1980,1234,1,0.0,施甸县
economical_county,1980,1235,1,0.0,芒市
economical_county,1980,1236,1,0.0,安平县
economical_county,1980,1237,1,0.0,平度市
economical_county,1980,1238,1,0.0,龙陵县
economical_county,1980,1239,1,0.0,广南县
economical_county,1980,1240,1,0.0,覃塘区
economical_county,1980,1241,1,0.0,合江县
economical_county,1980,1242,1,0.0,盐湖区
economical_county,1980,1243,1,0.0,青白江区
economical_county,1980,1244,1,0.0,应县
economical_county,1980,1245,1,0.0,长岭县
economical_county,1980,1246,1,0.0,阿鲁科尔沁旗
economical_county,1980,1247,1,0.0,井研县
economical_county,1980,1248,1,0.0,市中区
economical_county,1980,1249,1,0.0,建水县
economical_county,1980,1250,1,0.0,科尔沁左翼中旗
economical_county,1980,1251,1,0.0,察布查尔锡伯自治县
economical_county,1980,1252,1,0.0,饶河县
economical_county,1980,1253,1,0.0,都匀市
economical_county,1980,1254,1,0.0,襄城区
economical_county,1980,1255,2,1.0,"黄岩区, 凤凰县"
economical_county,1980,1256,1,0.0,砀山县
economical_county,1980,1257,1,0.0,江汉区
economical_county,1980,1258,1,0.0,色达县
economical_county,1980,1259,1,0.0,新罗区
economical_county,1980,1260,1,0.0,西丰县
economical_county,1980,1261,1,0.0,理塘县
economical_county,1980,1262,1,0.0,即墨区
economical_county,1980,1263,1,0.0,肇源县
economical_county,1980,1264,1,0.0,绥棱县
economical_county,1980,1265,1,0.0,宁津县
economical_county,1980,1266,2,1.0,"西城区, 张北县"
economical_county,1980,1267,1,0.0,永兴县
economical_county,1980,1268,1,0.0,郊区
economical_county,1980,1269,1,0.0,彭泽县
economical_county,1980,1270,1,0.0,交口县
economical_county,1980,1271,1,0.0,石林彝族自治县
economical_county,1980,1272,1,0.0,鹿寨县
economical_county,1980,1273,1,0.0,天镇县
economical_county,1980,1274,1,0.0,东台市
economical_county,1980,1275,1,0.0,铁山区
economical_county,1980,1276,3,1.3333333333333333,"临海市, 西湖区, 建德市"
economical_county,1980,1277,1,0.0,解放区
economical_county,1980,1278,1,0.0,尖草坪区
economical_county,1980,1279,1,0.0,平川区
economical_county,1980,1280,1,0.0,绥阳县
economical_county,1980,1281,1,0.0,皮山县
economical_county,1980,1282,1,0.0,连云区
economical_county,1980,1283,1,0.0,界首市
economical_county,1980,1284,1,0.0,叙永县
economical_county,1980,1285,1,0.0,策勒县
economical_county,1980,1286,1,0.0,泰兴市
economical_county,1980,1287,1,0.0,江陵县
economical_county,1980,1288,1,0.0,赫章县
economical_county,1980,1289,1,0.0,社旗县
economical_county,1980,1290,1,0.0,文安县
economical_county,1980,1291,1,0.0,荣县
economical_county,1980,1292,1,0.0,兴宾区
economical_county,1980,1293,1,0.0,庄河市
economical_county,1980,1294,1,0.0,阜平县
economical_county,1980,1295,1,0.0,濉溪县
economical_county,1980,1296,1,0.0,辛集市
economical_county,1980,1297,2,1.0,"宁都县, 桃江县"
economical_county,1980,1298,1,0.0,七星区
economical_county,1980,1299,1,0.0,沧源佤族自治县
economical_county,1980,1300,1,0.0,丛台区
economical_county,1980,1301,1,0.0,汝南县
economical_county,1980,1302,1,0.0,大观区
economical_county,1980,1303,1,0.0,永丰县
economical_county,1980,1304,1,0.0,大宁县
economical_county,1980,1305,1,0.0,汤阴县
economical_county,1980,1306,1,0.0,贡井区
economical_county,1980,1307,1,0.0,睢宁县
economical_county,1980,1308,1,0.0,南谯区
economical_county,1980,1309,1,0.0,根河市
economical_county,1980,1310,1,0.0,江阳区
economical_county,1980,1311,1,0.0,新华区
economical_county,1980,1312,1,0.0,项城市
economical_county,1980,1313,1,0.0,桐乡市
economical_county,1980,1314,1,0.0,通山县
economical_county,1980,1315,1,0.0,宛城区
economical_county,1980,1316,1,0.0,鲁山县
economical_county,1980,1317,1,0.0,南丹县
economical_county,1980,1318,1,0.0,贡山独龙族怒族自治县
economical_county,1980,1319,1,0.0,萧县
economical_county,1980,1320,1,0.0,鼓楼区
economical_county,1980,1321,1,0.0,北票市
economical_county,1980,1322,1,0.0,临清市
economical_county,1980,1323,1,0.0,市中区
economical_county,1980,1324,1,0.0,应城市
economical_county,1980,1325,1,0.0,阜康市
economical_county,1980,1326,1,0.0,双桥区
economical_county,1980,1327,1,0.0,长海县
economical_county,1980,1328,1,0.0,夏津县
economical_county,1980,1329,1,0.0,沐川县
economical_county,1980,1330,1,0.0,剑河县
economical_county,1980,1331,1,0.0,卢氏县
economical_county,1980,1332,1,0.0,灵宝市
economical_county,1980,1333,1,0.0,清河区
economical_county,1980,1334,1,0.0,当阳市
economical_county,1980,1335,1,0.0,花溪区
economical_county,1980,1336,1,0.0,余庆县
economical_county,1980,1337,1,0.0,莫力达瓦达斡尔族自治旗
economical_county,1980,1338,1,0.0,攸县
economical_county,1980,1339,1,0.0,石峰区
economical_county,1980,1340,1,0.0,桥东区
economical_county,1980,1341,1,0.0,武安市
economical_county,1980,1342,1,0.0,寻乌县
economical_county,1980,1343,1,0.0,利州区
economical_county,1980,1344,1,0.0,新安县
economical_county,1980,1345,1,0.0,安吉县
economical_county,1980,1346,1,0.0,西盟佤族自治县
economical_county,1980,1347,1,0.0,铅山县
economical_county,1980,1348,1,0.0,兴县
economical_county,1980,1349,1,0.0,诸暨市
economical_county,1980,1350,1,0.0,额尔古纳市
economical_county,1980,1351,1,0.0,镇宁布依族苗族自治县
economical_county,1980,1352,1,0.0,交城县
economical_county,1980,1353,1,0.0,龙华区
economical_county,1980,1354,1,0.0,宝丰县
economical_county,1980,1355,1,0.0,息烽县
economical_county,1980,1356,1,0.0,白云区
economical_county,1980,1357,1,0.0,江岸区
economical_county,1980,1358,1,0.0,阳原县
economical_county,1980,1359,2,1.0,"浠水县, 阳新县"
economical_county,1980,1360,1,0.0,河北区
economical_county,1980,1361,1,0.0,莎车县
economical_county,1980,1362,1,0.0,安定区
economical_county,1980,1363,1,0.0,威信县
economical_county,1980,1364,1,0.0,荔城区
economical_county,1980,1365,1,0.0,莲都区
economical_county,1980,1366,1,0.0,沙市区
economical_county,1980,1367,1,0.0,延寿县
economical_county,1980,1368,1,0.0,仪陇县
economical_county,1980,1369,1,0.0,常宁市
economical_county,1980,1370,1,0.0,安次区
economical_county,1980,1371,1,0.0,巴州区
economical_county,1980,1372,1,0.0,德令哈市
economical_county,1980,1373,1,0.0,大余县
economical_county,1980,1374,1,0.0,方城县
economical_county,1980,1375,1,0.0,简阳市
economical_county,1980,1376,1,0.0,穆棱市
economical_county,1980,1377,1,0.0,栖霞区
economical_county,1980,1378,1,0.0,鄂托克前旗
economical_county,1980,1379,1,0.0,通榆县
economical_county,1980,1380,1,0.0,华阴市
economical_county,1980,1381,1,0.0,肥西县
economical_county,1980,1382,1,0.0,安国市
economical_county,1980,1383,1,0.0,瓜州县
economical_county,1980,1384,1,0.0,敦煌市
economical_county,1980,1385,1,0.0,芮城县
economical_county,1980,1386,1,0.0,公安县
economical_county,1980,1387,1,0.0,无棣县
economical_county,1980,1388,1,0.0,滨城区
economical_county,1980,1389,1,0.0,方正县
economical_county,1980,1390,1,0.0,沙河口区
economical_county,1980,1391,1,0.0,宜君县
economical_county,1980,1392,1,0.0,高邑县
economical_county,1980,1393,1,0.0,台山市
economical_county,1980,1394,1,0.0,播州区
economical_county,1980,1395,1,0.0,彭州市
economical_county,1980,1396,1,0.0,城阳区
economical_county,1980,1397,1,0.0,贾汪区
economical_county,1980,1398,1,0.0,宝应县
economical_county,1980,1399,1,0.0,济源市
economical_county,1980,1400,1,0.0,高碑店市
economical_county,1980,1401,1,0.0,龙里县
economical_county,1980,1402,1,0.0,仪征市
economical_county,1980,1403,1,0.0,浦口区
economical_county,1980,1404,1,0.0,资溪县
economical_county,1980,1405,1,0.0,滑县
economical_county,1980,1406,1,0.0,岳阳县
economical_county,1980,1407,1,0.0,岳阳楼区
economical_county,1980,1408,1,0.0,广灵县
economical_county,1980,1409,1,0.0,沙河市
economical_county,1980,1410,1,0.0,婺城区
economical_county,1980,1411,1,0.0,郁南县
economical_county,1980,1412,1,0.0,民权县
economical_county,1980,1413,1,0.0,惠山区
economical_county,1980,1414,1,0.0,淮滨县
economical_county,1980,1415,1,0.0,汉南区
economical_county,1980,1416,1,0.0,钦北区
economical_county,1980,1417,1,0.0,西乡县
economical_county,1980,1418,1,0.0,云和县
economical_county,1980,1419,1,0.0,惠安县
economical_county,1980,1420,1,0.0,虞城县
economical_county,1980,1421,1,0.0,修武县
economical_county,1980,1422,1,0.0,临泽县
economical_county,1980,1423,1,0.0,陵水黎族自治县
economical_county,1980,1424,1,0.0,平山县
economical_county,1980,1425,1,0.0,涞水县
economical_county,1980,1426,2,1.0,"清河县, 桥西区"
economical_county,1980,1427,1,0.0,牟定县
economical_county,1980,1428,1,0.0,海城区
economical_county,1980,1429,1,0.0,宾川县
economical_county,1980,1430,1,0.0,汉阴县
economical_county,1980,1431,1,0.0,宁县
economical_county,1980,1432,1,0.0,舒城县
economical_county,1980,1433,1,0.0,庐阳区
economical_county,1980,1434,1,0.0,嘉鱼县
economical_county,1980,1435,1,0.0,吉县
economical_county,1980,1436,1,0.0,中牟县
economical_county,1980,1437,1,0.0,顺昌县
economical_county,1980,1438,1,0.0,鄂伦春自治旗
economical_county,1980,1439,1,0.0,大化瑶族自治县
economical_county,1980,1440,1,0.0,邢台县
economical_county,1980,1441,1,0.0,印江土家族苗族自治县
economical_county,1980,1442,1,0.0,临漳县
economical_county,1980,1443,1,0.0,兴平市
economical_county,1980,1444,1,0.0,靖宇县
economical_county,1980,1445,1,0.0,芜湖县
economical_county,1980,1446,1,0.0,镜湖区
economical_county,1980,1447,1,0.0,登封市
economical_county,1980,1448,1,0.0,溆浦县
economical_county,1980,1449,1,0.0,鸡冠区
economical_county,1980,1450,1,0.0,丰南区
economical_county,1980,1451,1,0.0,北安市
economical_county,1980,1452,1,0.0,苍南县
economical_county,1980,1453,1,0.0,仙居县
economical_county,1980,1454,1,0.0,来凤县
economical_county,1980,1455,1,0.0,浑江区
economical_county,1980,1456,1,0.0,温泉县
economical_county,1980,1457,1,0.0,贵池区
economical_county,1980,1458,1,0.0,怀来县
economical_county,1980,1459,1,0.0,辉县市
economical_county,1980,1460,1,0.0,天桥区
economical_county,1980,1461,1,0.0,周至县
economical_county,1980,1462,1,0.0,昭阳区
economical_county,1980,1463,1,0.0,东兴市
economical_county,1980,1464,1,0.0,惠来县
economical_county,1980,1465,1,0.0,安陆市
economical_county,1980,1466,1,0.0,洪江市
economical_county,1980,1467,1,0.0,鹤城区
economical_county,1980,1468,1,0.0,旬阳县
economical_county,1980,1469,1,0.0,千山区
economical_county,1980,1470,1,0.0,元氏县
economical_county,1980,1471,1,0.0,丹凤县
economical_county,1980,1472,1,0.0,韩城市
economical_county,1980,1473,1,0.0,宁安市
economical_county,1980,1474,1,0.0,廉江市
economical_county,1980,1475,1,0.0,昂仁县
economical_county,1980,1476,1,0.0,修水县
economical_county,1980,1477,1,0.0,临泉县
economical_county,1980,1478,1,0.0,竹山县
economical_county,1980,1479,1,0.0,筠连县
economical_county,1980,1480,1,0.0,广宁县
economical_county,1980,1481,1,0.0,滕州市
economical_county,1980,1482,1,0.0,临翔区
economical_county,1980,1483,1,0.0,陵川县
economical_county,1980,1484,1,0.0,江永县
economical_county,1980,1485,1,0.0,范县
economical_county,1980,1486,1,0.0,东山区
economical_county,1980,1487,1,0.0,滴道区
economical_county,1980,1488,1,0.0,高坪区
economical_county,1980,1489,1,0.0,晋州市
economical_county,1980,1490,1,0.0,香洲区
economical_county,1980,1491,1,0.0,梁园区
economical_county,1980,1492,1,0.0,金堂县
economical_county,1980,1493,1,0.0,会理县
economical_county,1980,1494,1,0.0,崇州市
economical_county,1980,1495,1,0.0,新泰市
economical_county,1980,1496,1,0.0,郧西县
economical_county,1980,1497,1,0.0,云霄县
economical_county,1980,1498,1,0.0,台江区
economical_county,1980,1499,1,0.0,屯溪区
economical_county,1980,1500,1,0.0,铁山港区
economical_county,1980,1501,1,0.0,五华县
economical_county,1980,1502,1,0.0,景宁畲族自治县
economical_county,1980,1503,1,0.0,秦州区
economical_county,1980,1504,1,0.0,博爱县
economical_county,1980,1505,1,0.0,禹州市
economical_county,1980,1506,1,0.0,涧西区
economical_county,1980,1507,1,0.0,防城区
economical_county,1980,1508,1,0.0,吴川市
economical_county,1980,1509,1,0.0,洪湖市
economical_county,1980,1510,1,0.0,集安市
economical_county,1980,1511,1,0.0,曲阜市
economical_county,1980,1512,1,0.0,邹城市
economical_county,1980,1513,1,0.0,市中区
economical_county,1980,1514,1,0.0,通道侗族自治县
economical_county,1980,1515,1,0.0,乳源瑶族自治县
economical_county,1980,1516,1,0.0,夹江县
economical_county,1980,1517,1,0.0,西畴县
economical_county,1980,1518,1,0.0,元江哈尼族彝族傣族自治县
economical_county,1980,1519,1,0.0,蔡甸区
economical_county,1980,1520,1,0.0,关岭布依族苗族自治县
economical_county,1980,1521,1,0.0,德保县
economical_county,1980,1522,1,0.0,右江区
economical_county,1980,1523,1,0.0,广河县
economical_county,1980,1524,1,0.0,安乡县
economical_county,1980,1525,1,0.0,武陵区
economical_county,1980,1526,1,0.0,涪陵区
economical_county,1980,1527,1,0.0,祥云县
economical_county,1980,1528,1,0.0,宁城县
economical_county,1980,1529,1,0.0,石狮市
economical_county,1980,1530,1,0.0,高台县
economical_county,1980,1531,1,0.0,耀州区
economical_county,1980,1532,1,0.0,阳山县
economical_county,1980,1533,1,0.0,巍山彝族回族自治县
economical_county,1980,1534,1,0.0,蕲春县
economical_county,1980,1535,1,0.0,昌邑区
economical_county,1980,1536,1,0.0,富宁县
economical_county,1980,1537,1,0.0,明山区
economical_county,1980,1538,1,0.0,康乐县
economical_county,1980,1539,1,0.0,新干县
economical_county,1980,1540,1,0.0,定远县
economical_county,1980,1541,1,0.0,铁力市
economical_county,1980,1542,1,0.0,桦甸市
economical_county,1980,1543,1,0.0,林甸县
economical_county,1980,1544,1,0.0,敖汉旗
economical_county,1980,1545,1,0.0,古塔区
economical_county,1980,1546,1,0.0,怀集县
economical_county,1980,1547,1,0.0,尖山区
economical_county,1980,1548,1,0.0,蒙阴县
economical_county,1980,1549,1,0.0,兰山区
economical_county,1980,1550,1,0.0,荥阳市
economical_county,1980,1551,1,0.0,陆良县
economical_county,1980,1552,1,0.0,藤县
economical_county,1980,1553,1,0.0,莒南县
economical_county,1980,1554,1,0.0,凉州区
economical_county,1980,1555,1,0.0,南岔区
economical_county,1980,1556,1,0.0,凌海市
economical_county,1980,1557,1,0.0,麻栗坡县
economical_county,1980,1558,1,0.0,洮南市
economical_county,1980,1559,1,0.0,宿松县
economical_county,1980,1560,1,0.0,安远县
economical_county,1980,1561,1,0.0,榕城区
economical_county,1980,1562,1,0.0,阳明区
economical_county,1980,1563,2,1.0,"蓬莱市, 长岛县"
economical_county,1980,1564,1,0.0,兴海县
economical_county,1980,1565,1,0.0,沂南县
economical_county,1980,1566,1,0.0,盱眙县
economical_county,1980,1567,1,0.0,陈仓区
economical_county,1980,1568,1,0.0,渭滨区
economical_county,1980,1569,1,0.0,东西湖区
economical_county,1980,1570,1,0.0,青秀区
economical_county,1980,1571,1,0.0,东洲区
economical_county,1980,1572,1,0.0,石景山区
economical_county,1980,1573,2,1.0,"融水苗族自治县, 罗城仫佬族自治县"
economical_county,1980,1574,1,0.0,美姑县
economical_county,1980,1575,1,0.0,武平县
economical_county,1980,1576,1,0.0,阳西县
economical_county,1980,1577,1,0.0,陆川县
economical_county,1980,1578,1,0.0,剑川县
economical_county,1980,1579,1,0.0,江州区
economical_county,1980,1580,1,0.0,石楼县
economical_county,1980,1581,1,0.0,嵩明县
economical_county,1980,1582,1,0.0,瑞金市
economical_county,1980,1583,1,0.0,鹿城区
economical_county,1980,1584,1,0.0,三都水族自治县
economical_county,1980,1585,1,0.0,合浦县
economical_county,1980,1586,1,0.0,商州区
economical_county,1980,1587,1,0.0,新巴尔虎左旗
economical_county,1980,1588,1,0.0,科尔沁右翼前旗
economical_county,1980,1589,1,0.0,兰溪市
economical_county,1980,1590,1,0.0,勉县
economical_county,1980,1591,1,0.0,林周县
economical_county,1980,1592,1,0.0,霸州市
economical_county,1980,1593,1,0.0,江川区
economical_county,1980,1594,1,0.0,海州区
economical_county,1980,1595,1,0.0,江山市
economical_county,1980,1596,1,0.0,郾城区
economical_county,1980,1597,1,0.0,集贤县
economical_county,1980,1598,1,0.0,青龙满族自治县
economical_county,1980,1599,1,0.0,肃宁县
economical_county,1980,1600,1,0.0,兴国县
economical_county,1980,1601,1,0.0,克拉玛依区
economical_county,1980,1602,1,0.0,增城区
economical_county,1980,1603,1,0.0,靖江市
economical_county,1980,1604,1,0.0,平房区
economical_county,1980,1605,1,0.0,康巴什区
economical_county,1980,1606,1,0.0,余杭区
economical_county,1980,1607,1,0.0,浉河区
economical_county,1980,1608,1,0.0,新邱区
economical_county,1980,1609,1,0.0,启东市
economical_county,1980,1610,1,0.0,光山县
economical_county,1980,1611,1,0.0,峨眉山市
economical_county,1980,1612,1,0.0,崇阳县
economical_county,1980,1613,1,0.0,新河县
economical_county,1980,1614,1,0.0,新吴区
economical_county,1980,1615,1,0.0,北戴河区
economical_county,1980,1616,1,0.0,新民市
economical_county,1980,1617,1,0.0,瓮安县
economical_county,1980,1618,1,0.0,梁河县
economical_county,1980,1619,1,0.0,通许县
economical_county,1980,1620,1,0.0,天峨县
economical_county,1980,1621,1,0.0,石棉县
economical_county,1980,1622,1,0.0,牧野区
economical_county,1980,1623,1,0.0,乌苏市
economical_county,1980,1624,1,0.0,东兰县
economical_county,1980,1625,1,0.0,港口区
economical_county,1980,1626,1,0.0,纳溪区
economical_county,1980,1627,1,0.0,玛纳斯县
economical_county,1980,1628,1,0.0,保康县
economical_county,1980,1629,1,0.0,师宗县
economical_county,1980,1630,1,0.0,洛江区
economical_county,1980,1631,1,0.0,双辽市
economical_county,1980,1632,1,0.0,沙洋县
economical_county,1980,1633,2,1.0,"辰溪县, 南县"
economical_county,1980,1634,1,0.0,芙蓉区
economical_county,1980,1635,1,0.0,沅陵县
economical_county,1980,1636,1,0.0,盐边县
economical_county,1980,1637,1,0.0,西乌珠穆沁旗
economical_county,1980,1638,1,0.0,隰县
economical_county,1980,1639,1,0.0,方山县
economical_county,1980,1640,1,0.0,海沧区
economical_county,1980,1641,1,0.0,安新县
economical_county,1980,1642,1,0.0,壶关县
economical_county,1980,1643,1,0.0,忻城县
economical_county,1980,1644,2,1.0,"满洲里市, 颍州区"
economical_county,1980,1645,1,0.0,龙湾区
economical_county,1980,1646,1,0.0,晋源区
economical_county,1980,1647,1,0.0,武冈市
economical_county,1980,1648,1,0.0,慈利县
economical_county,1980,1649,2,1.0,"上林县, 屯昌县"
economical_county,1980,1650,1,0.0,丘北县
economical_county,1980,1651,1,0.0,卢龙县
economical_county,1980,1652,1,0.0,禅城区
economical_county,1980,1653,1,0.0,临城县
economical_county,1980,1654,1,0.0,东安区
economical_county,1980,1655,1,0.0,镇雄县
economical_county,1980,1656,1,0.0,吉水县
economical_county,1980,1657,1,0.0,南丰县
economical_county,1980,1658,1,0.0,旺苍县
economical_county,1980,1659,1,0.0,汝阳县
economical_county,1980,1660,1,0.0,吴堡县
economical_county,1980,1661,1,0.0,米易县
economical_county,1980,1662,1,0.0,贞丰县
economical_county,1980,1663,1,0.0,江城区
economical_county,1980,1664,1,0.0,丰都县
economical_county,1980,1665,1,0.0,全州县
economical_county,1980,1666,2,1.0,"长宁区, 上虞区"
economical_county,1980,1667,1,0.0,顺平县
economical_county,1980,1668,1,0.0,醴陵市
economical_county,1980,1669,1,0.0,新丰县
economical_county,1980,1670,1,0.0,通海县
economical_county,1980,1671,1,0.0,托克逊县
economical_county,1980,1672,1,0.0,宣化区
economical_county,1980,1673,1,0.0,麻城市
economical_county,1980,1674,1,0.0,海州区
economical_county,1980,1675,1,0.0,孝义市
economical_county,1980,1676,1,0.0,灌阳县
economical_county,1980,1677,1,0.0,且末县
economical_county,1980,1678,1,0.0,复兴区
economical_county,1980,1679,1,0.0,双牌县
economical_county,1980,1680,1,0.0,新邵县
economical_county,1980,1681,1,0.0,丹阳市
economical_county,1980,1682,1,0.0,南溪区
economical_county,1980,1683,1,0.0,珠晖区
economical_county,1980,1684,1,0.0,怀远县
economical_county,1980,1685,1,0.0,东海县
economical_county,1980,1686,1,0.0,宣州区
economical_county,1980,1687,1,0.0,平原县
economical_county,1980,1688,1,0.0,墨脱县
economical_county,1980,1689,1,0.0,梨树区
economical_county,1980,1690,1,0.0,英山县
economical_county,1980,1691,1,0.0,江夏区
economical_county,1980,1692,1,0.0,晴隆县
economical_county,1980,1693,1,0.0,鹤山市
economical_county,1980,1694,1,0.0,钟山县
economical_county,1980,1695,1,0.0,普安县
economical_county,1980,1696,1,0.0,浑源县
economical_county,1980,1697,1,0.0,天宁区
economical_county,1980,1698,1,0.0,苍溪县
economical_county,1980,1699,1,0.0,前锋区
economical_county,1980,1700,1,0.0,灵川县
economical_county,1980,1701,1,0.0,龙山区
economical_county,1980,1702,1,0.0,兴宁市
economical_county,1980,1703,1,0.0,常山县
economical_county,1980,1704,1,0.0,城步苗族自治县
economical_county,1980,1705,1,0.0,祁阳县
economical_county,1980,1706,1,0.0,柯坪县
economical_county,1980,1707,1,0.0,青原区
economical_county,1980,1708,1,0.0,南康区
economical_county,1980,1709,1,0.0,平邑县
economical_county,1980,1710,1,0.0,青州市
economical_county,1980,1711,1,0.0,安仁县
economical_county,1980,1712,1,0.0,川汇区
economical_county,1980,1713,1,0.0,雷州市
economical_county,1980,1714,1,0.0,灌南县
economical_county,1980,1715,1,0.0,福清市
economical_county,1980,1716,1,0.0,天柱县
economical_county,1980,1717,1,0.0,罗田县
economical_county,1980,1718,1,0.0,兴城市
economical_county,1980,1719,1,0.0,孝昌县
economical_county,1980,1720,1,0.0,凤泉区
economical_county,1980,1721,1,0.0,潜江市
economical_county,1980,1722,1,0.0,龙海市
economical_county,1980,1723,1,0.0,紫金县
economical_county,1980,1724,1,0.0,达尔罕茂明安联合旗
economical_county,1980,1725,1,0.0,鲤城区
economical_county,1980,1726,1,0.0,石门县
economical_county,1980,1727,1,0.0,耒阳市
economical_county,1980,1728,1,0.0,志丹县
economical_county,1980,1729,1,0.0,马山县
economical_county,1980,1730,1,0.0,德庆县
economical_county,1980,1731,1,0.0,江城哈尼族彝族自治县
economical_county,1980,1732,1,0.0,天全县
economical_county,1980,1733,1,0.0,盐山县
economical_county,1980,1734,1,0.0,阿巴嘎旗
economical_county,1980,1735,1,0.0,华容区
economical_county,1980,1736,1,0.0,隆安县
economical_county,1980,1737,1,0.0,鸡泽县
economical_county,1980,1738,1,0.0,蠡县
economical_county,1980,1739,1,0.0,商南县
economical_county,1980,1740,1,0.0,资兴市
economical_county,1980,1741,1,0.0,淄川区
economical_county,1980,1742,1,0.0,庐江县
economical_county,1980,1743,1,0.0,双滦区
economical_county,1980,1744,1,0.0,华容县
economical_county,1980,1745,1,0.0,三元区
economical_county,1980,1746,1,0.0,通化县
economical_county,1980,1747,1,0.0,洛浦县
economical_county,1980,1748,1,0.0,高唐县
economical_county,1980,1749,1,0.0,梁溪区
economical_county,1980,1750,1,0.0,惠水县
economical_county,1980,1751,1,0.0,雷山县
economical_county,1980,1752,1,0.0,沧县
economical_county,1980,1753,1,0.0,合阳县
economical_county,1980,1754,1,0.0,武陟县
economical_county,1980,1755,1,0.0,嘉善县
economical_county,1980,1756,1,0.0,田东县
economical_county,1980,1757,1,0.0,中阳县
economical_county,1980,1758,1,0.0,山阳区
economical_county,1980,1759,1,0.0,魏都区
economical_county,1980,1760,1,0.0,台前县
economical_county,1980,1761,1,0.0,天等县
economical_county,1980,1762,1,0.0,陆丰市
economical_county,1980,1763,1,0.0,南宫市
economical_county,1980,1764,1,0.0,华宁县
economical_county,1980,1765,1,0.0,宜川县
economical_county,1980,1766,1,0.0,文成县
economical_county,1980,1767,1,0.0,会同县
economical_county,1980,1768,1,0.0,洪雅县
economical_county,1980,1769,1,0.0,龙门县
economical_county,1980,1770,1,0.0,大关县
economical_county,1980,1771,1,0.0,凌源市
economical_county,1980,1772,1,0.0,榆社县
economical_county,1980,1773,1,0.0,武功县
economical_county,1980,1774,1,0.0,白朗县
economical_county,1980,1775,1,0.0,保德县
economical_county,1980,1776,1,0.0,顺城区
economical_county,1980,1777,1,0.0,兰坪白族普米族自治县
economical_county,1980,1778,1,0.0,剑阁县
economical_county,1980,1779,1,0.0,平湖市
economical_county,1980,1780,1,0.0,将乐县
economical_county,1980,1781,1,0.0,谷城县
economical_county,1980,1782,1,0.0,康县
economical_county,1980,1783,1,0.0,金塔县
economical_county,1980,1784,1,0.0,山丹县
economical_county,1980,1785,1,0.0,镇巴县
economical_county,1980,1786,1,0.0,长洲区
economical_county,1980,1787,1,0.0,正宁县
economical_county,1980,1788,1,0.0,兴安县
economical_county,1980,1789,1,0.0,象山区
economical_county,1980,1790,1,0.0,惠东县
economical_county,1980,1791,1,0.0,昭苏县
economical_county,1980,1792,1,0.0,德格县
economical_county,1980,1793,1,0.0,石泉县
economical_county,1980,1794,1,0.0,彭水苗族土家族自治县
economical_county,1980,1795,1,0.0,于洪区
economical_county,1980,1796,1,0.0,凌河区
economical_county,1980,1797,1,0.0,利川市
economical_county,1980,1798,1,0.0,称多县
economical_county,1980,1799,1,0.0,相山区
economical_county,1980,1800,1,0.0,南皮县
economical_county,1980,1801,1,0.0,茂南区
economical_county,1980,1802,1,0.0,宝清县
economical_county,1980,1803,1,0.0,溧阳市
economical_county,1980,1804,1,0.0,金安区
economical_county,1980,1805,1,0.0,郎溪县
economical_county,1980,1806,1,0.0,逊克县
economical_county,1980,1807,1,0.0,铁锋区
economical_county,1980,1808,1,0.0,炉霍县
economical_county,1980,1809,1,0.0,印台区
economical_county,1980,1810,1,0.0,阳城县
economical_county,1980,1811,1,0.0,枣强县
economical_county,1980,1812,1,0.0,安丘市
economical_county,1980,1813,1,0.0,犍为县
economical_county,1980,1814,1,0.0,珙县
economical_county,1980,1815,1,0.0,昭化区
economical_county,1980,1816,1,0.0,杞县
economical_county,1980,1817,1,0.0,乌达区
economical_county,1980,1818,1,0.0,港南区
economical_county,1980,1819,1,0.0,泰顺县
economical_county,1980,1820,1,0.0,德兴市
economical_county,1980,1821,1,0.0,金东区
economical_county,1980,1822,1,0.0,宁强县
economical_county,1980,1823,1,0.0,确山县
economical_county,1980,1824,1,0.0,随县
economical_county,1980,1825,1,0.0,富阳区
economical_county,1980,1826,1,0.0,青阳县
economical_county,1980,1827,1,0.0,惠民县
economical_county,1980,1828,1,0.0,河津市
economical_county,1980,1829,1,0.0,丹棱县
economical_county,1980,1830,1,0.0,宁蒗彝族自治县
economical_county,1980,1831,1,0.0,南城县
economical_county,1980,1832,1,0.0,津市市
economical_county,1980,1833,1,0.0,东至县
economical_county,1980,1834,1,0.0,宣恩县
economical_county,1980,1835,1,0.0,曹县
economical_county,1980,1836,1,0.0,旌德县
economical_county,1980,1837,1,0.0,沂水县
economical_county,1980,1838,1,0.0,平坝区
economical_county,1980,1839,1,0.0,青县
economical_county,1980,1840,1,0.0,望江县
economical_county,1980,1841,1,0.0,栾川县
economical_county,1980,1842,1,0.0,封开县
economical_county,1980,1843,1,0.0,施秉县
economical_county,1980,1844,1,0.0,君山区
economical_county,1980,1845,1,0.0,微山县
economical_county,1980,1846,1,0.0,龙圩区
economical_county,1980,1847,1,0.0,神池县
economical_county,1980,1848,1,0.0,元谋县
economical_county,1980,1849,1,0.0,浦城县
economical_county,1980,1850,1,0.0,淮上区
economical_county,1980,1851,1,0.0,盈江县
economical_county,1980,1852,1,0.0,嘉定区
economical_county,1980,1853,1,0.0,越西县
economical_county,1980,1854,1,0.0,石屏县
economical_county,1980,1855,1,0.0,包河区
economical_county,1980,1856,1,0.0,丹巴县
economical_county,1980,1857,1,0.0,小金县
economical_county,1980,1858,1,0.0,略阳县
economical_county,1980,1859,1,0.0,嵊州市
economical_county,1980,1860,1,0.0,阿勒泰市
economical_county,1980,1861,1,0.0,东丰县
economical_county,1980,1862,1,0.0,中山区
economical_county,1980,1863,1,0.0,西安区
economical_county,1980,1864,1,0.0,莱山区
economical_county,1980,1865,1,0.0,同仁县
economical_county,1980,1866,1,0.0,太平区
economical_county,1980,1867,1,0.0,桑植县
economical_county,1980,1868,2,1.0,"博罗县, 湘阴县"
economical_county,1980,1869,1,0.0,南漳县
economical_county,1980,1870,1,0.0,陇县
economical_county,1980,1871,1,0.0,西和县
economical_county,1980,1872,1,0.0,万荣县
economical_county,1980,1873,1,0.0,弋阳县
economical_county,1980,1874,1,0.0,横峰县
economical_county,1980,1875,1,0.0,康马县
economical_county,1980,1876,1,0.0,天涯区
economical_county,1980,1877,1,0.0,桐柏县
economical_county,1980,1878,1,0.0,金溪县
economical_county,1980,1879,1,0.0,沅江市
economical_county,1980,1880,1,0.0,开福区
economical_county,1980,1881,1,0.0,富蕴县
economical_county,1980,1882,1,0.0,望谟县
economical_county,1980,1883,1,0.0,华州区
economical_county,1980,1884,1,0.0,宁远县
economical_county,1980,1885,1,0.0,秀峰区
economical_county,1980,1886,1,0.0,顺河回族区
economical_county,1980,1887,1,0.0,锡山区
economical_county,1980,1888,1,0.0,恭城瑶族自治县
economical_county,1980,1889,1,0.0,姚安县
economical_county,1980,1890,1,0.0,普宁市
economical_county,1980,1891,1,0.0,兴安区
economical_county,1980,1892,1,0.0,银海区
economical_county,1980,1893,1,0.0,奉化区
economical_county,1980,1894,1,0.0,涉县
economical_county,1980,1895,1,0.0,石拐区
economical_county,1980,1896,1,0.0,镇坪县
economical_county,1980,1897,1,0.0,吴起县
economical_county,1980,1898,1,0.0,临朐县
economical_county,1980,1899,1,0.0,奎文区
economical_county,1980,1900,1,0.0,延长县
economical_county,1980,1901,1,0.0,邯山区
economical_county,1980,1902,1,0.0,平乡县
economical_county,1980,1903,1,0.0,巴林左旗
economical_county,1980,1904,1,0.0,罗庄区
economical_county,1980,1905,1,0.0,深州市
economical_county,1980,1906,1,0.0,潍城区
economical_county,1980,1907,1,0.0,蓝山县
economical_county,1980,1908,1,0.0,卓尼县
economical_county,1980,1909,1,0.0,老河口市
economical_county,1980,1910,1,0.0,古田县
economical_county,1980,1911,1,0.0,涿鹿县
economical_county,1980,1912,1,0.0,海丰县
economical_county,1980,1913,1,0.0,连平县
economical_county,1980,1914,1,0.0,茂县
economical_county,1980,1915,1,0.0,大新县
economical_county,1980,1916,1,0.0,恩阳区
economical_county,1980,1917,1,0.0,谢通门县
economical_county,1980,1918,1,0.0,招远市
economical_county,1980,1919,1,0.0,福山区
economical_county,1980,1920,1,0.0,桓仁满族自治县
economical_county,1980,1921,1,0.0,缙云县
economical_county,1980,1922,1,0.0,金山区
economical_county,1980,1923,1,0.0,桥东区
economical_county,1980,1924,1,0.0,恒山区
economical_county,1980,1925,1,0.0,鸠江区
economical_county,1980,1926,1,0.0,谢家集区
economical_county,1980,1927,1,0.0,雄县
economical_county,1980,1928,1,0.0,射阳县
economical_county,1980,1929,1,0.0,亭湖区
economical_county,1980,1930,1,0.0,双台子区
economical_county,1980,1931,1,0.0,峨山彝族自治县
economical_county,1980,1932,1,0.0,宁国市
economical_county,1980,1933,1,0.0,永顺县
economical_county,1980,1934,1,0.0,石台县
economical_county,1980,1935,1,0.0,东阿县
economical_county,1980,1936,1,0.0,蒸湘区
economical_county,1980,1937,1,0.0,昌乐县
economical_county,1980,1938,1,0.0,铁东区
economical_county,1980,1939,1,0.0,高青县
economical_county,1980,1940,1,0.0,都江堰市
economical_county,1980,1941,1,0.0,馆陶县
economical_county,1980,1942,1,0.0,徐水区
economical_county,1980,1943,1,0.0,翠峦区
economical_county,1980,1944,1,0.0,永昌县
economical_county,1980,1945,1,0.0,海林市
economical_county,1980,1946,1,0.0,龙泉驿区
economical_county,1980,1947,1,0.0,和田市
economical_county,1980,1948,1,0.0,祁连县
economical_county,1980,1949,1,0.0,邵武市
economical_county,1980,1950,1,0.0,莲花县
economical_county,1980,1951,1,0.0,盐津县
economical_county,1980,1952,1,0.0,饶阳县
economical_county,1980,1953,1,0.0,罗源县
economical_county,1980,1954,1,0.0,中方县
economical_county,1980,1955,1,0.0,昭平县
economical_county,1980,1956,1,0.0,海门市
economical_county,1980,1957,1,0.0,崇明区
economical_county,1980,1958,1,0.0,梓潼县
economical_county,1980,1959,1,0.0,双塔区
economical_county,1980,1960,1,0.0,乳山市
economical_county,1980,1961,1,0.0,天元区
economical_county,1980,1962,1,0.0,衡山县
economical_county,1980,1963,1,0.0,信丰县
economical_county,1980,1964,1,0.0,黔江区
economical_county,1980,1965,1,0.0,信州区
economical_county,1980,1966,1,0.0,成安县
economical_county,1980,1967,1,0.0,渑池县
economical_county,1980,1968,1,0.0,什邡市
economical_county,1980,1969,1,0.0,山阳县
economical_county,1980,1970,1,0.0,吉木萨尔县
economical_county,1980,1971,1,0.0,港北区
economical_county,1980,1972,1,0.0,深泽县
economical_county,1980,1973,1,0.0,平陆县
economical_county,1980,1974,1,0.0,大东区
economical_county,1980,1975,1,0.0,台安县
economical_county,1980,1976,1,0.0,富民县
economical_county,1980,1977,1,0.0,晋宁区
economical_county,1980,1978,1,0.0,白塔区
economical_county,1980,1979,1,0.0,商城县
economical_county,1980,1980,1,0.0,遂川县
economical_county,1980,1981,1,0.0,新宾满族自治县
economical_county,1980,1982,1,0.0,海陵区
economical_county,1980,1983,1,0.0,永修县
economical_county,1980,1984,1,0.0,衡东县
economical_county,1980,1985,1,0.0,平江县
economical_county,1980,1986,1,0.0,青川县
economical_county,1980,1987,1,0.0,绵竹市
economical_county,1980,1988,1,0.0,峨边彝族自治县
economical_county,1980,1989,1,0.0,南华县
economical_county,1980,1990,1,0.0,虎丘区
economical_county,1980,1991,1,0.0,长清区
economical_county,1980,1992,1,0.0,潮安区
economical_county,1980,1993,1,0.0,泗水县
economical_county,1980,1994,1,0.0,龙马潭区
economical_county,1980,1995,1,0.0,广汉市
economical_county,1980,1996,1,0.0,保靖县
economical_county,1980,1997,1,0.0,本溪满族自治县
economical_county,1980,1998,1,0.0,普兰县
economical_county,1980,1999,1,0.0,永胜县
economical_county,1980,2000,1,0.0,麻阳苗族自治县
economical_county,1980,2001,1,0.0,浚县
economical_county,1980,2002,1,0.0,碾子山区
economical_county,1980,2003,1,0.0,五指山市
economical_county,1980,2004,1,0.0,烈山区
economical_county,1980,2005,1,0.0,峰峰矿区
economical_county,1980,2006,1,0.0,千阳县
economical_county,1980,2007,1,0.0,汶川县
economical_county,1980,2008,1,0.0,环翠区
economical_county,1980,2009,1,0.0,昌江区
economical_county,1980,2010,1,0.0,潼关县
economical_county,1980,2011,1,0.0,贵定县
economical_county,1980,2012,1,0.0,潘集区
economical_county,1980,2013,1,0.0,望都县
economical_county,1980,2014,1,0.0,昂昂溪区
economical_county,1980,2015,1,0.0,西林县
economical_county,1980,2016,1,0.0,涵江区
economical_county,1980,2017,1,0.0,翁牛特旗
economical_county,1980,2018,1,0.0,舞钢市
economical_county,1980,2019,1,0.0,岳塘区
economical_county,1980,2020,1,0.0,绥江县
economical_county,1980,2021,1,0.0,龙城区
economical_county,1980,2022,1,0.0,新沂市
economical_county,1980,2023,1,0.0,务川仡佬族苗族自治县
economical_county,1980,2024,1,0.0,迁西县
economical_county,1980,2025,1,0.0,冠县
economical_county,1980,2026,1,0.0,铁西区
economical_county,1980,2027,1,0.0,海安市
economical_county,1980,2028,1,0.0,宁陵县
economical_county,1980,2029,1,0.0,普陀区
economical_county,1980,2030,1,0.0,吉利区
economical_county,1980,2031,1,0.0,从江县
economical_county,1980,2032,1,0.0,彭山区
economical_county,1980,2033,1,0.0,平乐县
economical_county,1980,2034,1,0.0,会昌县
economical_county,1980,2035,1,0.0,阜城县
economical_county,1980,2036,1,0.0,柯城区
economical_county,1980,2037,1,0.0,广陵区
economical_county,1980,2038,1,0.0,泉港区
economical_county,1980,2039,2,1.0,"太湖县, 湖滨区"
economical_county,1980,2040,1,0.0,凤冈县
economical_county,1980,2041,1,0.0,黄石港区
economical_county,1980,2042,1,0.0,温江区
economical_county,1980,2043,1,0.0,江海区
economical_county,1980,2044,1,0.0,新会区
economical_county,1980,2045,1,0.0,汶上县
economical_county,1980,2046,1,0.0,拱墅区
economical_county,1980,2047,1,0.0,德化县
economical_county,1980,2048,1,0.0,喜德县
economical_county,1980,2049,1,0.0,万源市
economical_county,1980,2050,1,0.0,化州市
economical_county,1980,2051,1,0.0,宁阳县
economical_county,1980,2052,1,0.0,仁布县
economical_county,1980,2053,1,0.0,克什克腾旗
economical_county,1980,2054,1,0.0,昭觉县
economical_county,1980,2055,1,0.0,民勤县
economical_county,1980,2056,1,0.0,资阳区
economical_county,1980,2057,1,0.0,武城县
economical_county,1980,2058,1,0.0,歙县
economical_county,1980,2059,1,0.0,苏尼特左旗
economical_county,1980,2060,1,0.0,钟楼区
economical_county,1980,2061,1,0.0,万载县
economical_county,1980,2062,1,0.0,永安市
economical_county,1980,2063,1,0.0,翔安区
economical_county,1980,2064,1,0.0,新兴县
economical_county,1980,2065,1,0.0,大田县
economical_county,1980,2066,1,0.0,九寨沟县
economical_county,1980,2067,1,0.0,广宗县
economical_county,1980,2068,1,0.0,蒲江县
economical_county,1980,2069,1,0.0,张店区
economical_county,1980,2070,1,0.0,宽城满族自治县
economical_county,1980,2071,1,0.0,塔城市
economical_county,1980,2072,1,0.0,获嘉县
economical_county,1980,2073,1,0.0,田林县
economical_county,1980,2074,1,0.0,陇川县
economical_county,1980,2075,1,0.0,汉寿县
economical_county,1980,2076,1,0.0,曲阳县
economical_county,1980,2077,1,0.0,五营区
economical_county,1980,2078,1,0.0,细河区
economical_county,1980,2079,1,0.0,荥经县
economical_county,1980,2080,1,0.0,谯城区
economical_county,1980,2081,1,0.0,乐业县
economical_county,1980,2082,1,0.0,坪山区
economical_county,1980,2083,1,0.0,桓台县
economical_county,1980,2084,1,0.0,坊子区
economical_county,1980,2085,1,0.0,郊区
economical_county,1980,2086,1,0.0,栖霞市
economical_county,1980,2087,1,0.0,乌审旗
economical_county,1980,2088,1,0.0,赤坎区
economical_county,1980,2089,1,0.0,夏河县
economical_county,1980,2090,1,0.0,太仓市
economical_county,1980,2091,1,0.0,嘉禾县
economical_county,1980,2092,1,0.0,梅里斯达斡尔族区
economical_county,1980,2093,1,0.0,海晏县
economical_county,1980,2094,1,0.0,三穗县
economical_county,1980,2095,1,0.0,高州市
economical_county,1980,2096,1,0.0,云龙县
economical_county,1980,2097,1,0.0,振安区
economical_county,1980,2098,1,0.0,闻喜县
economical_county,1980,2099,1,0.0,清城区
economical_county,1980,2100,1,0.0,郏县
economical_county,1980,2101,1,0.0,诏安县
economical_county,1980,2102,1,0.0,大埔县
economical_county,1980,2103,1,0.0,两当县
economical_county,1980,2104,1,0.0,翼城县
economical_county,1980,2105,1,0.0,东昌府区
economical_county,1980,2106,1,0.0,江北区
economical_county,1980,2107,1,0.0,瑞昌市
economical_county,1980,2108,1,0.0,齐河县
economical_county,1980,2109,1,0.0,沁阳市
economical_county,1980,2110,1,0.0,英德市
economical_county,1980,2111,1,0.0,高明区
economical_county,1980,2112,1,0.0,赤水市
economical_county,1980,2113,1,0.0,通城县
economical_county,1980,2114,1,0.0,泽普县
economical_county,1980,2115,1,0.0,长丰县
economical_county,1980,2116,1,0.0,沁县
economical_county,1980,2117,1,0.0,吉州区
economical_county,1980,2118,1,0.0,环江毛南族自治县
economical_county,1980,2119,1,0.0,榕江县
economical_county,1980,2120,1,0.0,长兴县
economical_county,1980,2121,1,0.0,蚌山区
economical_county,1980,2122,1,0.0,南和县
economical_county,1980,2123,1,0.0,汤旺河区
economical_county,1980,2124,1,0.0,淇滨区
economical_county,1980,2125,1,0.0,靖州苗族侗族自治县
economical_county,1980,2126,1,0.0,六合区
economical_county,1980,2127,1,0.0,城中区
economical_county,1980,2128,1,0.0,上街区
economical_county,1980,2129,1,0.0,丹寨县
economical_county,1980,2130,1,0.0,北川羌族自治县
economical_county,1980,2131,1,0.0,丰宁满族自治县
economical_county,1980,2132,1,0.0,黄山区
economical_county,1980,2133,1,0.0,蜀山区
economical_county,1980,2134,1,0.0,桃源县
economical_county,1980,2135,1,0.0,徽县
economical_county,1980,2136,1,0.0,邗江区
economical_county,1980,2137,1,0.0,鼓楼区
economical_county,1980,2138,1,0.0,爱辉区
economical_county,1980,2139,1,0.0,镇远县
economical_county,1980,2140,1,0.0,平顺县
economical_county,1980,2141,1,0.0,平远县
economical_county,1980,2142,1,0.0,黟县
economical_county,1980,2143,1,0.0,雷波县
economical_county,1980,2144,1,0.0,和田县
economical_county,1980,2145,1,0.0,分宜县
economical_county,1980,2146,1,0.0,浮梁县
economical_county,1980,2147,1,0.0,政和县
economical_county,1980,2148,1,0.0,清苑区
economical_county,1980,2149,1,0.0,咸丰县
economical_county,1980,2150,1,0.0,木垒哈萨克自治县
economical_county,1980,2151,1,0.0,马边彝族自治县
economical_county,1980,2152,1,0.0,杜集区
economical_county,1980,2153,1,0.0,泗县
economical_county,1980,2154,1,0.0,福海县
economical_county,1980,2155,1,0.0,吉首市
economical_county,1980,2156,1,0.0,当雄县
economical_county,1980,2157,1,0.0,呼玛县
economical_county,1980,2158,1,0.0,站前区
economical_county,1980,2159,1,0.0,临淄区
economical_county,1980,2160,1,0.0,浦北县
economical_county,1980,2161,1,0.0,坡头区
economical_county,1980,2162,1,0.0,巴马瑶族自治县
economical_county,1980,2163,1,0.0,临西县
economical_county,1980,2164,1,0.0,于田县
economical_county,1980,2165,1,0.0,阿克陶县
economical_county,1980,2166,1,0.0,临邑县
economical_county,1980,2167,1,0.0,柳河县
economical_county,1980,2168,1,0.0,鼎湖区
economical_county,1980,2169,1,0.0,湖口县
economical_county,1980,2170,1,0.0,永定区
economical_county,1980,2171,1,0.0,龙文区
economical_county,1980,2172,1,0.0,凤山县
economical_county,1980,2173,1,0.0,临桂区
economical_county,1980,2174,1,0.0,三河市
economical_county,1980,2175,1,0.0,清流县
economical_county,1980,2176,1,0.0,建始县
economical_county,1980,2177,1,0.0,鼓楼区
economical_county,1980,2178,1,0.0,朝天区
economical_county,1980,2179,1,0.0,扶风县
economical_county,1980,2180,1,0.0,武宁县
economical_county,1980,2181,1,0.0,四会市
economical_county,1980,2182,1,0.0,丰顺县
economical_county,1980,2183,1,0.0,万安县
economical_county,1980,2184,1,0.0,金乡县
economical_county,1980,2185,1,0.0,庆元县
economical_county,1980,2186,1,0.0,鱼台县
economical_county,1980,2187,1,0.0,费县
economical_county,1980,2188,1,0.0,易门县
economical_county,1980,2189,1,0.0,南靖县
economical_county,1980,2190,1,0.0,柏乡县
economical_county,1980,2191,1,0.0,井陉矿区
economical_county,1980,2192,1,0.0,玉龙纳西族自治县
economical_county,1980,2193,1,0.0,临澧县
economical_county,1980,2194,1,0.0,富拉尔基区
economical_county,1980,2195,1,0.0,象山县
economical_county,1980,2196,1,0.0,源汇区
economical_county,1980,2197,1,0.0,花垣县
economical_county,1980,2198,1,0.0,乌拉特中旗
economical_county,1980,2199,1,0.0,布拖县
economical_county,1980,2200,1,0.0,海兴县
economical_county,1980,2201,1,0.0,崇川区
economical_county,1980,2202,1,0.0,桂东县
economical_county,1980,2203,1,0.0,曲周县
economical_county,1980,2204,1,0.0,泰和县
economical_county,1980,2205,1,0.0,怀柔区
economical_county,1980,2206,1,0.0,华安县
economical_county,1980,2207,1,0.0,芗城区
economical_county,1980,2208,1,0.0,诸城市
economical_county,1980,2209,1,0.0,东营区
economical_county,1980,2210,1,0.0,寿光市
economical_county,1980,2211,1,0.0,长泰县
economical_county,1980,2212,1,0.0,海曙区
economical_county,1980,2213,1,0.0,黎川县
economical_county,1980,2214,1,0.0,吴兴区
economical_county,1980,2215,1,0.0,崇义县
economical_county,1980,2216,1,0.0,龙港区
economical_county,1980,2217,1,0.0,博野县
economical_county,1980,2218,1,0.0,向阳区
economical_county,1980,2219,1,0.0,振兴区
economical_county,1980,2220,1,0.0,临沭县
economical_county,1980,2221,1,0.0,新宁县
economical_county,1980,2222,1,0.0,永仁县
economical_county,1980,2223,1,0.0,独山子区
economical_county,1980,2224,1,0.0,柞水县
economical_county,1980,2225,1,0.0,泾县
economical_county,1980,2226,1,0.0,米林县
economical_county,1980,2227,1,0.0,宁化县
economical_county,1980,2228,1,0.0,屏南县
economical_county,1980,2229,1,0.0,莱阳市
economical_county,1980,2230,1,0.0,滨江区
economical_county,1980,2231,1,0.0,云安区
economical_county,1980,2232,1,0.0,连南瑶族自治县
economical_county,1980,2233,1,0.0,武邑县
economical_county,1980,2234,1,0.0,五河县
economical_county,1980,2235,1,0.0,新平彝族傣族自治县
economical_county,1980,2236,1,0.0,南陵县
economical_county,1980,2237,1,0.0,静安区
economical_county,1980,2238,1,0.0,汨罗市
economical_county,1980,2239,1,0.0,遂昌县
economical_county,1980,2240,1,0.0,铁岭县
economical_county,1980,2241,1,0.0,峡江县
economical_county,1980,2242,1,0.0,宜黄县
economical_county,1980,2243,1,0.0,松滋市
economical_county,1980,2244,1,0.0,泸溪县
economical_county,1980,2245,1,0.0,新和县
economical_county,1980,2246,1,0.0,察隅县
economical_county,1980,2247,1,0.0,新晃侗族自治县
economical_county,1980,2248,1,0.0,上城区
economical_county,1980,2249,1,0.0,海阳市
economical_county,1980,2250,1,0.0,芝罘区
economical_county,1980,2251,1,0.0,宁南县
economical_county,1980,2252,1,0.0,新兴区
economical_county,1980,2253,1,0.0,内丘县
economical_county,1980,2254,1,0.0,东宝区
economical_county,1980,2255,1,0.0,龙亭区
economical_county,1980,2256,1,0.0,龙口市
economical_county,1980,2257,1,0.0,南岳区
economical_county,1980,2258,1,0.0,黎城县
economical_county,1980,2259,1,0.0,西峡县
economical_county,1980,2260,1,0.0,舟曲县
economical_county,1980,2261,1,0.0,定海区
economical_county,1980,2262,1,0.0,万山区
economical_county,1980,2263,1,0.0,徽州区
economical_county,1980,2264,1,0.0,宿城区
economical_county,1980,2265,1,0.0,南乐县
economical_county,1980,2266,1,0.0,金湾区
economical_county,1980,2267,1,0.0,炎陵县
economical_county,1980,2268,1,0.0,涟水县
economical_county,1980,2269,1,0.0,芦溪县
economical_county,1980,2270,1,0.0,安源区
economical_county,1980,2271,1,0.0,马村区
economical_county,1980,2272,1,0.0,揭东区
economical_county,1980,2273,1,0.0,徐闻县
economical_county,1980,2274,1,0.0,万秀区
economical_county,1980,2275,1,0.0,麟游县
economical_county,1980,2276,1,0.0,上杭县
economical_county,1980,2277,1,0.0,石渠县
economical_county,1980,2278,1,0.0,广丰区
economical_county,1980,2279,1,0.0,龙泉市
economical_county,1980,2280,1,0.0,槐荫区
economical_county,1980,2281,1,0.0,北塔区
economical_county,1980,2282,1,0.0,金平区
economical_county,1980,2283,1,0.0,金寨县
economical_county,1980,2284,1,0.0,德城区
economical_county,1980,2285,1,0.0,衢江区
economical_county,1980,2286,1,0.0,建湖县
economical_county,1980,2287,1,0.0,红安县
economical_county,1980,2288,1,0.0,白河县
economical_county,1980,2289,1,0.0,普格县
economical_county,1980,2290,1,0.0,大通区
economical_county,1980,2291,1,0.0,桦川县
economical_county,1980,2292,1,0.0,河东区
economical_county,1980,2293,1,0.0,花山区
economical_county,1980,2294,1,0.0,连城县
economical_county,1980,2295,1,0.0,鹤峰县
economical_county,1980,2296,1,0.0,民乐县
economical_county,1980,2297,1,0.0,金秀瑶族自治县
economical_county,1980,2298,1,0.0,甘泉县
economical_county,1980,2299,1,0.0,东光县
economical_county,1980,2300,1,0.0,端州区
economical_county,1980,2301,1,0.0,库伦旗
economical_county,1980,2302,1,0.0,八公山区
economical_county,1980,2303,1,0.0,周宁县
economical_county,1980,2304,1,0.0,马尾区
economical_county,1980,2305,1,0.0,港闸区
economical_county,1980,2306,1,0.0,迭部县
economical_county,1980,2307,1,0.0,台江县
economical_county,1980,2308,1,0.0,思南县
economical_county,1980,2309,1,0.0,白水县
economical_county,1980,2310,1,0.0,盐田区
economical_county,1980,2311,1,0.0,固镇县
economical_county,1980,2312,1,0.0,杜尔伯特蒙古族自治县
economical_county,1980,2313,1,0.0,乐安县
economical_county,1980,2314,1,0.0,岑巩县
economical_county,1980,2315,1,0.0,元宝山区
economical_county,1980,2316,1,0.0,故城县
economical_county,1980,2317,1,0.0,蒲县
economical_county,1980,2318,1,0.0,盐源县
economical_county,1980,2319,1,0.0,云城区
economical_county,1980,2320,1,0.0,广平县
economical_county,1980,2321,1,0.0,波密县
economical_county,1980,2322,1,0.0,阳朔县
economical_county,1980,2323,1,0.0,叠彩区
economical_county,1980,2324,1,0.0,泽库县
economical_county,1980,2325,1,0.0,资源县
economical_county,1980,2326,1,0.0,南涧彝族自治县
economical_county,1980,2327,1,0.0,冕宁县
economical_county,1980,2328,1,0.0,漳平市
economical_county,1980,2329,1,0.0,宝兴县
economical_county,1980,2330,1,0.0,霞浦县
economical_county,1980,2331,1,0.0,崇仁县
economical_county,1980,2332,1,0.0,岢岚县
economical_county,1980,2333,1,0.0,华池县
economical_county,1980,2334,1,0.0,掇刀区
economical_county,1980,2335,1,0.0,洱源县
economical_county,1980,2336,1,0.0,连州市
economical_county,1980,2337,1,0.0,凤阳县
economical_county,1980,2338,1,0.0,丹徒区
economical_county,1980,2339,1,0.0,顺庆区
economical_county,1980,2340,1,0.0,凤台县
economical_county,1980,2341,1,0.0,牟平区
economical_county,1980,2342,1,0.0,湘桥区
economical_county,1980,2343,1,0.0,四方台区
economical_county,1980,2344,1,0.0,红星区
economical_county,1980,2345,1,0.0,明溪县
economical_county,1980,2346,1,0.0,漾濞彝族自治县
economical_county,1980,2347,1,0.0,万年县
economical_county,1980,2348,1,0.0,周村区
economical_county,1980,2349,1,0.0,前进区
economical_county,1980,2350,1,0.0,曲江区
economical_county,1980,2351,1,0.0,光泽县
economical_county,1980,2352,1,0.0,门头沟区
economical_county,1980,2353,1,0.0,运河区
economical_county,1980,2354,1,0.0,留坝县
economical_county,1980,2355,1,0.0,武强县
economical_county,1980,2356,1,0.0,中站区
economical_county,1980,2357,1,0.0,福贡县
economical_county,1980,2358,1,0.0,襄垣县
economical_county,1980,2359,1,0.0,红原县
economical_county,1980,2360,1,0.0,达坂城区
economical_county,1980,2361,1,0.0,贵德县
economical_county,1980,2362,1,0.0,松潘县
economical_county,1980,2363,1,0.0,黑水县
economical_county,1980,2364,1,0.0,额济纳旗
economical_county,1980,2365,1,0.0,禹城市
economical_county,1980,2366,1,0.0,迁安市
economical_county,1980,2367,1,0.0,大厂回族自治县
economical_county,1980,2368,1,0.0,石龙区
economical_county,1980,2369,1,0.0,城区
economical_county,1980,2370,1,0.0,南票区
economical_county,1980,2371,1,0.0,天峻县
economical_county,1980,2372,1,0.0,博山区
economical_county,1980,2373,1,0.0,龙胜各族自治县
economical_county,1980,2374,1,0.0,银州区
economical_county,1980,2375,1,0.0,韶山市
economical_county,1980,2376,1,0.0,拉孜县
economical_county,1980,2377,1,0.0,金湖县
economical_county,1980,2378,1,0.0,寒亭区
economical_county,1980,2379,1,0.0,南山区
economical_county,1980,2380,1,0.0,福安市
economical_county,1980,2381,1,0.0,麻山区
economical_county,1980,2382,1,0.0,西塞山区
economical_county,1980,2383,1,0.0,龙南县
economical_county,1980,2384,1,0.0,荔波县
economical_county,1980,2385,1,0.0,武江区
economical_county,1980,2386,1,0.0,湛河区
economical_county,1980,2387,1,0.0,江华瑶族自治县
economical_county,1980,2388,1,0.0,东风区
economical_county,1980,2389,1,0.0,绩溪县
economical_county,1980,2390,1,0.0,永清县
economical_county,1980,2391,1,0.0,岳西县
economical_county,1980,2392,1,0.0,萨嘎县
economical_county,1980,2393,1,0.0,永新县
economical_county,1980,2394,1,0.0,淇县
economical_county,1980,2395,1,0.0,亚东县
economical_county,1980,2396,1,0.0,下花园区
economical_county,1980,2397,1,0.0,日土县
economical_county,1980,2398,1,0.0,理县
economical_county,1980,2399,1,0.0,镇康县
economical_county,1980,2400,1,0.0,麻章区
economical_county,1980,2401,1,0.0,始兴县
economical_county,1980,2402,1,0.0,汝城县
economical_county,1980,2403,1,0.0,建邺区
economical_county,1980,2404,1,0.0,井冈山市
economical_county,1980,2405,1,0.0,鹤山区
economical_county,1980,2406,1,0.0,庐山市
economical_county,1980,2407,1,0.0,凤庆县
economical_county,1980,2408,1,0.0,洛川县
economical_county,1980,2409,1,0.0,西市区
economical_county,1980,2410,1,0.0,那坡县
economical_county,1980,2411,1,0.0,古冶区
economical_county,1980,2412,1,0.0,朗县
economical_county,1980,2413,1,0.0,仁化县
economical_county,1980,2414,1,0.0,玛沁县
economical_county,1980,2415,1,0.0,东山县
economical_county,1980,2416,1,0.0,濠江区
economical_county,1980,2417,1,0.0,阳东区
economical_county,1980,2418,1,0.0,定结县
economical_county,1980,2419,1,0.0,陆河县
economical_county,1980,2420,1,0.0,冀州区
economical_county,1980,2421,1,0.0,乐昌市
economical_county,1980,2422,1,0.0,广昌县
economical_county,1980,2423,1,0.0,宜城市
economical_county,1980,2424,1,0.0,连山壮族瑶族自治县
economical_county,1980,2425,1,0.0,凌云县
economical_county,1980,2426,1,0.0,恩平市
economical_county,1980,2427,1,0.0,龙游县
economical_county,1980,2428,1,0.0,巴林右旗
economical_county,1980,2429,1,0.0,白碱滩区
economical_county,1980,2430,1,0.0,尖扎县
economical_county,1980,2431,1,0.0,贵南县
economical_county,1980,2432,1,0.0,源城区
economical_county,1980,2433,1,0.0,吉木乃县
economical_county,1980,2434,1,0.0,新抚区
economical_county,1980,2435,1,0.0,云龙区
economical_county,1980,2436,1,0.0,白沙黎族自治县
economical_county,1980,2437,1,0.0,东乡区
economical_county,1980,2438,1,0.0,城子河区
economical_county,1980,2439,1,0.0,京口区
economical_county,1980,2440,1,0.0,蒙山县
economical_county,1980,2441,1,0.0,德安县
economical_county,1980,2442,1,0.0,安福县
economical_county,1980,2443,1,0.0,班玛县
economical_county,1980,2444,1,0.0,太白县
economical_county,1980,2445,1,0.0,阿尔山市
economical_county,1980,2446,1,0.0,蕉岭县
economical_county,1980,2447,1,0.0,玛多县
economical_county,1980,2448,1,0.0,革吉县
economical_county,1980,2449,1,0.0,札达县
economical_county,1980,2450,1,0.0,杂多县
economical_county,1980,2451,1,0.0,赣榆区
economical_county,1980,2452,1,0.0,乐亭县
economical_county,1980,2453,1,0.0,改则县
economical_county,1980,2454,1,0.0,溧水区
economical_county,1980,2455,1,0.0,平谷区
economical_county,1980,2456,1,0.0,若尔盖县
economical_county,1980,2457,1,0.0,青河县
economical_county,1980,2458,1,0.0,佛冈县
economical_county,1980,2459,1,0.0,金山屯区
economical_county,1980,2460,1,0.0,叶集区
economical_county,1980,2461,1,0.0,龙安区
economical_county,1980,2462,1,0.0,治多县
economical_county,1980,2463,1,0.0,武夷山市
economical_county,1980,2464,1,0.0,建宁县
economical_county,1980,2465,1,0.0,鹰手营子矿区
economical_county,1980,2466,1,0.0,武穴市
economical_county,1980,2467,1,0.0,德昌县
economical_county,1980,2468,1,0.0,哈巴河县
economical_county,1980,2469,1,0.0,乌拉特后旗
economical_county,1980,2470,1,0.0,平塘县
economical_county,1980,2471,1,0.0,文圣区
economical_county,1980,2472,1,0.0,特克斯县
economical_county,1980,2473,1,0.0,向阳区
economical_county,1980,2474,1,0.0,阿拉山口市
economical_county,1980,2475,1,0.0,博兴县
economical_county,1980,2476,1,0.0,山城区
economical_county,1980,2477,1,0.0,新巴尔虎右旗
economical_county,1980,2478,1,0.0,泸定县
economical_county,1980,2479,1,0.0,润州区
economical_county,1980,2480,1,0.0,南雄市
economical_county,1980,2481,1,0.0,阿坝县
economical_county,1980,2482,1,0.0,召陵区
economical_county,1980,2483,1,0.0,沂源县
economical_county,1980,2484,1,0.0,铜鼓县
economical_county,1980,2485,1,0.0,梅江区
economical_county,1980,2486,1,0.0,白云鄂博矿区
economical_county,1980,2487,1,0.0,带岭区
economical_county,1980,2488,1,0.0,孙吴县
economical_county,1980,2489,1,0.0,桃山区
economical_county,1980,2490,1,0.0,广饶县
economical_county,1980,2491,1,0.0,点军区
economical_county,1980,2492,1,0.0,金口河区
economical_county,1980,2493,1,0.0,古丈县
economical_county,1980,2494,1,0.0,吉隆县
economical_county,1980,2495,1,0.0,阿合奇县
economical_county,1980,2496,1,0.0,德钦县
economical_county,1980,2497,1,0.0,木里藏族自治县
economical_county,1980,2498,1,0.0,曲麻莱县
economical_county,1980,2499,1,0.0,泰宁县
economical_county,1980,2500,1,0.0,定南县
economical_county,1980,2501,1,0.0,上甘岭区
economical_county,1980,2502,1,0.0,乡城县
economical_county,1980,2503,1,0.0,嵊泗县
economical_county,1980,2504,1,0.0,塔什库尔干塔吉克自治县
economical_county,1980,2505,1,0.0,裕民县
economical_county,1980,2506,1,0.0,阿拉善右旗
economical_county,1980,2507,1,0.0,甘洛县
economical_county,1980,2508,1,0.0,梁子湖区
economical_county,1980,2509,1,0.0,鄂温克族自治旗
economical_county,1980,2510,1,0.0,长白朝鲜族自治县
economical_county,1980,2511,1,0.0,黄龙县
economical_county,1980,2512,1,0.0,清河门区
economical_county,1980,2513,1,0.0,容城县
economical_county,1980,2514,1,0.0,仲巴县
economical_county,1980,2515,1,0.0,镶黄旗
economical_county,1980,2516,1,0.0,阿克塞哈萨克族自治县
economical_county,1980,2517,1,0.0,下陆区
economical_county,1980,2518,1,0.0,壤塘县
economical_county,1980,2519,1,0.0,佛坪县
economical_county,1980,2520,1,0.0,囊谦县
economical_county,1980,2521,1,0.0,兴山区
economical_county,1980,2522,1,0.0,聂拉木县
economical_county,1980,2523,1,0.0,东乌珠穆沁旗
economical_county,1980,2524,1,0.0,南澳县
economical_county,1980,2525,1,0.0,噶尔县
economical_county,1980,2526,1,0.0,永平县
economical_county,1980,2527,1,0.0,得荣县
economical_county,1980,2528,1,0.0,民丰县
economical_county,1980,2529,1,0.0,甘德县
economical_county,1980,2530,1,0.0,雅江县
economical_county,1980,2531,1,0.0,乌马河区
economical_county,1980,2532,1,0.0,碌曲县
economical_county,1980,2533,1,0.0,武陵源区
economical_county,1980,2534,1,0.0,道孚县
economical_county,1980,2535,1,0.0,赣县区
economical_county,1980,2536,1,0.0,东宁市
economical_county,1980,2537,1,0.0,普兰店区
economical_county,1980,2538,1,0.0,陕州区
economical_county,1980,2539,1,0.0,沾益区
economical_county,1980,2540,1,0.0,措勤县
economical_county,1980,2541,1,0.0,加格达奇区
economical_county,1980,2542,1,0.0,密云区
economical_county,1980,2543,1,0.0,市北区
economical_county,1980,2544,1,0.0,武鸣区
economical_county,1980,2545,1,0.0,蓟州区
economical_county,1980,2546,1,0.0,延庆区
economical_county,1980,2547,1,0.0,黄岛区
economical_county,1980,2548,1,0.0,铜山区
economical_county,1980,2549,1,0.0,垦利区
economical_county,1980,2550,1,0.0,通州区
economical_county,1980,2551,1,0.0,义安区
economical_county,1980,2552,1,0.0,宁河区
economical_county,1980,2553,1,0.0,铜官区
economical_county,1980,2554,1,0.0,万全区
economical_county,1980,2555,1,0.0,金坛区
economical_county,1980,2556,1,0.0,曾都区
economical_county,1980,2557,1,0.0,开州区
economical_county,1980,2558,1,0.0,武隆区
economical_county,1980,2559,1,0.0,郫都区
economical_county,1980,2560,1,0.0,大洼区
economical_county,1980,2561,1,0.0,高淳区
economical_county,1980,2562,1,0.0,腾冲市
economical_county,1980,2563,1,0.0,巢湖市
economical_county,1985,0,1,0.0,巢湖市
economical_county,1985,1,1,0.0,青山湖区
economical_county,1985,2,1,0.0,濂溪区
economical_county,1985,3,2,1.0,"南山区, 陆丰市"
economical_county,1985,4,2,1.0,"邻水县, 石狮市"
economical_county,1985,5,1,0.0,丰泽区
economical_county,1985,6,1,0.0,通川区
economical_county,1985,7,1,0.0,武侯区
economical_county,1985,8,1,0.0,克山县
economical_county,1985,9,1,0.0,鲅鱼圈区
economical_county,1985,10,1,0.0,永福县
economical_county,1985,11,2,1.0,"宝安区, 大埔县"
economical_county,1985,12,1,0.0,青神县
economical_county,1985,13,9,1.7777777777777777,"官渡区, 祁东县, 永嘉县"
economical_county,1985,14,1,0.0,路桥区
economical_county,1985,15,2,1.0,"江干区, 江山市"
economical_county,1985,16,1,0.0,寿县
economical_county,1985,17,1,0.0,肥东县
economical_county,1985,18,1,0.0,睢县
economical_county,1985,19,1,0.0,龙岗区
economical_county,1985,20,1,0.0,定州市
economical_county,1985,21,2,1.0,"船营区, 宽城区"
economical_county,1985,22,1,0.0,历城区
economical_county,1985,23,1,0.0,东明县
economical_county,1985,24,1,0.0,吴江区
economical_county,1985,25,1,0.0,依安县
economical_county,1985,26,1,0.0,道里区
economical_county,1985,27,1,0.0,新郑市
economical_county,1985,28,1,0.0,集美区
economical_county,1985,29,3,1.3333333333333333,"营山县, 永和县, 秦都区"
economical_county,1985,30,3,1.3333333333333333,"天门市, 黄陂区, 硚口区"
economical_county,1985,31,10,1.8,"贵溪市, 武昌区, 枞阳县"
economical_county,1985,32,2,1.0,"米脂县, 榆阳区"
economical_county,1985,33,1,0.0,永德县
economical_county,1985,34,1,0.0,昌宁县
economical_county,1985,35,1,0.0,六枝特区
economical_county,1985,36,9,1.7777777777777777,"南明区, 麻江县, 大方县"
economical_county,1985,37,1,0.0,巫溪县
economical_county,1985,38,7,1.7142857142857142,"朝阳区, 温岭市, 松山区"
economical_county,1985,39,1,0.0,兰考县
economical_county,1985,40,7,1.7142857142857142,"松江区, 杨浦区, 巴楚县"
economical_county,1985,41,1,0.0,勐腊县
economical_county,1985,42,1,0.0,临渭区
economical_county,1985,43,2,1.0,"雁塔区, 沈丘县"
economical_county,1985,44,1,0.0,纳雍县
economical_county,1985,45,1,0.0,邵阳县
economical_county,1985,46,1,0.0,平舆县
economical_county,1985,47,2,1.0,"二七区, 鹿邑县"
economical_county,1985,48,1,0.0,工农区
economical_county,1985,49,1,0.0,萝北县
economical_county,1985,50,1,0.0,魏县
economical_county,1985,51,1,0.0,岷县
economical_county,1985,52,5,1.6,"建瓯市, 乐清市, 吴中区"
economical_county,1985,53,1,0.0,章贡区
economical_county,1985,54,1,0.0,开江县
economical_county,1985,55,1,0.0,墨玉县
economical_county,1985,56,1,0.0,叶县
economical_county,1985,57,1,0.0,城厢区
economical_county,1985,58,1,0.0,蛟河市
economical_county,1985,59,1,0.0,和龙市
economical_county,1985,60,1,0.0,高县
economical_county,1985,61,1,0.0,阿瓦提县
economical_county,1985,62,1,0.0,寻甸回族彝族自治县
economical_county,1985,63,1,0.0,富源县
economical_county,1985,64,11,1.8181818181818181,"平阳县, 石柱土家族自治县, 城关区"
economical_county,1985,65,1,0.0,隆林各族自治县
economical_county,1985,66,1,0.0,石城县
economical_county,1985,67,2,1.0,"罗湖区, 合浦县"
economical_county,1985,68,1,0.0,阜新蒙古族自治县
economical_county,1985,69,1,0.0,图们市
economical_county,1985,70,1,0.0,眉县
economical_county,1985,71,4,1.5,"靖远县, 秦安县, 会宁县"
economical_county,1985,72,1,0.0,佳县
economical_county,1985,73,1,0.0,宣威市
economical_county,1985,74,2,1.0,"盘龙区, 新平彝族傣族自治县"
economical_county,1985,75,5,1.6,"颍东区, 岐山县, 三台县"
economical_county,1985,76,1,0.0,丰城市
economical_county,1985,77,1,0.0,袁州区
economical_county,1985,78,1,0.0,阜南县
economical_county,1985,79,1,0.0,瑞安市
economical_county,1985,80,1,0.0,瓦房店市
economical_county,1985,81,1,0.0,惠济区
economical_county,1985,82,2,1.0,"赤壁市, 洪湖市"
economical_county,1985,83,2,1.0,"丰台区, 枣阳市"
economical_county,1985,84,2,1.0,"晋江市, 荔城区"
economical_county,1985,85,1,0.0,荣成市
economical_county,1985,86,3,1.3333333333333333,"鄄城县, 孟津县, 泰来县"
economical_county,1985,87,2,1.0,"金水区, 新北区"
economical_county,1985,88,3,1.3333333333333333,"望奎县, 安达市, 五大连池市"
economical_county,1985,89,1,0.0,海城市
economical_county,1985,90,1,0.0,雨山区
economical_county,1985,91,1,0.0,环县
economical_county,1985,92,2,1.0,"西夏区, 隆德县"
economical_county,1985,93,2,1.0,"仙桃市, 耒阳市"
economical_county,1985,94,1,0.0,鼎城区
economical_county,1985,95,3,1.3333333333333333,"富顺县, 翠屏区, 华宁县"
economical_county,1985,96,4,1.5,"巴南区, 大足区, 工布江达县"
economical_county,1985,97,1,0.0,遂平县
economical_county,1985,98,1,0.0,驿城区
economical_county,1985,99,1,0.0,织金县
economical_county,1985,100,1,0.0,高淳区
economical_county,1985,101,1,0.0,腾冲市
economical_county,1985,102,3,1.3333333333333333,"奉节县, 江阴市, 宿松县"
economical_county,1985,103,3,1.3333333333333333,"颍上县, 田家庵区, 山亭区"
economical_county,1985,104,4,1.5,"黄浦区, 昆山市, 繁昌县"
economical_county,1985,105,1,0.0,平遥县
economical_county,1985,106,2,1.0,"东河区, 磴口县"
economical_county,1985,107,1,0.0,明水县
economical_county,1985,108,1,0.0,静海区
economical_county,1985,109,2,1.0,"宜兴市, 长兴县"
economical_county,1985,110,3,1.3333333333333333,"江津区, 九龙坡区, 永川区"
economical_county,1985,111,1,0.0,黑山县
economical_county,1985,112,1,0.0,海拉尔区
economical_county,1985,113,4,1.5,"商都县, 新城区, 兴和县"
economical_county,1985,114,1,0.0,淳化县
economical_county,1985,115,1,0.0,阎良区
economical_county,1985,116,1,0.0,古浪县
economical_county,1985,117,1,0.0,海南区
economical_county,1985,118,1,0.0,安溪县
economical_county,1985,119,1,0.0,浮山县
economical_county,1985,120,1,0.0,尧都区
economical_county,1985,121,1,0.0,渠县
economical_county,1985,122,1,0.0,会泽县
economical_county,1985,123,1,0.0,南安市
economical_county,1985,124,1,0.0,闵行区
economical_county,1985,125,1,0.0,久治县
economical_county,1985,126,1,0.0,龙子湖区
economical_county,1985,127,1,0.0,托克托县
economical_county,1985,128,1,0.0,清水河县
economical_county,1985,129,1,0.0,璧山区
economical_county,1985,130,1,0.0,凤翔县
economical_county,1985,131,1,0.0,库尔勒市
economical_county,1985,132,1,0.0,松溪县
economical_county,1985,133,1,0.0,绥德县
economical_county,1985,134,1,0.0,定边县
economical_county,1985,135,1,0.0,苏仙区
economical_county,1985,136,2,1.0,"秦淮区, 平乡县"
economical_county,1985,137,1,0.0,临县
economical_county,1985,138,1,0.0,头屯河区
economical_county,1985,139,1,0.0,万柏林区
economical_county,1985,140,1,0.0,尤溪县
economical_county,1985,141,1,0.0,长安区
economical_county,1985,142,1,0.0,莲湖区
economical_county,1985,143,1,0.0,巧家县
economical_county,1985,144,2,1.0,"勐海县, 澜沧拉祜族自治县"
economical_county,1985,145,1,0.0,七星关区
economical_county,1985,146,4,1.5,"水城县, 汇川区, 铜梁区"
economical_county,1985,147,2,1.0,"钟山区, 泸县"
economical_county,1985,148,1,0.0,大理市
economical_county,1985,149,1,0.0,楚雄市
economical_county,1985,150,1,0.0,蓝田县
economical_county,1985,151,1,0.0,新蔡县
economical_county,1985,152,1,0.0,城中区
economical_county,1985,153,1,0.0,贺兰县
economical_county,1985,154,3,1.3333333333333333,"固始县, 江岸区, 孝昌县"
economical_county,1985,155,1,0.0,公主岭市
economical_county,1985,156,1,0.0,黎平县
economical_county,1985,157,7,2.0,"达拉特旗, 北碚区, 昌平区"
economical_county,1985,158,2,1.0,"卓资县, 察哈尔右翼中旗"
economical_county,1985,159,1,0.0,回民区
economical_county,1985,160,1,0.0,黔西县
economical_county,1985,161,1,0.0,婺源县
economical_county,1985,162,2,1.0,"珠山区, 鄱阳县"
economical_county,1985,163,1,0.0,鄢陵县
economical_county,1985,164,1,0.0,尉犁县
economical_county,1985,165,1,0.0,龙潭区
economical_county,1985,166,1,0.0,伊川县
economical_county,1985,167,1,0.0,洛龙区
economical_county,1985,168,1,0.0,永定区
economical_county,1985,169,1,0.0,思明区
economical_county,1985,170,1,0.0,平鲁区
economical_county,1985,171,1,0.0,朔城区
economical_county,1985,172,1,0.0,阿荣旗
economical_county,1985,173,2,1.0,"铁西区, 辽阳县"
economical_county,1985,174,1,0.0,汉川市
economical_county,1985,175,1,0.0,三门县
economical_county,1985,176,4,1.5,"长汀县, 新罗区, 宁化县"
economical_county,1985,177,1,0.0,同安区
economical_county,1985,178,1,0.0,上高县
economical_county,1985,179,1,0.0,武川县
economical_county,1985,180,1,0.0,乾安县
economical_county,1985,181,1,0.0,绿园区
economical_county,1985,182,1,0.0,柳林县
economical_county,1985,183,1,0.0,离石区
economical_county,1985,184,1,0.0,布尔津县
economical_county,1985,185,1,0.0,米东区
economical_county,1985,186,1,0.0,墨江哈尼族自治县
economical_county,1985,187,1,0.0,富县
economical_county,1985,188,2,1.0,"横山区, 惠农区"
economical_county,1985,189,1,0.0,罗甸县
economical_county,1985,190,1,0.0,清新区
economical_county,1985,191,1,0.0,江北区
economical_county,1985,192,1,0.0,隆化县
economical_county,1985,193,1,0.0,顺义区
economical_county,1985,194,1,0.0,麒麟区
economical_county,1985,195,2,1.0,"忠县, 弥渡县"
economical_county,1985,196,3,1.3333333333333333,"单县, 洛宁县, 新安县"
economical_county,1985,197,1,0.0,江安县
economical_county,1985,198,1,0.0,临夏市
economical_county,1985,199,1,0.0,奈曼旗
economical_county,1985,200,1,0.0,科尔沁区
economical_county,1985,201,4,1.5,"红花岗区, 潼南区, 建阳区"
economical_county,1985,202,1,0.0,芦淞区
economical_county,1985,203,2,1.0,"平武县, 大英县"
economical_county,1985,204,1,0.0,游仙区
economical_county,1985,205,2,1.0,"新乡县, 随县"
economical_county,1985,206,1,0.0,红旗区
economical_county,1985,207,1,0.0,大渡口区
economical_county,1985,208,2,1.0,"滨海新区, 乐陵市"
economical_county,1985,209,1,0.0,九原区
economical_county,1985,210,1,0.0,怀安县
economical_county,1985,211,1,0.0,昆都仑区
economical_county,1985,212,1,0.0,历下区
economical_county,1985,213,1,0.0,康保县
economical_county,1985,214,2,1.0,"西华县, 文安县"
economical_county,1985,215,1,0.0,镇赉县
economical_county,1985,216,1,0.0,龙华区
economical_county,1985,217,1,0.0,汾阳市
economical_county,1985,218,1,0.0,西峰区
economical_county,1985,219,2,1.0,"梅县区, 光明区"
economical_county,1985,220,1,0.0,洛南县
economical_county,1985,221,3,1.3333333333333333,"黄陵县, 清涧县, 石楼县"
economical_county,1985,222,1,0.0,延川县
economical_county,1985,223,1,0.0,宝塔区
economical_county,1985,224,1,0.0,内乡县
economical_county,1985,225,1,0.0,郧阳区
economical_county,1985,226,1,0.0,雁山区
economical_county,1985,227,2,1.0,"琼海市, 雷州市"
economical_county,1985,228,1,0.0,玉屏侗族自治县
economical_county,1985,229,1,0.0,芷江侗族自治县
economical_county,1985,230,2,1.0,"潮阳区, 天涯区"
economical_county,1985,231,1,0.0,涟源市
economical_county,1985,232,1,0.0,吉阳区
economical_county,1985,233,2,1.0,"矿区, 平定县"
economical_county,1985,234,2,1.0,"盂县, 郊区"
economical_county,1985,235,1,0.0,伊金霍洛旗
economical_county,1985,236,1,0.0,泊头市
economical_county,1985,237,1,0.0,东港区
economical_county,1985,238,2,1.0,"满城区, 灵寿县"
economical_county,1985,239,1,0.0,乡宁县
economical_county,1985,240,2,1.0,"肥城市, 东昌府区"
economical_county,1985,241,1,0.0,崂山区
economical_county,1985,242,2,1.0,"衡南县, 福田区"
economical_county,1985,243,1,0.0,北湖区
economical_county,1985,244,1,0.0,夏邑县
economical_county,1985,245,1,0.0,禹王台区
economical_county,1985,246,1,0.0,太康县
economical_county,1985,247,1,0.0,林州市
economical_county,1985,248,1,0.0,朝阳区
economical_county,1985,249,1,0.0,青田县
economical_county,1985,250,1,0.0,枝江市
economical_county,1985,251,1,0.0,西陵区
economical_county,1985,252,1,0.0,察哈尔右翼前旗
economical_county,1985,253,1,0.0,陇西县
economical_county,1985,254,3,1.3333333333333333,"个旧市, 罗山县, 张家港市"
economical_county,1985,255,1,0.0,上犹县
economical_county,1985,256,1,0.0,海珠区
economical_county,1985,257,1,0.0,献县
economical_county,1985,258,1,0.0,稷山县
economical_county,1985,259,1,0.0,融安县
economical_county,1985,260,1,0.0,钦南区
economical_county,1985,261,2,1.0,"兴宁区, 都安瑶族自治县"
economical_county,1985,262,1,0.0,荣昌区
economical_county,1985,263,1,0.0,成武县
economical_county,1985,264,1,0.0,西岗区
economical_county,1985,265,1,0.0,太和区
economical_county,1985,266,2,1.0,"香坊区, 绥滨县"
economical_county,1985,267,1,0.0,和顺县
economical_county,1985,268,1,0.0,太谷县
economical_county,1985,269,1,0.0,呼兰区
economical_county,1985,270,1,0.0,珲春市
economical_county,1985,271,1,0.0,丰县
economical_county,1985,272,1,0.0,相城区
economical_county,1985,273,1,0.0,房县
economical_county,1985,274,3,1.3333333333333333,"茅箭区, 竹溪县, 大悟县"
economical_county,1985,275,1,0.0,沛县
economical_county,1985,276,1,0.0,兴隆县
economical_county,1985,277,1,0.0,遵化市
economical_county,1985,278,2,1.0,"岳麓区, 双峰县"
economical_county,1985,279,25,1.92,"云岩区, 垫江县, 沙坪坝区"
economical_county,1985,280,2,1.0,"镇平县, 邓州市"
economical_county,1985,281,1,0.0,和布克赛尔蒙古自治县
economical_county,1985,282,2,1.0,"榆次区, 左权县"
economical_county,1985,283,1,0.0,伊通满族自治县
economical_county,1985,284,1,0.0,南关区
economical_county,1985,285,1,0.0,峄城区
economical_county,1985,286,1,0.0,市中区
economical_county,1985,287,1,0.0,富锦市
economical_county,1985,288,1,0.0,同江市
economical_county,1985,289,1,0.0,大名县
economical_county,1985,290,1,0.0,广阳区
economical_county,1985,291,1,0.0,南浔区
economical_county,1985,292,1,0.0,镇海区
economical_county,1985,293,1,0.0,西充县
economical_county,1985,294,1,0.0,临川区
economical_county,1985,295,1,0.0,泾川县
economical_county,1985,296,1,0.0,崆峒区
economical_county,1985,297,1,0.0,巫山县
economical_county,1985,298,1,0.0,兴文县
economical_county,1985,299,1,0.0,蓬江区
economical_county,1985,300,1,0.0,靖安县
economical_county,1985,301,1,0.0,奉新县
economical_county,1985,302,1,0.0,冷水滩区
economical_county,1985,303,1,0.0,萧山区
economical_county,1985,304,1,0.0,丰镇市
economical_county,1985,305,1,0.0,龙井市
economical_county,1985,306,2,1.0,"延吉市, 汪清县"
economical_county,1985,307,1,0.0,新源县
economical_county,1985,308,2,1.0,"集宁区, 苏尼特右旗"
economical_county,1985,309,1,0.0,莱西市
economical_county,1985,310,1,0.0,乌鲁木齐县
economical_county,1985,311,1,0.0,安居区
economical_county,1985,312,2,1.0,"阿克苏市, 温宿县"
economical_county,1985,313,1,0.0,休宁县
economical_county,1985,314,1,0.0,唐河县
economical_county,1985,315,2,1.0,"澄城县, 禹州市"
economical_county,1985,316,1,0.0,土默特左旗
economical_county,1985,317,1,0.0,曲沃县
economical_county,1985,318,1,0.0,侯马市
economical_county,1985,319,1,0.0,海伦市
economical_county,1985,320,1,0.0,金州区
economical_county,1985,321,1,0.0,青冈县
economical_county,1985,322,1,0.0,友谊县
economical_county,1985,323,1,0.0,萨尔图区
economical_county,1985,324,2,1.0,"成华区, 青白江区"
economical_county,1985,325,1,0.0,奎屯市
economical_county,1985,326,1,0.0,大安市
economical_county,1985,327,1,0.0,香河县
economical_county,1985,328,1,0.0,扶余市
economical_county,1985,329,1,0.0,宁江区
economical_county,1985,330,1,0.0,克东县
economical_county,1985,331,1,0.0,路南区
economical_county,1985,332,4,1.5,"肇东市, 南岗区, 肇州县"
economical_county,1985,333,1,0.0,让胡路区
economical_county,1985,334,1,0.0,西林区
economical_county,1985,335,1,0.0,河西区
economical_county,1985,336,1,0.0,岚县
economical_county,1985,337,1,0.0,介休市
economical_county,1985,338,1,0.0,湘乡市
economical_county,1985,339,1,0.0,娄星区
economical_county,1985,340,1,0.0,阜宁县
economical_county,1985,341,2,1.0,"武进区, 盱眙县"
economical_county,1985,342,1,0.0,长葛市
economical_county,1985,343,2,1.0,"中宁县, 原州区"
economical_county,1985,344,1,0.0,甘井子区
economical_county,1985,345,1,0.0,乾县
economical_county,1985,346,2,1.0,"永寿县, 王益区"
economical_county,1985,347,1,0.0,祁门县
economical_county,1985,348,1,0.0,永康市
economical_county,1985,349,1,0.0,永泰县
economical_county,1985,350,1,0.0,大冶市
economical_county,1985,351,1,0.0,巴彦县
economical_county,1985,352,1,0.0,扎鲁特旗
economical_county,1985,353,1,0.0,霍林郭勒市
economical_county,1985,354,1,0.0,零陵区
economical_county,1985,355,1,0.0,石鼓区
economical_county,1985,356,2,1.0,"仁怀市, 古蔺县"
economical_county,1985,357,1,0.0,余姚市
economical_county,1985,358,1,0.0,盐池县
economical_county,1985,359,1,0.0,灵武市
economical_county,1985,360,1,0.0,乐平市
economical_county,1985,361,1,0.0,尚义县
economical_county,1985,362,1,0.0,井陉县
economical_county,1985,363,1,0.0,裕华区
economical_county,1985,364,1,0.0,德惠市
economical_county,1985,365,1,0.0,子洲县
economical_county,1985,366,1,0.0,景县
economical_county,1985,367,1,0.0,桃城区
economical_county,1985,368,1,0.0,郸城县
economical_county,1985,369,1,0.0,甘南县
economical_county,1985,370,1,0.0,平利县
economical_county,1985,371,1,0.0,绥芬河市
economical_county,1985,372,1,0.0,嘉陵区
economical_county,1985,373,1,0.0,连江县
economical_county,1985,374,2,1.0,"惠城区, 泰宁县"
economical_county,1985,375,1,0.0,西乡塘区
economical_county,1985,376,1,0.0,雁峰区
economical_county,1985,377,1,0.0,昔阳县
economical_county,1985,378,1,0.0,城区
economical_county,1985,379,1,0.0,额敏县
economical_county,1985,380,1,0.0,阆中市
economical_county,1985,381,2,1.0,"五华区, 大安区"
economical_county,1985,382,2,1.0,"靖边县, 永城市"
economical_county,1985,383,1,0.0,红桥区
economical_county,1985,384,1,0.0,秀英区
economical_county,1985,385,4,2.0,"澄迈县, 万宁市, 琼山区"
economical_county,1985,386,1,0.0,禹会区
economical_county,1985,387,1,0.0,永年区
economical_county,1985,388,1,0.0,双阳区
economical_county,1985,389,1,0.0,叶城县
economical_county,1985,390,1,0.0,蔚县
economical_county,1985,391,1,0.0,玉山县
economical_county,1985,392,1,0.0,霍尔果斯市
economical_county,1985,393,1,0.0,杭锦后旗
economical_county,1985,394,2,1.0,"城西区, 伊宁市"
economical_county,1985,395,1,0.0,蓬安县
economical_county,1985,396,3,1.3333333333333333,"潮南区, 揭西县, 五指山市"
economical_county,1985,397,1,0.0,磐石市
economical_county,1985,398,1,0.0,会东县
economical_county,1985,399,2,1.0,"依兰县, 龙沙区"
economical_county,1985,400,1,0.0,东城区
economical_county,1985,401,1,0.0,青浦区
economical_county,1985,402,2,1.0,"蒲城县, 潼关县"
economical_county,1985,403,1,0.0,东丽区
economical_county,1985,404,1,0.0,乌拉特前旗
economical_county,1985,405,1,0.0,拜泉县
economical_county,1985,406,2,1.0,"铁西区, 兴城市"
economical_county,1985,407,1,0.0,弓长岭区
economical_county,1985,408,1,0.0,宏伟区
economical_county,1985,409,1,0.0,榆树市
economical_county,1985,410,1,0.0,阿城区
economical_county,1985,411,1,0.0,敦化市
economical_county,1985,412,1,0.0,通州区
economical_county,1985,413,1,0.0,郓城县
economical_county,1985,414,1,0.0,格尔木市
economical_county,1985,415,1,0.0,内黄县
economical_county,1985,416,1,0.0,中江县
economical_county,1985,417,1,0.0,新市区
economical_county,1985,418,1,0.0,沽源县
economical_county,1985,419,1,0.0,定兴县
economical_county,1985,420,1,0.0,竞秀区
economical_county,1985,421,1,0.0,盖州市
economical_county,1985,422,1,0.0,松北区
economical_county,1985,423,1,0.0,讷河市
economical_county,1985,424,2,1.0,"红岗区, 肇源县"
economical_county,1985,425,1,0.0,利津县
economical_county,1985,426,2,1.0,"西吉县, 临河区"
economical_county,1985,427,1,0.0,青铜峡市
economical_county,1985,428,3,1.3333333333333333,"利通区, 兴庆区, 静宁县"
economical_county,1985,429,1,0.0,永登县
economical_county,1985,430,1,0.0,和静县
economical_county,1985,431,1,0.0,焉耆回族自治县
economical_county,1985,432,1,0.0,津南区
economical_county,1985,433,1,0.0,偃师市
economical_county,1985,434,1,0.0,望花区
economical_county,1985,435,1,0.0,大同区
economical_county,1985,436,3,1.3333333333333333,"柳城县, 鱼峰区, 桂平市"
economical_county,1985,437,1,0.0,安宁市
economical_county,1985,438,1,0.0,汉阳区
economical_county,1985,439,1,0.0,涿州市
economical_county,1985,440,1,0.0,云梦县
economical_county,1985,441,2,1.0,"孝南区, 平昌县"
economical_county,1985,442,2,1.0,"西平县, 铁东区"
economical_county,1985,443,4,1.5,"北辰区, 怀宁县, 达川区"
economical_county,1985,444,1,0.0,胶州市
economical_county,1985,445,1,0.0,武都区
economical_county,1985,446,1,0.0,西青区
economical_county,1985,447,1,0.0,蒙城县
economical_county,1985,448,7,2.0,"玄武区, 宿豫区, 鼓楼区"
economical_county,1985,449,1,0.0,霍州市
economical_county,1985,450,1,0.0,小店区
economical_county,1985,451,3,1.3333333333333333,"鄞州区, 临海市, 安定区"
economical_county,1985,452,2,1.0,"思茅区, 宁洱哈尼族彝族自治县"
economical_county,1985,453,1,0.0,武山县
economical_county,1985,454,1,0.0,安宁区
economical_county,1985,455,1,0.0,渝水区
economical_county,1985,456,1,0.0,浦江县
economical_county,1985,457,1,0.0,下城区
economical_county,1985,458,1,0.0,清原满族自治县
economical_county,1985,459,1,0.0,市南区
economical_county,1985,460,1,0.0,喀什市
economical_county,1985,461,1,0.0,水磨沟区
economical_county,1985,462,1,0.0,习水县
economical_county,1985,463,1,0.0,秀屿区
economical_county,1985,464,1,0.0,汾西县
economical_county,1985,465,2,1.0,"迎泽区, 新绛县"
economical_county,1985,466,1,0.0,清徐县
economical_county,1985,467,1,0.0,临武县
economical_county,1985,468,1,0.0,霍山县
economical_county,1985,469,2,1.0,"裕安区, 庐阳区"
economical_county,1985,470,1,0.0,湄潭县
economical_county,1985,471,1,0.0,景东彝族自治县
economical_county,1985,472,1,0.0,曲水县
economical_county,1985,473,4,1.5,"城关区, 大邑县, 林周县"
economical_county,1985,474,1,0.0,洪山区
economical_county,1985,475,2,1.0,"玉泉区, 和林格尔县"
economical_county,1985,476,1,0.0,黄州区
economical_county,1985,477,1,0.0,密山市
economical_county,1985,478,1,0.0,湘东区
economical_county,1985,479,1,0.0,庆云县
economical_county,1985,480,1,0.0,沙坡头区
economical_county,1985,481,1,0.0,紫阳县
economical_county,1985,482,1,0.0,同心县
economical_county,1985,483,1,0.0,彭阳县
economical_county,1985,484,1,0.0,新昌县
economical_county,1985,485,1,0.0,阳谷县
economical_county,1985,486,1,0.0,莲池区
economical_county,1985,487,1,0.0,北镇市
economical_county,1985,488,1,0.0,平山区
economical_county,1985,489,1,0.0,海原县
economical_county,1985,490,1,0.0,桐城市
economical_county,1985,491,1,0.0,迎江区
economical_county,1985,492,1,0.0,五常市
economical_county,1985,493,1,0.0,永济市
economical_county,1985,494,1,0.0,红山区
economical_county,1985,495,1,0.0,龙江县
economical_county,1985,496,1,0.0,塔河县
economical_county,1985,497,1,0.0,喀喇沁左翼蒙古族自治县
economical_county,1985,498,1,0.0,苏家屯区
economical_county,1985,499,1,0.0,维西傈僳族自治县
economical_county,1985,500,1,0.0,莘县
economical_county,1985,501,1,0.0,大兴区
economical_county,1985,502,1,0.0,綦江区
economical_county,1985,503,1,0.0,闽清县
economical_county,1985,504,1,0.0,沙县
economical_county,1985,505,1,0.0,禄劝彝族苗族自治县
economical_county,1985,506,1,0.0,梅河口市
economical_county,1985,507,1,0.0,泸西县
economical_county,1985,508,1,0.0,太子河区
economical_county,1985,509,1,0.0,洋县
economical_county,1985,510,1,0.0,昌吉市
economical_county,1985,511,1,0.0,博湖县
economical_county,1985,512,1,0.0,尼木县
economical_county,1985,513,1,0.0,红古区
economical_county,1985,514,1,0.0,寿阳县
economical_county,1985,515,1,0.0,云县
economical_county,1985,516,1,0.0,正蓝旗
economical_county,1985,517,1,0.0,多伦县
economical_county,1985,518,1,0.0,城固县
economical_county,1985,519,3,1.3333333333333333,"椒江区, 宁海县, 建华区"
economical_county,1985,520,1,0.0,正镶白旗
economical_county,1985,521,2,1.0,"锡林浩特市, 张北县"
economical_county,1985,522,1,0.0,友好区
economical_county,1985,523,1,0.0,河曲县
economical_county,1985,524,1,0.0,五寨县
economical_county,1985,525,1,0.0,夷陵区
economical_county,1985,526,1,0.0,和平区
economical_county,1985,527,1,0.0,房山区
economical_county,1985,528,2,1.0,"渝北区, 酉阳土家族苗族自治县"
economical_county,1985,529,1,0.0,秀山土家族苗族自治县
economical_county,1985,530,1,0.0,高安市
economical_county,1985,531,1,0.0,喀喇沁旗
economical_county,1985,532,1,0.0,和平区
economical_county,1985,533,1,0.0,和硕县
economical_county,1985,534,1,0.0,红寺堡区
economical_county,1985,535,1,0.0,龙凤区
economical_county,1985,536,2,1.0,"云阳县, 市中区"
economical_county,1985,537,1,0.0,朝阳县
economical_county,1985,538,1,0.0,曹妃甸区
economical_county,1985,539,1,0.0,肥乡区
economical_county,1985,540,1,0.0,萨迦县
economical_county,1985,541,1,0.0,北流市
economical_county,1985,542,1,0.0,成县
economical_county,1985,543,1,0.0,文县
economical_county,1985,544,1,0.0,砚山县
economical_county,1985,545,1,0.0,远安县
economical_county,1985,546,1,0.0,正安县
economical_county,1985,547,1,0.0,漳浦县
economical_county,1985,548,2,1.0,"仁寿县, 沙湾区"
economical_county,1985,549,1,0.0,雁江区
economical_county,1985,550,1,0.0,大荔县
economical_county,1985,551,1,0.0,高陵区
economical_county,1985,552,1,0.0,新都区
economical_county,1985,553,1,0.0,灵璧县
economical_county,1985,554,1,0.0,句容市
economical_county,1985,555,1,0.0,宝山区
economical_county,1985,556,1,0.0,衡阳县
economical_county,1985,557,1,0.0,五峰土家族自治县
economical_county,1985,558,1,0.0,兴山县
economical_county,1985,559,1,0.0,新华区
economical_county,1985,560,1,0.0,南湖区
economical_county,1985,561,1,0.0,爱民区
economical_county,1985,562,1,0.0,积石山保安族东乡族撒拉族自治县
economical_county,1985,563,1,0.0,乌兰县
economical_county,1985,564,1,0.0,大武口区
economical_county,1985,565,2,1.0,"精河县, 扶风县"
economical_county,1985,566,1,0.0,邳州市
economical_county,1985,567,1,0.0,浈江区
economical_county,1985,568,1,0.0,和平县
economical_county,1985,569,1,0.0,固阳县
economical_county,1985,570,1,0.0,梨树县
economical_county,1985,571,1,0.0,宁明县
economical_county,1985,572,1,0.0,高邮市
economical_county,1985,573,1,0.0,康平县
economical_county,1985,574,1,0.0,乌尔禾区
economical_county,1985,575,1,0.0,兴隆台区
economical_county,1985,576,1,0.0,杭锦旗
economical_county,1985,577,1,0.0,围场满族蒙古族自治县
economical_county,1985,578,1,0.0,薛城区
economical_county,1985,579,1,0.0,凉城县
economical_county,1985,580,1,0.0,赛罕区
economical_county,1985,581,1,0.0,东乡族自治县
economical_county,1985,582,1,0.0,都兰县
economical_county,1985,583,1,0.0,汉源县
economical_county,1985,584,2,1.0,"雨城区, 芦山县"
economical_county,1985,585,1,0.0,江孜县
economical_county,1985,586,1,0.0,安图县
economical_county,1985,587,1,0.0,沁源县
economical_county,1985,588,1,0.0,阿图什市
economical_county,1985,589,1,0.0,临江市
economical_county,1985,590,1,0.0,恩施市
economical_county,1985,591,2,1.0,"原平市, 四子王旗"
economical_county,1985,592,1,0.0,定襄县
economical_county,1985,593,2,1.0,"梁平区, 即墨区"
economical_county,1985,594,1,0.0,富平县
economical_county,1985,595,1,0.0,灞桥区
economical_county,1985,596,2,1.0,"信宜市, 开平市"
economical_county,1985,597,1,0.0,花都区
economical_county,1985,598,1,0.0,临潼区
economical_county,1985,599,1,0.0,耿马傣族佤族自治县
economical_county,1985,600,1,0.0,鲁甸县
economical_county,1985,601,1,0.0,永善县
economical_county,1985,602,1,0.0,海宁市
economical_county,1985,603,1,0.0,忻府区
economical_county,1985,604,1,0.0,兴业县
economical_county,1985,605,1,0.0,番禺区
economical_county,1985,606,1,0.0,门源回族自治县
economical_county,1985,607,1,0.0,石阡县
economical_county,1985,608,1,0.0,双江拉祜族佤族布朗族傣族自治县
economical_county,1985,609,1,0.0,准格尔旗
economical_county,1985,610,1,0.0,轮台县
economical_county,1985,611,1,0.0,新荣区
economical_county,1985,612,1,0.0,团风县
economical_county,1985,613,2,1.0,"嘉荫县, 北林区"
economical_county,1985,614,1,0.0,辉南县
economical_county,1985,615,1,0.0,定安县
economical_county,1985,616,1,0.0,琼中黎族苗族自治县
economical_county,1985,617,1,0.0,景泰县
economical_county,1985,618,1,0.0,紫云苗族布依族自治县
economical_county,1985,619,1,0.0,西秀区
economical_county,1985,620,1,0.0,赤城县
economical_county,1985,621,1,0.0,绥中县
economical_county,1985,622,1,0.0,山海关区
economical_county,1985,623,1,0.0,法库县
economical_county,1985,624,1,0.0,沈河区
economical_county,1985,625,2,1.0,"宾县, 闻喜县"
economical_county,1985,626,1,0.0,河间市
economical_county,1985,627,1,0.0,来安县
economical_county,1985,628,1,0.0,琅琊区
economical_county,1985,629,1,0.0,金阳县
economical_county,1985,630,6,1.6666666666666667,"西昌市, 乐至县, 东兴区"
economical_county,1985,631,1,0.0,封丘县
economical_county,1985,632,1,0.0,沙依巴克区
economical_county,1985,633,1,0.0,自流井区
economical_county,1985,634,1,0.0,行唐县
economical_county,1985,635,1,0.0,船山区
economical_county,1985,636,1,0.0,常熟市
economical_county,1985,637,1,0.0,临潭县
economical_county,1985,638,1,0.0,河南蒙古族自治县
economical_county,1985,639,2,1.0,"武宣县, 柳北区"
economical_county,1985,640,1,0.0,台儿庄区
economical_county,1985,641,1,0.0,临湘市
economical_county,1985,642,1,0.0,安龙县
economical_county,1985,643,2,1.0,"开阳县, 白云区"
economical_county,1985,644,1,0.0,二道区
economical_county,1985,645,1,0.0,姑苏区
economical_county,1985,646,1,0.0,绿春县
economical_county,1985,647,2,1.0,"武清区, 任丘市"
economical_county,1985,648,1,0.0,湘潭县
economical_county,1985,649,1,0.0,长沙县
economical_county,1985,650,1,0.0,淅川县
economical_county,1985,651,1,0.0,张湾区
economical_county,1985,652,1,0.0,涞源县
economical_county,1985,653,1,0.0,沿河土家族自治县
economical_county,1985,654,1,0.0,彝良县
economical_county,1985,655,1,0.0,电白区
economical_county,1985,656,1,0.0,柘荣县
economical_county,1985,657,1,0.0,莒县
economical_county,1985,658,1,0.0,三山区
economical_county,1985,659,1,0.0,丰润区
economical_county,1985,660,1,0.0,玉田县
economical_county,1985,661,1,0.0,舒兰市
economical_county,1985,662,1,0.0,武胜县
economical_county,1985,663,1,0.0,开原市
economical_county,1985,664,1,0.0,建平县
economical_county,1985,665,1,0.0,固安县
economical_county,1985,666,1,0.0,镇沅彝族哈尼族拉祜族自治县
economical_county,1985,667,1,0.0,东川区
economical_county,1985,668,1,0.0,崇信县
economical_county,1985,669,1,0.0,金川区
economical_county,1985,670,1,0.0,阳高县
economical_county,1985,671,1,0.0,镇原县
economical_county,1985,672,1,0.0,埇桥区
economical_county,1985,673,2,1.0,"孟州市, 扶沟县"
economical_county,1985,674,1,0.0,滨海县
economical_county,1985,675,1,0.0,新津县
economical_county,1985,676,1,0.0,临洮县
economical_county,1985,677,1,0.0,进贤县
economical_county,1985,678,1,0.0,安义县
economical_county,1985,679,1,0.0,秀洲区
economical_county,1985,680,1,0.0,乌伊岭区
economical_county,1985,681,1,0.0,开化县
economical_county,1985,682,1,0.0,东阳市
economical_county,1985,683,1,0.0,娄烦县
economical_county,1985,684,1,0.0,新野县
economical_county,1985,685,1,0.0,乌什县
economical_county,1985,686,1,0.0,阳曲县
economical_county,1985,687,3,1.3333333333333333,"普陀区, 盐都区, 郯城县"
economical_county,1985,688,1,0.0,庆安县
economical_county,1985,689,1,0.0,襄州区
economical_county,1985,690,1,0.0,樊城区
economical_county,1985,691,1,0.0,太仆寺旗
economical_county,1985,692,1,0.0,繁峙县
economical_county,1985,693,1,0.0,宜丰县
economical_county,1985,694,1,0.0,白云区
economical_county,1985,695,1,0.0,安阳县
economical_county,1985,696,1,0.0,殷都区
economical_county,1985,697,1,0.0,辽中区
economical_county,1985,698,1,0.0,天山区
economical_county,1985,699,1,0.0,长宁县
economical_county,1985,700,1,0.0,沙湾县
economical_county,1985,701,1,0.0,尼勒克县
economical_county,1985,702,1,0.0,合水县
economical_county,1985,703,1,0.0,科尔沁右翼中旗
economical_county,1985,704,1,0.0,宾阳县
economical_county,1985,705,1,0.0,江南区
economical_county,1985,706,1,0.0,五台县
economical_county,1985,707,2,1.0,"古交市, 静乐县"
economical_county,1985,708,1,0.0,普定县
economical_county,1985,709,1,0.0,扬中市
economical_county,1985,710,1,0.0,延平区
economical_county,1985,711,1,0.0,宁晋县
economical_county,1985,712,3,1.3333333333333333,"抚宁区, 中原区, 青龙满族自治县"
economical_county,1985,713,1,0.0,路北区
economical_county,1985,714,1,0.0,无极县
economical_county,1985,715,1,0.0,桥西区
economical_county,1985,716,1,0.0,汉滨区
economical_county,1985,717,1,0.0,大石桥市
economical_county,1985,718,1,0.0,伊春区
economical_county,1985,719,1,0.0,宜章县
economical_county,1985,720,1,0.0,宜阳县
economical_county,1985,721,2,1.0,"西工区, 民权县"
economical_county,1985,722,1,0.0,雨花区
economical_county,1985,723,2,1.0,"乌兰浩特市, 道外区"
economical_county,1985,724,1,0.0,乐东黎族自治县
economical_county,1985,725,2,1.0,"虎林市, 城子河区"
economical_county,1985,726,1,0.0,大祥区
economical_county,1985,727,1,0.0,屏边苗族自治县
economical_county,1985,728,1,0.0,南芬区
economical_county,1985,729,1,0.0,浑南区
economical_county,1985,730,1,0.0,监利县
economical_county,1985,731,1,0.0,象州县
economical_county,1985,732,1,0.0,罗平县
economical_county,1985,733,1,0.0,红塔区
economical_county,1985,734,1,0.0,三原县
economical_county,1985,735,1,0.0,原阳县
economical_county,1985,736,1,0.0,管城回族区
economical_county,1985,737,1,0.0,延津县
economical_county,1985,738,1,0.0,卫滨区
economical_county,1985,739,1,0.0,洪洞县
economical_county,1985,740,1,0.0,古县
economical_county,1985,741,1,0.0,平罗县
economical_county,1985,742,1,0.0,宕昌县
economical_county,1985,743,1,0.0,海勃湾区
economical_county,1985,744,1,0.0,兴义市
economical_county,1985,745,1,0.0,丹江口市
economical_county,1985,746,1,0.0,庆城县
economical_county,1985,747,1,0.0,杏花岭区
economical_county,1985,748,1,0.0,当涂县
economical_county,1985,749,1,0.0,江宁区
economical_county,1985,750,1,0.0,右玉县
economical_county,1985,751,1,0.0,左云县
economical_county,1985,752,2,1.0,"沿滩区, 双柏县"
economical_county,1985,753,2,1.0,"保亭黎族苗族自治县, 文昌市"
economical_county,1985,754,1,0.0,东安县
economical_county,1985,755,1,0.0,北关区
economical_county,1985,756,1,0.0,长顺县
economical_county,1985,757,1,0.0,盘山县
economical_county,1985,758,1,0.0,呈贡区
economical_county,1985,759,1,0.0,正阳县
economical_county,1985,760,1,0.0,东区
economical_county,1985,761,1,0.0,庄浪县
economical_county,1985,762,1,0.0,双城区
economical_county,1985,763,1,0.0,樟树市
economical_county,1985,764,1,0.0,上栗县
economical_county,1985,765,1,0.0,博乐市
economical_county,1985,766,1,0.0,巩义市
economical_county,1985,767,1,0.0,麦盖提县
economical_county,1985,768,1,0.0,木兰县
economical_county,1985,769,1,0.0,龙山县
economical_county,1985,770,1,0.0,东平县
economical_county,1985,771,1,0.0,南开区
economical_county,1985,772,1,0.0,寿宁县
economical_county,1985,773,1,0.0,滦平县
economical_county,1985,774,1,0.0,拜城县
economical_county,1985,775,2,1.0,"顺德区, 新兴县"
economical_county,1985,776,1,0.0,于都县
economical_county,1985,777,1,0.0,天河区
economical_county,1985,778,1,0.0,渭源县
economical_county,1985,779,1,0.0,高昌区
economical_county,1985,780,1,0.0,镇安县
economical_county,1985,781,1,0.0,大通回族土族自治县
economical_county,1985,782,1,0.0,鄂托克旗
economical_county,1985,783,1,0.0,彰武县
economical_county,1985,784,1,0.0,秭归县
economical_county,1985,785,1,0.0,霍城县
economical_county,1985,786,1,0.0,巩留县
economical_county,1985,787,1,0.0,襄汾县
economical_county,1985,788,1,0.0,灵丘县
economical_county,1985,789,1,0.0,泗阳县
economical_county,1985,790,1,0.0,若羌县
economical_county,1985,791,1,0.0,长阳土家族自治县
economical_county,1985,792,1,0.0,泽州县
economical_county,1985,793,1,0.0,高平市
economical_county,1985,794,1,0.0,广水市
economical_county,1985,795,1,0.0,鄂城区
economical_county,1985,796,1,0.0,立山区
economical_county,1985,797,1,0.0,东方市
economical_county,1985,798,1,0.0,美兰区
economical_county,1985,799,1,0.0,滨湖区
economical_county,1985,800,1,0.0,岳池县
economical_county,1985,801,1,0.0,清镇市
economical_county,1985,802,1,0.0,玉门市
economical_county,1985,803,1,0.0,颍泉区
economical_county,1985,804,1,0.0,马关县
economical_county,1985,805,1,0.0,柘城县
economical_county,1985,806,1,0.0,永宁县
economical_county,1985,807,1,0.0,旬邑县
economical_county,1985,808,1,0.0,澧县
economical_county,1985,809,1,0.0,西区
economical_county,1985,810,1,0.0,旌阳区
economical_county,1985,811,1,0.0,孟连傣族拉祜族佤族自治县
economical_county,1985,812,1,0.0,扶绥县
economical_county,1985,813,1,0.0,天祝藏族自治县
economical_county,1985,814,1,0.0,肃北蒙古族自治县
economical_county,1985,815,1,0.0,龙州县
economical_county,1985,816,1,0.0,凭祥市
economical_county,1985,817,1,0.0,兰陵县
economical_county,1985,818,1,0.0,南昌县
economical_county,1985,819,1,0.0,新建区
economical_county,1985,820,1,0.0,任县
economical_county,1985,821,1,0.0,尚志市
economical_county,1985,822,1,0.0,望城区
economical_county,1985,823,3,1.3333333333333333,"广安区, 金平苗族瑶族傣族自治县, 建水县"
economical_county,1985,824,1,0.0,双流区
economical_county,1985,825,1,0.0,皋兰县
economical_county,1985,826,1,0.0,锦屏县
economical_county,1985,827,1,0.0,潢川县
economical_county,1985,828,1,0.0,平和县
economical_county,1985,829,1,0.0,奉贤区
economical_county,1985,830,1,0.0,华坪县
economical_county,1985,831,1,0.0,永吉县
economical_county,1985,832,1,0.0,安化县
economical_county,1985,833,1,0.0,三水区
economical_county,1985,834,1,0.0,沁水县
economical_county,1985,835,1,0.0,夏县
economical_county,1985,836,1,0.0,河口瑶族自治县
economical_county,1985,837,1,0.0,未央区
economical_county,1985,838,1,0.0,宁陕县
economical_county,1985,839,1,0.0,洞口县
economical_county,1985,840,1,0.0,惠阳区
economical_county,1985,841,1,0.0,扎兰屯市
economical_county,1985,842,1,0.0,陈巴尔虎旗
economical_county,1985,843,1,0.0,濮阳县
economical_county,1985,844,1,0.0,观山湖区
economical_county,1985,845,1,0.0,福泉市
economical_county,1985,846,2,1.0,"黄平县, 花溪区"
economical_county,1985,847,1,0.0,威远县
economical_county,1985,848,1,0.0,垣曲县
economical_county,1985,849,1,0.0,邛崃市
economical_county,1985,850,1,0.0,威宁彝族回族苗族自治县
economical_county,1985,851,1,0.0,邱县
economical_county,1985,852,1,0.0,威县
economical_county,1985,853,1,0.0,达日县
economical_county,1985,854,1,0.0,猇亭区
economical_county,1985,855,1,0.0,临夏县
economical_county,1985,856,1,0.0,赞皇县
economical_county,1985,857,1,0.0,鹿泉区
economical_county,1985,858,1,0.0,红河县
economical_county,1985,859,1,0.0,文水县
economical_county,1985,860,1,0.0,元阳县
economical_county,1985,861,1,0.0,月湖区
economical_county,1985,862,1,0.0,涡阳县
economical_county,1985,863,1,0.0,通渭县
economical_county,1985,864,1,0.0,七里河区
economical_county,1985,865,1,0.0,府谷县
economical_county,1985,866,1,0.0,凤县
economical_county,1985,867,1,0.0,新城区
economical_county,1985,868,1,0.0,清丰县
economical_county,1985,869,1,0.0,高密市
economical_county,1985,870,1,0.0,太和县
economical_county,1985,871,1,0.0,茶陵县
economical_county,1985,872,1,0.0,双清区
economical_county,1985,873,1,0.0,英吉沙县
economical_county,1985,874,1,0.0,岚山区
economical_county,1985,875,1,0.0,松桃苗族自治县
economical_county,1985,876,2,1.0,"南海区, 云安区"
economical_county,1985,877,1,0.0,长安区
economical_county,1985,878,5,1.6,"荔湾区, 岳阳楼区, 芙蓉区"
economical_county,1985,879,1,0.0,赫山区
economical_county,1985,880,1,0.0,临高县
economical_county,1985,881,1,0.0,农安县
economical_county,1985,882,1,0.0,新青区
economical_county,1985,883,1,0.0,虹口区
economical_county,1985,884,1,0.0,晋安区
economical_county,1985,885,1,0.0,玉州区
economical_county,1985,886,1,0.0,科尔沁左翼后旗
economical_county,1985,887,1,0.0,前郭尔罗斯蒙古族自治县
economical_county,1985,888,1,0.0,调兵山市
economical_county,1985,889,1,0.0,安泽县
economical_county,1985,890,1,0.0,山阴县
economical_county,1985,891,1,0.0,金凤区
economical_county,1985,892,1,0.0,漳县
economical_county,1985,893,1,0.0,瀍河回族区
economical_county,1985,894,1,0.0,义马市
economical_county,1985,895,1,0.0,青羊区
economical_county,1985,896,1,0.0,瑶海区
economical_county,1985,897,1,0.0,阳春市
economical_county,1985,898,1,0.0,土默特右旗
economical_county,1985,899,2,1.0,"宁武县, 宁津县"
economical_county,1985,900,1,0.0,皇姑区
economical_county,1985,901,1,0.0,城口县
economical_county,1985,902,1,0.0,肃南裕固族自治县
economical_county,1985,903,1,0.0,甘州区
economical_county,1985,904,1,0.0,红谷滩区
economical_county,1985,905,1,0.0,隆回县
economical_county,1985,906,1,0.0,二道江区
economical_county,1985,907,1,0.0,江源区
economical_county,1985,908,1,0.0,代县
economical_county,1985,909,1,0.0,永靖县
economical_county,1985,910,1,0.0,岫岩满族自治县
economical_county,1985,911,1,0.0,大姚县
economical_county,1985,912,1,0.0,青山区
economical_county,1985,913,1,0.0,肃州区
economical_county,1985,914,1,0.0,任城区
economical_county,1985,915,1,0.0,平阴县
economical_county,1985,916,1,0.0,牙克石市
economical_county,1985,917,1,0.0,海港区
economical_county,1985,918,1,0.0,岭东区
economical_county,1985,919,1,0.0,赵县
economical_county,1985,920,1,0.0,栾城区
economical_county,1985,921,1,0.0,呼图壁县
economical_county,1985,922,1,0.0,大城县
economical_county,1985,923,1,0.0,洮北区
economical_county,1985,924,1,0.0,甘谷县
economical_county,1985,925,1,0.0,疏附县
economical_county,1985,926,1,0.0,江都区
economical_county,1985,927,1,0.0,锦江区
economical_county,1985,928,1,0.0,鸡东县
economical_county,1985,929,1,0.0,临颍县
economical_county,1985,930,1,0.0,泌阳县
economical_county,1985,931,1,0.0,沙雅县
economical_county,1985,932,1,0.0,五莲县
economical_county,1985,933,1,0.0,黄骅市
economical_county,1985,934,1,0.0,新华区
economical_county,1985,935,1,0.0,桦南县
economical_county,1985,936,1,0.0,东港市
economical_county,1985,937,1,0.0,越城区
economical_county,1985,938,1,0.0,河口区
economical_county,1985,939,1,0.0,罗定市
economical_county,1985,940,1,0.0,斗门区
economical_county,1985,941,1,0.0,泾源县
economical_county,1985,942,1,0.0,泾阳县
economical_county,1985,943,1,0.0,阳信县
economical_county,1985,944,1,0.0,梁山县
economical_county,1985,945,1,0.0,李沧区
economical_county,1985,946,1,0.0,磁县
economical_county,1985,947,1,0.0,温县
economical_county,1985,948,1,0.0,文峰区
economical_county,1985,949,1,0.0,灵石县
economical_county,1985,950,1,0.0,饶平县
economical_county,1985,951,1,0.0,金城江区
economical_county,1985,952,1,0.0,宽甸满族自治县
economical_county,1985,953,1,0.0,老边区
economical_county,1985,954,1,0.0,旅顺口区
economical_county,1985,955,1,0.0,林口县
economical_county,1985,956,1,0.0,通江县
economical_county,1985,957,1,0.0,绛县
economical_county,1985,958,1,0.0,鹤庆县
economical_county,1985,959,1,0.0,长子县
economical_county,1985,960,1,0.0,东坡区
economical_county,1985,961,1,0.0,吴桥县
economical_county,1985,962,1,0.0,共和县
economical_county,1985,963,1,0.0,同德县
economical_county,1985,964,1,0.0,开平区
economical_county,1985,965,1,0.0,宝坻区
economical_county,1985,966,1,0.0,弋江区
economical_county,1985,967,1,0.0,洞头区
economical_county,1985,968,1,0.0,龙川县
economical_county,1985,969,1,0.0,荷塘区
economical_county,1985,970,1,0.0,长武县
economical_county,1985,971,1,0.0,昌黎县
economical_county,1985,972,1,0.0,义县
economical_county,1985,973,1,0.0,滦南县
economical_county,1985,974,1,0.0,勃利县
economical_county,1985,975,1,0.0,茄子河区
economical_county,1985,976,1,0.0,淮安区
economical_county,1985,977,1,0.0,沭阳县
economical_county,1985,978,1,0.0,独山县
economical_county,1985,979,1,0.0,慈溪市
economical_county,1985,980,1,0.0,承德县
economical_county,1985,981,1,0.0,良庆区
economical_county,1985,982,1,0.0,柯桥区
economical_county,1985,983,1,0.0,巨鹿县
economical_county,1985,984,1,0.0,碑林区
economical_county,1985,985,1,0.0,明光市
economical_county,1985,986,1,0.0,苍梧县
economical_county,1985,987,1,0.0,岑溪市
economical_county,1985,988,1,0.0,商水县
economical_county,1985,989,1,0.0,卫东区
economical_county,1985,990,1,0.0,礼泉县
economical_county,1985,991,1,0.0,渭城区
economical_county,1985,992,1,0.0,西湖区
economical_county,1985,993,1,0.0,吉安县
economical_county,1985,994,1,0.0,云溪区
economical_county,1985,995,1,0.0,黄埔区
economical_county,1985,996,1,0.0,桑珠孜区
economical_county,1985,997,1,0.0,定日县
economical_county,1985,998,1,0.0,息县
economical_county,1985,999,1,0.0,伽师县
economical_county,1985,1000,1,0.0,江油市
economical_county,1985,1001,1,0.0,藁城区
economical_county,1985,1002,1,0.0,天长市
economical_county,1985,1003,3,1.3333333333333333,"新化县, 雨湖区, 越秀区"
economical_county,1985,1004,1,0.0,龙湖区
economical_county,1985,1005,1,0.0,凤城市
economical_county,1985,1006,1,0.0,墨竹工卡县
economical_county,1985,1007,5,1.6,"道县, 天心区, 湘阴县"
economical_county,1985,1008,1,0.0,崖州区
economical_county,1985,1009,1,0.0,禄丰县
economical_county,1985,1010,1,0.0,淮阴区
economical_county,1985,1011,1,0.0,尉氏县
economical_county,1985,1012,1,0.0,牡丹区
economical_county,1985,1013,1,0.0,古城区
economical_county,1985,1014,1,0.0,巨野县
economical_county,1985,1015,1,0.0,清水县
economical_county,1985,1016,1,0.0,荆州区
economical_county,1985,1017,1,0.0,灵台县
economical_county,1985,1018,1,0.0,钟祥市
economical_county,1985,1019,1,0.0,博白县
economical_county,1985,1020,1,0.0,福绵区
economical_county,1985,1021,1,0.0,浔阳区
economical_county,1985,1022,1,0.0,扎赉特旗
economical_county,1985,1023,1,0.0,邕宁区
economical_county,1985,1024,1,0.0,隆阳区
economical_county,1985,1025,2,1.0,"瑞丽市, 芒市"
economical_county,1985,1026,1,0.0,偏关县
economical_county,1985,1027,1,0.0,岚皋县
economical_county,1985,1028,1,0.0,澄海区
economical_county,1985,1029,1,0.0,抚松县
economical_county,1985,1030,1,0.0,宣汉县
economical_county,1985,1031,1,0.0,霍邱县
economical_county,1985,1032,2,1.0,"德清县, 桐乡市"
economical_county,1985,1033,1,0.0,榆中县
economical_county,1985,1034,1,0.0,高阳县
economical_county,1985,1035,1,0.0,莱州市
economical_county,1985,1036,1,0.0,梅列区
economical_county,1985,1037,1,0.0,礼县
economical_county,1985,1038,1,0.0,麦积区
economical_county,1985,1039,1,0.0,宜都市
economical_county,1985,1040,1,0.0,富川瑶族自治县
economical_county,1985,1041,1,0.0,八步区
economical_county,1985,1042,1,0.0,西固区
economical_county,1985,1043,1,0.0,疏勒县
economical_county,1985,1044,1,0.0,五原县
economical_county,1985,1045,1,0.0,突泉县
economical_county,1985,1046,1,0.0,余干县
economical_county,1985,1047,1,0.0,大竹县
economical_county,1985,1048,1,0.0,化德县
economical_county,1985,1049,1,0.0,二连浩特市
economical_county,1985,1050,1,0.0,宜良县
economical_county,1985,1051,1,0.0,嵩县
economical_county,1985,1052,1,0.0,襄城县
economical_county,1985,1053,1,0.0,连山区
economical_county,1985,1054,1,0.0,东辽县
economical_county,1985,1055,1,0.0,南召县
economical_county,1985,1056,1,0.0,卧龙区
economical_county,1985,1057,1,0.0,瓯海区
economical_county,1985,1058,1,0.0,奇台县
economical_county,1985,1059,1,0.0,沈北新区
economical_county,1985,1060,1,0.0,昌江黎族自治县
economical_county,1985,1061,1,0.0,新田县
economical_county,1985,1062,1,0.0,全南县
economical_county,1985,1063,1,0.0,新乐市
economical_county,1985,1064,1,0.0,正定县
economical_county,1985,1065,1,0.0,桂阳县
economical_county,1985,1066,1,0.0,昌邑市
economical_county,1985,1067,1,0.0,徐汇区
economical_county,1985,1068,1,0.0,泗洪县
economical_county,1985,1069,1,0.0,华蓥市
economical_county,1985,1070,1,0.0,浏阳市
economical_county,1985,1071,1,0.0,汤原县
economical_county,1985,1072,1,0.0,青云谱区
economical_county,1985,1073,1,0.0,合山市
economical_county,1985,1074,1,0.0,武定县
economical_county,1985,1075,1,0.0,祁县
economical_county,1985,1076,1,0.0,隆尧县
economical_county,1985,1077,1,0.0,东昌区
economical_county,1985,1078,1,0.0,石首市
economical_county,1985,1079,1,0.0,黄梅县
economical_county,1985,1080,1,0.0,海棠区
economical_county,1985,1081,1,0.0,东源县
economical_county,1985,1082,1,0.0,闽侯县
economical_county,1985,1083,1,0.0,巴东县
economical_county,1985,1084,1,0.0,开鲁县
economical_county,1985,1085,1,0.0,桐庐县
economical_county,1985,1086,1,0.0,屏山县
economical_county,1985,1087,1,0.0,和政县
economical_county,1985,1088,1,0.0,张家川回族自治县
economical_county,1985,1089,1,0.0,卫辉市
economical_county,1985,1090,1,0.0,睢阳区
economical_county,1985,1091,1,0.0,全椒县
economical_county,1985,1092,1,0.0,三江侗族自治县
economical_county,1985,1093,1,0.0,岳普湖县
economical_county,1985,1094,1,0.0,华龙区
economical_county,1985,1095,1,0.0,灵山县
economical_county,1985,1096,2,1.0,"金台区, 安新县"
economical_county,1985,1097,1,0.0,抚顺县
economical_county,1985,1098,1,0.0,渝中区
economical_county,1985,1099,1,0.0,灯塔市
economical_county,1985,1100,1,0.0,刚察县
economical_county,1985,1101,1,0.0,白玉县
economical_county,1985,1102,1,0.0,上思县
economical_county,1985,1103,1,0.0,霞山区
economical_county,1985,1104,1,0.0,五通桥区
economical_county,1985,1105,1,0.0,丰满区
economical_county,1985,1106,1,0.0,元宝区
economical_county,1985,1107,1,0.0,南江县
economical_county,1985,1108,1,0.0,伊宁县
economical_county,1985,1109,1,0.0,溪湖区
economical_county,1985,1110,1,0.0,从化区
economical_county,1985,1111,1,0.0,城区
economical_county,1985,1112,1,0.0,阿拉善左旗
economical_county,1985,1113,1,0.0,平桥区
economical_county,1985,1114,1,0.0,盐亭县
economical_county,1985,1115,1,0.0,商河县
economical_county,1985,1116,1,0.0,易县
economical_county,1985,1117,1,0.0,蕉城区
economical_county,1985,1118,1,0.0,仓山区
economical_county,1985,1119,1,0.0,城北区
economical_county,1985,1120,1,0.0,新县
economical_county,1985,1121,1,0.0,淳安县
economical_county,1985,1122,2,1.0,"永春县, 三元区"
economical_county,1985,1123,1,0.0,桥西区
economical_county,1985,1124,1,0.0,富裕县
economical_county,1985,1125,1,0.0,道真仡佬族苗族自治县
economical_county,1985,1126,1,0.0,建昌县
economical_county,1985,1127,1,0.0,南沙区
economical_county,1985,1128,1,0.0,遂溪县
economical_county,1985,1129,1,0.0,江口县
economical_county,1985,1130,1,0.0,湖里区
economical_county,1985,1131,1,0.0,天台县
economical_county,1985,1132,1,0.0,武乡县
economical_county,1985,1133,1,0.0,施甸县
economical_county,1985,1134,1,0.0,安平县
economical_county,1985,1135,1,0.0,平度市
economical_county,1985,1136,1,0.0,龙陵县
economical_county,1985,1137,1,0.0,广南县
economical_county,1985,1138,1,0.0,覃塘区
economical_county,1985,1139,1,0.0,合江县
economical_county,1985,1140,1,0.0,盐湖区
economical_county,1985,1141,1,0.0,应县
economical_county,1985,1142,1,0.0,长岭县
economical_county,1985,1143,1,0.0,阿鲁科尔沁旗
economical_county,1985,1144,1,0.0,井研县
economical_county,1985,1145,1,0.0,市中区
economical_county,1985,1146,1,0.0,科尔沁左翼中旗
economical_county,1985,1147,1,0.0,察布查尔锡伯自治县
economical_county,1985,1148,1,0.0,饶河县
economical_county,1985,1149,1,0.0,河东区
economical_county,1985,1150,1,0.0,都匀市
economical_county,1985,1151,1,0.0,襄城区
economical_county,1985,1152,1,0.0,黄岩区
economical_county,1985,1153,1,0.0,砀山县
economical_county,1985,1154,1,0.0,江汉区
economical_county,1985,1155,1,0.0,色达县
economical_county,1985,1156,1,0.0,西丰县
economical_county,1985,1157,1,0.0,合作市
economical_county,1985,1158,1,0.0,绥棱县
economical_county,1985,1159,1,0.0,西城区
economical_county,1985,1160,1,0.0,永兴县
economical_county,1985,1161,1,0.0,郊区
economical_county,1985,1162,1,0.0,彭泽县
economical_county,1985,1163,1,0.0,交口县
economical_county,1985,1164,1,0.0,石林彝族自治县
economical_county,1985,1165,1,0.0,鹿寨县
economical_county,1985,1166,1,0.0,天镇县
economical_county,1985,1167,1,0.0,东台市
economical_county,1985,1168,1,0.0,铁山区
economical_county,1985,1169,2,1.0,"解放区, 博爱县"
economical_county,1985,1170,1,0.0,尖草坪区
economical_county,1985,1171,1,0.0,平川区
economical_county,1985,1172,1,0.0,昌图县
economical_county,1985,1173,1,0.0,绥阳县
economical_county,1985,1174,1,0.0,皮山县
economical_county,1985,1175,1,0.0,灌云县
economical_county,1985,1176,1,0.0,连云区
economical_county,1985,1177,1,0.0,界首市
economical_county,1985,1178,1,0.0,叙永县
economical_county,1985,1179,1,0.0,策勒县
economical_county,1985,1180,1,0.0,江陵县
economical_county,1985,1181,1,0.0,玛曲县
economical_county,1985,1182,1,0.0,赫章县
economical_county,1985,1183,1,0.0,社旗县
economical_county,1985,1184,1,0.0,荣县
economical_county,1985,1185,1,0.0,兴宾区
economical_county,1985,1186,1,0.0,庄河市
economical_county,1985,1187,1,0.0,阜平县
economical_county,1985,1188,1,0.0,濉溪县
economical_county,1985,1189,1,0.0,辛集市
economical_county,1985,1190,1,0.0,宁都县
economical_county,1985,1191,1,0.0,七星区
economical_county,1985,1192,1,0.0,沧源佤族自治县
economical_county,1985,1193,1,0.0,丛台区
economical_county,1985,1194,1,0.0,汝南县
economical_county,1985,1195,1,0.0,永丰县
economical_county,1985,1196,1,0.0,大宁县
economical_county,1985,1197,1,0.0,汤阴县
economical_county,1985,1198,1,0.0,贡井区
economical_county,1985,1199,1,0.0,碧江区
economical_county,1985,1200,1,0.0,南谯区
economical_county,1985,1201,1,0.0,根河市
economical_county,1985,1202,1,0.0,江阳区
economical_county,1985,1203,1,0.0,舞阳县
economical_county,1985,1204,1,0.0,新华区
economical_county,1985,1205,1,0.0,项城市
economical_county,1985,1206,1,0.0,通山县
economical_county,1985,1207,1,0.0,宛城区
economical_county,1985,1208,1,0.0,鲁山县
economical_county,1985,1209,1,0.0,南丹县
economical_county,1985,1210,1,0.0,贡山独龙族怒族自治县
economical_county,1985,1211,1,0.0,萧县
economical_county,1985,1212,1,0.0,鼓楼区
economical_county,1985,1213,1,0.0,北票市
economical_county,1985,1214,1,0.0,临清市
economical_county,1985,1215,1,0.0,市中区
economical_county,1985,1216,1,0.0,应城市
economical_county,1985,1217,1,0.0,阜康市
economical_county,1985,1218,1,0.0,双桥区
economical_county,1985,1219,1,0.0,长海县
economical_county,1985,1220,1,0.0,夏津县
economical_county,1985,1221,1,0.0,沐川县
economical_county,1985,1222,1,0.0,剑河县
economical_county,1985,1223,1,0.0,卢氏县
economical_county,1985,1224,2,1.0,"灵宝市, 丹凤县"
economical_county,1985,1225,1,0.0,清河区
economical_county,1985,1226,1,0.0,当阳市
economical_county,1985,1227,1,0.0,余庆县
economical_county,1985,1228,1,0.0,莫力达瓦达斡尔族自治旗
economical_county,1985,1229,1,0.0,攸县
economical_county,1985,1230,1,0.0,石峰区
economical_county,1985,1231,1,0.0,桥东区
economical_county,1985,1232,1,0.0,临猗县
economical_county,1985,1233,1,0.0,武安市
economical_county,1985,1234,1,0.0,寻乌县
economical_county,1985,1235,1,0.0,利州区
economical_county,1985,1236,1,0.0,安吉县
economical_county,1985,1237,1,0.0,西盟佤族自治县
economical_county,1985,1238,1,0.0,铅山县
economical_county,1985,1239,1,0.0,兴县
economical_county,1985,1240,1,0.0,诸暨市
economical_county,1985,1241,1,0.0,额尔古纳市
economical_county,1985,1242,1,0.0,林西县
economical_county,1985,1243,1,0.0,镇宁布依族苗族自治县
economical_county,1985,1244,1,0.0,交城县
economical_county,1985,1245,1,0.0,宝丰县
economical_county,1985,1246,1,0.0,阳原县
economical_county,1985,1247,1,0.0,浠水县
economical_county,1985,1248,1,0.0,莎车县
economical_county,1985,1249,1,0.0,威信县
economical_county,1985,1250,1,0.0,莲都区
economical_county,1985,1251,2,1.0,"沙市区, 公安县"
economical_county,1985,1252,1,0.0,延寿县
economical_county,1985,1253,1,0.0,仪陇县
economical_county,1985,1254,1,0.0,常宁市
economical_county,1985,1255,1,0.0,安次区
economical_county,1985,1256,1,0.0,巴州区
economical_county,1985,1257,1,0.0,德令哈市
economical_county,1985,1258,1,0.0,大余县
economical_county,1985,1259,1,0.0,方城县
economical_county,1985,1260,1,0.0,简阳市
economical_county,1985,1261,1,0.0,穆棱市
economical_county,1985,1262,3,1.3333333333333333,"栖霞区, 泗县, 上城区"
economical_county,1985,1263,1,0.0,鄂托克前旗
economical_county,1985,1264,1,0.0,通榆县
economical_county,1985,1265,1,0.0,华阴市
economical_county,1985,1266,1,0.0,肥西县
economical_county,1985,1267,1,0.0,瓜州县
economical_county,1985,1268,1,0.0,敦煌市
economical_county,1985,1269,1,0.0,芮城县
economical_county,1985,1270,1,0.0,无棣县
economical_county,1985,1271,1,0.0,滨城区
economical_county,1985,1272,1,0.0,方正县
economical_county,1985,1273,1,0.0,沙河口区
economical_county,1985,1274,2,1.0,"宜君县, 山阳县"
economical_county,1985,1275,1,0.0,高邑县
economical_county,1985,1276,1,0.0,台山市
economical_county,1985,1277,1,0.0,播州区
economical_county,1985,1278,1,0.0,彭州市
economical_county,1985,1279,1,0.0,城阳区
economical_county,1985,1280,1,0.0,贾汪区
economical_county,1985,1281,1,0.0,济源市
economical_county,1985,1282,1,0.0,高碑店市
economical_county,1985,1283,1,0.0,龙里县
economical_county,1985,1284,1,0.0,义乌市
economical_county,1985,1285,1,0.0,仪征市
economical_county,1985,1286,1,0.0,浦口区
economical_county,1985,1287,1,0.0,资溪县
economical_county,1985,1288,1,0.0,滑县
economical_county,1985,1289,1,0.0,岳阳县
economical_county,1985,1290,1,0.0,广灵县
economical_county,1985,1291,1,0.0,沙河市
economical_county,1985,1292,1,0.0,婺城区
economical_county,1985,1293,1,0.0,郁南县
economical_county,1985,1294,1,0.0,惠山区
economical_county,1985,1295,1,0.0,淮滨县
economical_county,1985,1296,1,0.0,汉南区
economical_county,1985,1297,1,0.0,钦北区
economical_county,1985,1298,1,0.0,西乡县
economical_county,1985,1299,1,0.0,云和县
economical_county,1985,1300,1,0.0,惠安县
economical_county,1985,1301,1,0.0,虞城县
economical_county,1985,1302,1,0.0,修武县
economical_county,1985,1303,1,0.0,临泽县
economical_county,1985,1304,1,0.0,陵水黎族自治县
economical_county,1985,1305,1,0.0,平山县
economical_county,1985,1306,1,0.0,涞水县
economical_county,1985,1307,1,0.0,清河县
economical_county,1985,1308,1,0.0,牟定县
economical_county,1985,1309,1,0.0,海城区
economical_county,1985,1310,1,0.0,宾川县
economical_county,1985,1311,1,0.0,汉阴县
economical_county,1985,1312,1,0.0,宁县
economical_county,1985,1313,1,0.0,舒城县
economical_county,1985,1314,1,0.0,嘉鱼县
economical_county,1985,1315,1,0.0,吉县
economical_county,1985,1316,1,0.0,中牟县
economical_county,1985,1317,1,0.0,泰山区
economical_county,1985,1318,1,0.0,鄂伦春自治旗
economical_county,1985,1319,1,0.0,大化瑶族自治县
economical_county,1985,1320,1,0.0,邢台县
economical_county,1985,1321,1,0.0,印江土家族苗族自治县
economical_county,1985,1322,1,0.0,临漳县
economical_county,1985,1323,1,0.0,兴平市
economical_county,1985,1324,1,0.0,靖宇县
economical_county,1985,1325,1,0.0,芜湖县
economical_county,1985,1326,1,0.0,镜湖区
economical_county,1985,1327,2,1.0,"登封市, 临泉县"
economical_county,1985,1328,1,0.0,溆浦县
economical_county,1985,1329,1,0.0,鸡冠区
economical_county,1985,1330,1,0.0,丰南区
economical_county,1985,1331,1,0.0,北安市
economical_county,1985,1332,1,0.0,苍南县
economical_county,1985,1333,1,0.0,仙居县
economical_county,1985,1334,1,0.0,来凤县
economical_county,1985,1335,2,1.0,"浑江区, 金堂县"
economical_county,1985,1336,1,0.0,温泉县
economical_county,1985,1337,1,0.0,贵池区
economical_county,1985,1338,1,0.0,怀来县
economical_county,1985,1339,1,0.0,辉县市
economical_county,1985,1340,1,0.0,天桥区
economical_county,1985,1341,1,0.0,周至县
economical_county,1985,1342,1,0.0,昭阳区
economical_county,1985,1343,1,0.0,东兴市
economical_county,1985,1344,1,0.0,惠来县
economical_county,1985,1345,1,0.0,安陆市
economical_county,1985,1346,1,0.0,洪江市
economical_county,1985,1347,1,0.0,鹤城区
economical_county,1985,1348,1,0.0,旬阳县
economical_county,1985,1349,1,0.0,千山区
economical_county,1985,1350,1,0.0,元氏县
economical_county,1985,1351,1,0.0,韩城市
economical_county,1985,1352,1,0.0,宁安市
economical_county,1985,1353,1,0.0,廉江市
economical_county,1985,1354,1,0.0,昂仁县
economical_county,1985,1355,1,0.0,修水县
economical_county,1985,1356,1,0.0,竹山县
economical_county,1985,1357,1,0.0,筠连县
economical_county,1985,1358,1,0.0,广宁县
economical_county,1985,1359,1,0.0,滕州市
economical_county,1985,1360,1,0.0,临翔区
economical_county,1985,1361,1,0.0,陵川县
economical_county,1985,1362,1,0.0,江永县
economical_county,1985,1363,1,0.0,范县
economical_county,1985,1364,1,0.0,东山区
economical_county,1985,1365,1,0.0,滴道区
economical_county,1985,1366,1,0.0,高坪区
economical_county,1985,1367,1,0.0,晋州市
economical_county,1985,1368,1,0.0,香洲区
economical_county,1985,1369,1,0.0,梁园区
economical_county,1985,1370,1,0.0,会理县
economical_county,1985,1371,1,0.0,崇州市
economical_county,1985,1372,1,0.0,新泰市
economical_county,1985,1373,1,0.0,郧西县
economical_county,1985,1374,1,0.0,云霄县
economical_county,1985,1375,1,0.0,台江区
economical_county,1985,1376,1,0.0,屯溪区
economical_county,1985,1377,1,0.0,铁山港区
economical_county,1985,1378,1,0.0,五华县
economical_county,1985,1379,1,0.0,景宁畲族自治县
economical_county,1985,1380,1,0.0,秦州区
economical_county,1985,1381,1,0.0,涧西区
economical_county,1985,1382,1,0.0,防城区
economical_county,1985,1383,1,0.0,吴川市
economical_county,1985,1384,1,0.0,集安市
economical_county,1985,1385,1,0.0,曲阜市
economical_county,1985,1386,1,0.0,邹城市
economical_county,1985,1387,1,0.0,通道侗族自治县
economical_county,1985,1388,1,0.0,乳源瑶族自治县
economical_county,1985,1389,1,0.0,夹江县
economical_county,1985,1390,1,0.0,西畴县
economical_county,1985,1391,1,0.0,蔡甸区
economical_county,1985,1392,1,0.0,关岭布依族苗族自治县
economical_county,1985,1393,1,0.0,德保县
economical_county,1985,1394,1,0.0,右江区
economical_county,1985,1395,1,0.0,广河县
economical_county,1985,1396,1,0.0,安乡县
economical_county,1985,1397,1,0.0,武陵区
economical_county,1985,1398,2,1.0,"祥云县, 南涧彝族自治县"
economical_county,1985,1399,1,0.0,宁城县
economical_county,1985,1400,1,0.0,高台县
economical_county,1985,1401,1,0.0,耀州区
economical_county,1985,1402,1,0.0,阳山县
economical_county,1985,1403,2,1.0,"巍山彝族回族自治县, 镇康县"
economical_county,1985,1404,1,0.0,蕲春县
economical_county,1985,1405,1,0.0,昌邑区
economical_county,1985,1406,1,0.0,富宁县
economical_county,1985,1407,1,0.0,明山区
economical_county,1985,1408,1,0.0,康乐县
economical_county,1985,1409,1,0.0,新干县
economical_county,1985,1410,1,0.0,定远县
economical_county,1985,1411,1,0.0,铁力市
economical_county,1985,1412,1,0.0,桦甸市
economical_county,1985,1413,1,0.0,林甸县
economical_county,1985,1414,1,0.0,敖汉旗
economical_county,1985,1415,1,0.0,古塔区
economical_county,1985,1416,1,0.0,怀集县
economical_county,1985,1417,1,0.0,湟源县
economical_county,1985,1418,1,0.0,尖山区
economical_county,1985,1419,1,0.0,蒙阴县
economical_county,1985,1420,2,1.0,"兰山区, 井冈山市"
economical_county,1985,1421,2,1.0,"东湖区, 万载县"
economical_county,1985,1422,2,1.0,"平南县, 城中区"
economical_county,1985,1423,1,0.0,荥阳市
economical_county,1985,1424,1,0.0,藤县
economical_county,1985,1425,1,0.0,莒南县
economical_county,1985,1426,1,0.0,凉州区
economical_county,1985,1427,1,0.0,南岔区
economical_county,1985,1428,1,0.0,凌海市
economical_county,1985,1429,1,0.0,麻栗坡县
economical_county,1985,1430,1,0.0,安远县
economical_county,1985,1431,1,0.0,榕城区
economical_county,1985,1432,1,0.0,阳明区
economical_county,1985,1433,1,0.0,蓬莱市
economical_county,1985,1434,1,0.0,兴海县
economical_county,1985,1435,1,0.0,沂南县
economical_county,1985,1436,1,0.0,渭滨区
economical_county,1985,1437,1,0.0,东西湖区
economical_county,1985,1438,1,0.0,青秀区
economical_county,1985,1439,1,0.0,东洲区
economical_county,1985,1440,1,0.0,石景山区
economical_county,1985,1441,1,0.0,融水苗族自治县
economical_county,1985,1442,1,0.0,美姑县
economical_county,1985,1443,1,0.0,武平县
economical_county,1985,1444,1,0.0,阳西县
economical_county,1985,1445,1,0.0,陆川县
economical_county,1985,1446,1,0.0,剑川县
economical_county,1985,1447,1,0.0,江州区
economical_county,1985,1448,1,0.0,嵩明县
economical_county,1985,1449,1,0.0,瑞金市
economical_county,1985,1450,1,0.0,鹿城区
economical_county,1985,1451,1,0.0,三都水族自治县
economical_county,1985,1452,1,0.0,商州区
economical_county,1985,1453,1,0.0,新巴尔虎左旗
economical_county,1985,1454,1,0.0,科尔沁右翼前旗
economical_county,1985,1455,1,0.0,兰溪市
economical_county,1985,1456,1,0.0,勉县
economical_county,1985,1457,1,0.0,霸州市
economical_county,1985,1458,1,0.0,江川区
economical_county,1985,1459,1,0.0,海州区
economical_county,1985,1460,1,0.0,郾城区
economical_county,1985,1461,1,0.0,集贤县
economical_county,1985,1462,1,0.0,肃宁县
economical_county,1985,1463,1,0.0,通河县
economical_county,1985,1464,1,0.0,兴国县
economical_county,1985,1465,1,0.0,克拉玛依区
economical_county,1985,1466,1,0.0,增城区
economical_county,1985,1467,1,0.0,靖江市
economical_county,1985,1468,1,0.0,平房区
economical_county,1985,1469,1,0.0,康巴什区
economical_county,1985,1470,1,0.0,余杭区
economical_county,1985,1471,1,0.0,浉河区
economical_county,1985,1472,1,0.0,新邱区
economical_county,1985,1473,1,0.0,光山县
economical_county,1985,1474,1,0.0,峨眉山市
economical_county,1985,1475,1,0.0,崇阳县
economical_county,1985,1476,1,0.0,新吴区
economical_county,1985,1477,1,0.0,北戴河区
economical_county,1985,1478,1,0.0,新民市
economical_county,1985,1479,1,0.0,瓮安县
economical_county,1985,1480,1,0.0,梁河县
economical_county,1985,1481,1,0.0,通许县
economical_county,1985,1482,1,0.0,天峨县
economical_county,1985,1483,1,0.0,牧野区
economical_county,1985,1484,1,0.0,东兰县
economical_county,1985,1485,1,0.0,港口区
economical_county,1985,1486,1,0.0,纳溪区
economical_county,1985,1487,1,0.0,玛纳斯县
economical_county,1985,1488,1,0.0,保康县
economical_county,1985,1489,1,0.0,师宗县
economical_county,1985,1490,1,0.0,洛江区
economical_county,1985,1491,1,0.0,双辽市
economical_county,1985,1492,3,1.3333333333333333,"沙洋县, 昌江区, 广丰区"
economical_county,1985,1493,1,0.0,辰溪县
economical_county,1985,1494,1,0.0,沅陵县
economical_county,1985,1495,1,0.0,盐边县
economical_county,1985,1496,1,0.0,西乌珠穆沁旗
economical_county,1985,1497,1,0.0,隰县
economical_county,1985,1498,1,0.0,方山县
economical_county,1985,1499,1,0.0,海沧区
economical_county,1985,1500,1,0.0,壶关县
economical_county,1985,1501,1,0.0,忻城县
economical_county,1985,1502,1,0.0,满洲里市
economical_county,1985,1503,1,0.0,龙湾区
economical_county,1985,1504,1,0.0,晋源区
economical_county,1985,1505,1,0.0,武冈市
economical_county,1985,1506,1,0.0,慈利县
economical_county,1985,1507,1,0.0,上林县
economical_county,1985,1508,1,0.0,丘北县
economical_county,1985,1509,1,0.0,新洲区
economical_county,1985,1510,1,0.0,卢龙县
economical_county,1985,1511,1,0.0,禅城区
economical_county,1985,1512,1,0.0,临城县
economical_county,1985,1513,1,0.0,东安区
economical_county,1985,1514,1,0.0,镇雄县
economical_county,1985,1515,1,0.0,吉水县
economical_county,1985,1516,1,0.0,南丰县
economical_county,1985,1517,1,0.0,旺苍县
economical_county,1985,1518,1,0.0,汝阳县
economical_county,1985,1519,1,0.0,吴堡县
economical_county,1985,1520,1,0.0,米易县
economical_county,1985,1521,1,0.0,贞丰县
economical_county,1985,1522,1,0.0,江城区
economical_county,1985,1523,1,0.0,丰都县
economical_county,1985,1524,1,0.0,全州县
economical_county,1985,1525,1,0.0,长宁区
economical_county,1985,1526,1,0.0,顺平县
economical_county,1985,1527,1,0.0,醴陵市
economical_county,1985,1528,1,0.0,新丰县
economical_county,1985,1529,1,0.0,通海县
economical_county,1985,1530,1,0.0,长岛县
economical_county,1985,1531,1,0.0,托克逊县
economical_county,1985,1532,1,0.0,宣化区
economical_county,1985,1533,1,0.0,麻城市
economical_county,1985,1534,1,0.0,海州区
economical_county,1985,1535,1,0.0,孝义市
economical_county,1985,1536,1,0.0,灌阳县
economical_county,1985,1537,1,0.0,且末县
economical_county,1985,1538,1,0.0,复兴区
economical_county,1985,1539,1,0.0,双牌县
economical_county,1985,1540,1,0.0,新邵县
economical_county,1985,1541,1,0.0,丹阳市
economical_county,1985,1542,1,0.0,南溪区
economical_county,1985,1543,1,0.0,宜秀区
economical_county,1985,1544,1,0.0,珠晖区
economical_county,1985,1545,1,0.0,怀远县
economical_county,1985,1546,1,0.0,上虞区
economical_county,1985,1547,1,0.0,东海县
economical_county,1985,1548,1,0.0,宣州区
economical_county,1985,1549,1,0.0,平原县
economical_county,1985,1550,1,0.0,梨树区
economical_county,1985,1551,1,0.0,英山县
economical_county,1985,1552,1,0.0,江夏区
economical_county,1985,1553,1,0.0,晴隆县
economical_county,1985,1554,1,0.0,容县
economical_county,1985,1555,1,0.0,鹤山市
economical_county,1985,1556,1,0.0,钟山县
economical_county,1985,1557,1,0.0,普安县
economical_county,1985,1558,1,0.0,浑源县
economical_county,1985,1559,1,0.0,天宁区
economical_county,1985,1560,1,0.0,苍溪县
economical_county,1985,1561,1,0.0,前锋区
economical_county,1985,1562,1,0.0,灵川县
economical_county,1985,1563,1,0.0,武义县
economical_county,1985,1564,1,0.0,龙山区
economical_county,1985,1565,1,0.0,兴宁市
economical_county,1985,1566,1,0.0,常山县
economical_county,1985,1567,1,0.0,城步苗族自治县
economical_county,1985,1568,1,0.0,祁阳县
economical_county,1985,1569,1,0.0,柯坪县
economical_county,1985,1570,1,0.0,青原区
economical_county,1985,1571,1,0.0,南康区
economical_county,1985,1572,1,0.0,平邑县
economical_county,1985,1573,1,0.0,青州市
economical_county,1985,1574,1,0.0,安仁县
economical_county,1985,1575,1,0.0,川汇区
economical_county,1985,1576,1,0.0,灌南县
economical_county,1985,1577,1,0.0,福清市
economical_county,1985,1578,1,0.0,西湖区
economical_county,1985,1579,1,0.0,天柱县
economical_county,1985,1580,1,0.0,罗田县
economical_county,1985,1581,1,0.0,桥西区
economical_county,1985,1582,1,0.0,桃江县
economical_county,1985,1583,1,0.0,凤泉区
economical_county,1985,1584,1,0.0,潜江市
economical_county,1985,1585,1,0.0,龙海市
economical_county,1985,1586,1,0.0,紫金县
economical_county,1985,1587,1,0.0,达尔罕茂明安联合旗
economical_county,1985,1588,1,0.0,鲤城区
economical_county,1985,1589,1,0.0,石门县
economical_county,1985,1590,1,0.0,志丹县
economical_county,1985,1591,1,0.0,马山县
economical_county,1985,1592,1,0.0,德庆县
economical_county,1985,1593,1,0.0,江城哈尼族彝族自治县
economical_county,1985,1594,1,0.0,天全县
economical_county,1985,1595,1,0.0,盐山县
economical_county,1985,1596,1,0.0,阿巴嘎旗
economical_county,1985,1597,1,0.0,华容区
economical_county,1985,1598,1,0.0,隆安县
economical_county,1985,1599,1,0.0,鸡泽县
economical_county,1985,1600,1,0.0,蠡县
economical_county,1985,1601,1,0.0,商南县
economical_county,1985,1602,1,0.0,资兴市
economical_county,1985,1603,1,0.0,淄川区
economical_county,1985,1604,2,1.0,"庐江县, 郊区"
economical_county,1985,1605,1,0.0,雨花台区
economical_county,1985,1606,1,0.0,双滦区
economical_county,1985,1607,1,0.0,华容县
economical_county,1985,1608,1,0.0,洛浦县
economical_county,1985,1609,1,0.0,高唐县
economical_county,1985,1610,1,0.0,梁溪区
economical_county,1985,1611,1,0.0,惠水县
economical_county,1985,1612,1,0.0,雷山县
economical_county,1985,1613,1,0.0,沧县
economical_county,1985,1614,1,0.0,合阳县
economical_county,1985,1615,1,0.0,武陟县
economical_county,1985,1616,1,0.0,嘉善县
economical_county,1985,1617,1,0.0,田东县
economical_county,1985,1618,1,0.0,中阳县
economical_county,1985,1619,1,0.0,山阳区
economical_county,1985,1620,1,0.0,魏都区
economical_county,1985,1621,1,0.0,台前县
economical_county,1985,1622,1,0.0,天等县
economical_county,1985,1623,1,0.0,唐县
economical_county,1985,1624,1,0.0,南宫市
economical_county,1985,1625,1,0.0,冷水江市
economical_county,1985,1626,1,0.0,宜川县
economical_county,1985,1627,2,1.0,"文成县, 政和县"
economical_county,1985,1628,1,0.0,会同县
economical_county,1985,1629,1,0.0,洪雅县
economical_county,1985,1630,1,0.0,龙门县
economical_county,1985,1631,1,0.0,大关县
economical_county,1985,1632,1,0.0,凌源市
economical_county,1985,1633,1,0.0,榆社县
economical_county,1985,1634,1,0.0,武功县
economical_county,1985,1635,1,0.0,白朗县
economical_county,1985,1636,1,0.0,保德县
economical_county,1985,1637,1,0.0,顺城区
economical_county,1985,1638,1,0.0,兰坪白族普米族自治县
economical_county,1985,1639,1,0.0,剑阁县
economical_county,1985,1640,1,0.0,将乐县
economical_county,1985,1641,1,0.0,谷城县
economical_county,1985,1642,1,0.0,康县
economical_county,1985,1643,1,0.0,金塔县
economical_county,1985,1644,1,0.0,山丹县
economical_county,1985,1645,1,0.0,镇巴县
economical_county,1985,1646,1,0.0,新密市
economical_county,1985,1647,1,0.0,长洲区
economical_county,1985,1648,1,0.0,正宁县
economical_county,1985,1649,1,0.0,兴安县
economical_county,1985,1650,1,0.0,象山区
economical_county,1985,1651,1,0.0,惠东县
economical_county,1985,1652,1,0.0,昭苏县
economical_county,1985,1653,2,1.0,"德格县, 彭山区"
economical_county,1985,1654,1,0.0,石泉县
economical_county,1985,1655,1,0.0,南县
economical_county,1985,1656,1,0.0,彭水苗族土家族自治县
economical_county,1985,1657,1,0.0,于洪区
economical_county,1985,1658,1,0.0,凌河区
economical_county,1985,1659,1,0.0,利川市
economical_county,1985,1660,1,0.0,称多县
economical_county,1985,1661,1,0.0,如东县
economical_county,1985,1662,1,0.0,相山区
economical_county,1985,1663,1,0.0,南皮县
economical_county,1985,1664,1,0.0,茂南区
economical_county,1985,1665,1,0.0,宝清县
economical_county,1985,1666,1,0.0,溧阳市
economical_county,1985,1667,1,0.0,金安区
economical_county,1985,1668,1,0.0,郎溪县
economical_county,1985,1669,1,0.0,逊克县
economical_county,1985,1670,1,0.0,铁锋区
economical_county,1985,1671,1,0.0,炉霍县
economical_county,1985,1672,1,0.0,印台区
economical_county,1985,1673,1,0.0,阳城县
economical_county,1985,1674,1,0.0,枣强县
economical_county,1985,1675,1,0.0,安丘市
economical_county,1985,1676,1,0.0,犍为县
economical_county,1985,1677,1,0.0,珙县
economical_county,1985,1678,1,0.0,昭化区
economical_county,1985,1679,1,0.0,杞县
economical_county,1985,1680,1,0.0,乌达区
economical_county,1985,1681,1,0.0,港南区
economical_county,1985,1682,1,0.0,泰顺县
economical_county,1985,1683,1,0.0,德兴市
economical_county,1985,1684,1,0.0,金东区
economical_county,1985,1685,1,0.0,宁强县
economical_county,1985,1686,1,0.0,青山区
economical_county,1985,1687,1,0.0,确山县
economical_county,1985,1688,1,0.0,富阳区
economical_county,1985,1689,1,0.0,青阳县
economical_county,1985,1690,1,0.0,惠民县
economical_county,1985,1691,1,0.0,河津市
economical_county,1985,1692,1,0.0,丹棱县
economical_county,1985,1693,1,0.0,宁蒗彝族自治县
economical_county,1985,1694,1,0.0,南城县
economical_county,1985,1695,1,0.0,津市市
economical_county,1985,1696,1,0.0,东至县
economical_county,1985,1697,1,0.0,宣恩县
economical_county,1985,1698,1,0.0,曹县
economical_county,1985,1699,2,1.0,"旌德县, 绩溪县"
economical_county,1985,1700,1,0.0,沂水县
economical_county,1985,1701,1,0.0,平坝区
economical_county,1985,1702,1,0.0,青县
economical_county,1985,1703,1,0.0,望江县
economical_county,1985,1704,1,0.0,栾川县
economical_county,1985,1705,1,0.0,封开县
economical_county,1985,1706,1,0.0,施秉县
economical_county,1985,1707,1,0.0,君山区
economical_county,1985,1708,1,0.0,微山县
economical_county,1985,1709,1,0.0,龙圩区
economical_county,1985,1710,1,0.0,神池县
economical_county,1985,1711,1,0.0,元谋县
economical_county,1985,1712,1,0.0,浦城县
economical_county,1985,1713,1,0.0,淮上区
economical_county,1985,1714,1,0.0,盈江县
economical_county,1985,1715,1,0.0,越西县
economical_county,1985,1716,1,0.0,石屏县
economical_county,1985,1717,1,0.0,包河区
economical_county,1985,1718,1,0.0,横县
economical_county,1985,1719,2,1.0,"丹巴县, 小金县"
economical_county,1985,1720,1,0.0,略阳县
economical_county,1985,1721,1,0.0,嵊州市
economical_county,1985,1722,1,0.0,阿勒泰市
economical_county,1985,1723,1,0.0,东丰县
economical_county,1985,1724,1,0.0,中山区
economical_county,1985,1725,1,0.0,西安区
economical_county,1985,1726,1,0.0,莱山区
economical_county,1985,1727,1,0.0,同仁县
economical_county,1985,1728,1,0.0,太平区
economical_county,1985,1729,1,0.0,桑植县
economical_county,1985,1730,1,0.0,博罗县
economical_county,1985,1731,1,0.0,南漳县
economical_county,1985,1732,1,0.0,陇县
economical_county,1985,1733,1,0.0,西和县
economical_county,1985,1734,1,0.0,万荣县
economical_county,1985,1735,1,0.0,弋阳县
economical_county,1985,1736,1,0.0,横峰县
economical_county,1985,1737,1,0.0,康马县
economical_county,1985,1738,1,0.0,桐柏县
economical_county,1985,1739,1,0.0,金溪县
economical_county,1985,1740,1,0.0,沅江市
economical_county,1985,1741,1,0.0,开福区
economical_county,1985,1742,1,0.0,富蕴县
economical_county,1985,1743,1,0.0,望谟县
economical_county,1985,1744,1,0.0,华州区
economical_county,1985,1745,1,0.0,宁远县
economical_county,1985,1746,1,0.0,秀峰区
economical_county,1985,1747,1,0.0,顺河回族区
economical_county,1985,1748,1,0.0,北仑区
economical_county,1985,1749,1,0.0,锡山区
economical_county,1985,1750,1,0.0,恭城瑶族自治县
economical_county,1985,1751,1,0.0,姚安县
economical_county,1985,1752,1,0.0,普宁市
economical_county,1985,1753,1,0.0,兴安区
economical_county,1985,1754,1,0.0,银海区
economical_county,1985,1755,1,0.0,奉化区
economical_county,1985,1756,1,0.0,涉县
economical_county,1985,1757,1,0.0,石拐区
economical_county,1985,1758,1,0.0,镇坪县
economical_county,1985,1759,1,0.0,吴起县
economical_county,1985,1760,1,0.0,临朐县
economical_county,1985,1761,1,0.0,奎文区
economical_county,1985,1762,2,1.0,"延长县, 白水县"
economical_county,1985,1763,1,0.0,邯山区
economical_county,1985,1764,1,0.0,巴林左旗
economical_county,1985,1765,1,0.0,罗庄区
economical_county,1985,1766,1,0.0,潍城区
economical_county,1985,1767,1,0.0,蓝山县
economical_county,1985,1768,1,0.0,卓尼县
economical_county,1985,1769,1,0.0,老河口市
economical_county,1985,1770,1,0.0,古田县
economical_county,1985,1771,1,0.0,涿鹿县
economical_county,1985,1772,1,0.0,海丰县
economical_county,1985,1773,1,0.0,连平县
economical_county,1985,1774,1,0.0,茂县
economical_county,1985,1775,1,0.0,大新县
economical_county,1985,1776,1,0.0,恩阳区
economical_county,1985,1777,1,0.0,谢通门县
economical_county,1985,1778,1,0.0,招远市
economical_county,1985,1779,1,0.0,福山区
economical_county,1985,1780,1,0.0,桓仁满族自治县
economical_county,1985,1781,1,0.0,缙云县
economical_county,1985,1782,1,0.0,桥东区
economical_county,1985,1783,1,0.0,恒山区
economical_county,1985,1784,1,0.0,谢家集区
economical_county,1985,1785,1,0.0,雄县
economical_county,1985,1786,1,0.0,射阳县
economical_county,1985,1787,1,0.0,亭湖区
economical_county,1985,1788,1,0.0,双台子区
economical_county,1985,1789,1,0.0,峨山彝族自治县
economical_county,1985,1790,1,0.0,宁国市
economical_county,1985,1791,1,0.0,永顺县
economical_county,1985,1792,1,0.0,凤凰县
economical_county,1985,1793,1,0.0,石台县
economical_county,1985,1794,1,0.0,东阿县
economical_county,1985,1795,1,0.0,蒸湘区
economical_county,1985,1796,1,0.0,昌乐县
economical_county,1985,1797,1,0.0,铁东区
economical_county,1985,1798,1,0.0,高青县
economical_county,1985,1799,1,0.0,都江堰市
economical_county,1985,1800,1,0.0,馆陶县
economical_county,1985,1801,1,0.0,徐水区
economical_county,1985,1802,1,0.0,翠峦区
economical_county,1985,1803,1,0.0,阳新县
economical_county,1985,1804,1,0.0,永昌县
economical_county,1985,1805,1,0.0,海林市
economical_county,1985,1806,1,0.0,龙泉驿区
economical_county,1985,1807,1,0.0,和田市
economical_county,1985,1808,1,0.0,祁连县
economical_county,1985,1809,1,0.0,邵武市
economical_county,1985,1810,1,0.0,莲花县
economical_county,1985,1811,1,0.0,盐津县
economical_county,1985,1812,1,0.0,饶阳县
economical_county,1985,1813,1,0.0,罗源县
economical_county,1985,1814,1,0.0,中方县
economical_county,1985,1815,1,0.0,昭平县
economical_county,1985,1816,1,0.0,海门市
economical_county,1985,1817,1,0.0,崇明区
economical_county,1985,1818,1,0.0,梓潼县
economical_county,1985,1819,1,0.0,乳山市
economical_county,1985,1820,1,0.0,天元区
economical_county,1985,1821,1,0.0,衡山县
economical_county,1985,1822,1,0.0,信丰县
economical_county,1985,1823,1,0.0,黔江区
economical_county,1985,1824,1,0.0,信州区
economical_county,1985,1825,1,0.0,成安县
economical_county,1985,1826,1,0.0,渑池县
economical_county,1985,1827,1,0.0,什邡市
economical_county,1985,1828,1,0.0,吉木萨尔县
economical_county,1985,1829,1,0.0,港北区
economical_county,1985,1830,1,0.0,深泽县
economical_county,1985,1831,1,0.0,平陆县
economical_county,1985,1832,1,0.0,大东区
economical_county,1985,1833,1,0.0,台安县
economical_county,1985,1834,1,0.0,富民县
economical_county,1985,1835,1,0.0,晋宁区
economical_county,1985,1836,1,0.0,白塔区
economical_county,1985,1837,1,0.0,商城县
economical_county,1985,1838,1,0.0,遂川县
economical_county,1985,1839,1,0.0,新宾满族自治县
economical_county,1985,1840,1,0.0,海陵区
economical_county,1985,1841,1,0.0,永修县
economical_county,1985,1842,1,0.0,青川县
economical_county,1985,1843,1,0.0,绵竹市
economical_county,1985,1844,1,0.0,峨边彝族自治县
economical_county,1985,1845,1,0.0,南华县
economical_county,1985,1846,1,0.0,虎丘区
economical_county,1985,1847,1,0.0,长清区
economical_county,1985,1848,1,0.0,潮安区
economical_county,1985,1849,1,0.0,泗水县
economical_county,1985,1850,1,0.0,龙马潭区
economical_county,1985,1851,1,0.0,广汉市
economical_county,1985,1852,1,0.0,保靖县
economical_county,1985,1853,1,0.0,本溪满族自治县
economical_county,1985,1854,1,0.0,普兰县
economical_county,1985,1855,1,0.0,屯昌县
economical_county,1985,1856,1,0.0,永胜县
economical_county,1985,1857,1,0.0,麻阳苗族自治县
economical_county,1985,1858,1,0.0,浚县
economical_county,1985,1859,1,0.0,碾子山区
economical_county,1985,1860,1,0.0,烈山区
economical_county,1985,1861,1,0.0,峰峰矿区
economical_county,1985,1862,1,0.0,千阳县
economical_county,1985,1863,1,0.0,汶川县
economical_county,1985,1864,1,0.0,环翠区
economical_county,1985,1865,1,0.0,都昌县
economical_county,1985,1866,1,0.0,贵定县
economical_county,1985,1867,1,0.0,潘集区
economical_county,1985,1868,1,0.0,望都县
economical_county,1985,1869,1,0.0,昂昂溪区
economical_county,1985,1870,1,0.0,西林县
economical_county,1985,1871,1,0.0,涵江区
economical_county,1985,1872,1,0.0,舞钢市
economical_county,1985,1873,1,0.0,岳塘区
economical_county,1985,1874,1,0.0,绥江县
economical_county,1985,1875,1,0.0,龙城区
economical_county,1985,1876,1,0.0,新沂市
economical_county,1985,1877,1,0.0,务川仡佬族苗族自治县
economical_county,1985,1878,1,0.0,迁西县
economical_county,1985,1879,1,0.0,冠县
economical_county,1985,1880,1,0.0,铁西区
economical_county,1985,1881,1,0.0,海安市
economical_county,1985,1882,1,0.0,德江县
economical_county,1985,1883,1,0.0,宁陵县
economical_county,1985,1884,1,0.0,普陀区
economical_county,1985,1885,1,0.0,吉利区
economical_county,1985,1886,1,0.0,从江县
economical_county,1985,1887,1,0.0,平乐县
economical_county,1985,1888,1,0.0,会昌县
economical_county,1985,1889,1,0.0,阜城县
economical_county,1985,1890,1,0.0,柯城区
economical_county,1985,1891,1,0.0,广陵区
economical_county,1985,1892,1,0.0,泉港区
economical_county,1985,1893,1,0.0,太湖县
economical_county,1985,1894,1,0.0,凤冈县
economical_county,1985,1895,1,0.0,黄石港区
economical_county,1985,1896,1,0.0,温江区
economical_county,1985,1897,1,0.0,江海区
economical_county,1985,1898,1,0.0,新会区
economical_county,1985,1899,1,0.0,汶上县
economical_county,1985,1900,1,0.0,拱墅区
economical_county,1985,1901,1,0.0,德化县
economical_county,1985,1902,1,0.0,喜德县
economical_county,1985,1903,1,0.0,万源市
economical_county,1985,1904,1,0.0,化州市
economical_county,1985,1905,1,0.0,宁阳县
economical_county,1985,1906,1,0.0,仁布县
economical_county,1985,1907,1,0.0,克什克腾旗
economical_county,1985,1908,1,0.0,昭觉县
economical_county,1985,1909,1,0.0,民勤县
economical_county,1985,1910,1,0.0,资阳区
economical_county,1985,1911,1,0.0,武城县
economical_county,1985,1912,1,0.0,歙县
economical_county,1985,1913,1,0.0,苏尼特左旗
economical_county,1985,1914,1,0.0,钟楼区
economical_county,1985,1915,1,0.0,永安市
economical_county,1985,1916,1,0.0,翔安区
economical_county,1985,1917,1,0.0,大田县
economical_county,1985,1918,1,0.0,九寨沟县
economical_county,1985,1919,1,0.0,广宗县
economical_county,1985,1920,1,0.0,蒲江县
economical_county,1985,1921,1,0.0,张店区
economical_county,1985,1922,1,0.0,宽城满族自治县
economical_county,1985,1923,1,0.0,塔城市
economical_county,1985,1924,1,0.0,获嘉县
economical_county,1985,1925,1,0.0,田林县
economical_county,1985,1926,1,0.0,陇川县
economical_county,1985,1927,1,0.0,汉寿县
economical_county,1985,1928,1,0.0,曲阳县
economical_county,1985,1929,1,0.0,五营区
economical_county,1985,1930,1,0.0,细河区
economical_county,1985,1931,1,0.0,荥经县
economical_county,1985,1932,1,0.0,谯城区
economical_county,1985,1933,1,0.0,乐业县
economical_county,1985,1934,1,0.0,坪山区
economical_county,1985,1935,1,0.0,桓台县
economical_county,1985,1936,1,0.0,坊子区
economical_county,1985,1937,1,0.0,栖霞市
economical_county,1985,1938,1,0.0,乌审旗
economical_county,1985,1939,1,0.0,赤坎区
economical_county,1985,1940,1,0.0,夏河县
economical_county,1985,1941,1,0.0,太仓市
economical_county,1985,1942,1,0.0,罗城仫佬族自治县
economical_county,1985,1943,1,0.0,嘉禾县
economical_county,1985,1944,1,0.0,梅里斯达斡尔族区
economical_county,1985,1945,1,0.0,海晏县
economical_county,1985,1946,1,0.0,三穗县
economical_county,1985,1947,1,0.0,高州市
economical_county,1985,1948,1,0.0,云龙县
economical_county,1985,1949,1,0.0,振安区
economical_county,1985,1950,1,0.0,清城区
economical_county,1985,1951,1,0.0,郏县
economical_county,1985,1952,1,0.0,诏安县
economical_county,1985,1953,1,0.0,两当县
economical_county,1985,1954,1,0.0,翼城县
economical_county,1985,1955,1,0.0,江北区
economical_county,1985,1956,1,0.0,瑞昌市
economical_county,1985,1957,1,0.0,齐河县
economical_county,1985,1958,1,0.0,沁阳市
economical_county,1985,1959,1,0.0,英德市
economical_county,1985,1960,1,0.0,高明区
economical_county,1985,1961,1,0.0,赤水市
economical_county,1985,1962,1,0.0,通城县
economical_county,1985,1963,1,0.0,泽普县
economical_county,1985,1964,1,0.0,长丰县
economical_county,1985,1965,1,0.0,沁县
economical_county,1985,1966,1,0.0,吉州区
economical_county,1985,1967,1,0.0,汝州市
economical_county,1985,1968,1,0.0,环江毛南族自治县
economical_county,1985,1969,1,0.0,榕江县
economical_county,1985,1970,1,0.0,岱山县
economical_county,1985,1971,1,0.0,蚌山区
economical_county,1985,1972,1,0.0,南和县
economical_county,1985,1973,1,0.0,汤旺河区
economical_county,1985,1974,1,0.0,淇滨区
economical_county,1985,1975,1,0.0,靖州苗族侗族自治县
economical_county,1985,1976,1,0.0,六合区
economical_county,1985,1977,1,0.0,上街区
economical_county,1985,1978,1,0.0,丹寨县
economical_county,1985,1979,1,0.0,北川羌族自治县
economical_county,1985,1980,1,0.0,丰宁满族自治县
economical_county,1985,1981,1,0.0,黄山区
economical_county,1985,1982,1,0.0,蜀山区
economical_county,1985,1983,1,0.0,桃源县
economical_county,1985,1984,1,0.0,徽县
economical_county,1985,1985,1,0.0,老城区
economical_county,1985,1986,1,0.0,邗江区
economical_county,1985,1987,1,0.0,鼓楼区
economical_county,1985,1988,1,0.0,爱辉区
economical_county,1985,1989,1,0.0,镇远县
economical_county,1985,1990,1,0.0,平顺县
economical_county,1985,1991,1,0.0,平远县
economical_county,1985,1992,1,0.0,黟县
economical_county,1985,1993,1,0.0,雷波县
economical_county,1985,1994,1,0.0,和田县
economical_county,1985,1995,1,0.0,分宜县
economical_county,1985,1996,1,0.0,浮梁县
economical_county,1985,1997,1,0.0,清苑区
economical_county,1985,1998,1,0.0,咸丰县
economical_county,1985,1999,1,0.0,木垒哈萨克自治县
economical_county,1985,2000,1,0.0,马边彝族自治县
economical_county,1985,2001,1,0.0,杜集区
economical_county,1985,2002,1,0.0,福海县
economical_county,1985,2003,1,0.0,吉首市
economical_county,1985,2004,1,0.0,岱岳区
economical_county,1985,2005,1,0.0,当雄县
economical_county,1985,2006,1,0.0,呼玛县
economical_county,1985,2007,2,1.0,"站前区, 金乡县"
economical_county,1985,2008,1,0.0,临淄区
economical_county,1985,2009,1,0.0,浦北县
economical_county,1985,2010,1,0.0,坡头区
economical_county,1985,2011,1,0.0,巴马瑶族自治县
economical_county,1985,2012,1,0.0,临西县
economical_county,1985,2013,1,0.0,于田县
economical_county,1985,2014,1,0.0,颍州区
economical_county,1985,2015,1,0.0,阿克陶县
economical_county,1985,2016,1,0.0,临邑县
economical_county,1985,2017,1,0.0,柳河县
economical_county,1985,2018,1,0.0,鼎湖区
economical_county,1985,2019,1,0.0,湖口县
economical_county,1985,2020,1,0.0,永定区
economical_county,1985,2021,1,0.0,龙文区
economical_county,1985,2022,1,0.0,凤山县
economical_county,1985,2023,1,0.0,临桂区
economical_county,1985,2024,1,0.0,三河市
economical_county,1985,2025,1,0.0,清流县
economical_county,1985,2026,1,0.0,建始县
economical_county,1985,2027,1,0.0,鼓楼区
economical_county,1985,2028,1,0.0,朝天区
economical_county,1985,2029,1,0.0,武宁县
economical_county,1985,2030,1,0.0,四会市
economical_county,1985,2031,1,0.0,丰顺县
economical_county,1985,2032,1,0.0,庆元县
economical_county,1985,2033,1,0.0,鱼台县
economical_county,1985,2034,1,0.0,费县
economical_county,1985,2035,1,0.0,易门县
economical_county,1985,2036,1,0.0,南靖县
economical_county,1985,2037,1,0.0,柏乡县
economical_county,1985,2038,1,0.0,井陉矿区
economical_county,1985,2039,1,0.0,玉龙纳西族自治县
economical_county,1985,2040,1,0.0,临澧县
economical_county,1985,2041,1,0.0,富拉尔基区
economical_county,1985,2042,1,0.0,象山县
economical_county,1985,2043,1,0.0,源汇区
economical_county,1985,2044,1,0.0,花垣县
economical_county,1985,2045,1,0.0,乌拉特中旗
economical_county,1985,2046,1,0.0,布拖县
economical_county,1985,2047,1,0.0,海兴县
economical_county,1985,2048,1,0.0,崇川区
economical_county,1985,2049,1,0.0,桂东县
economical_county,1985,2050,1,0.0,曲周县
economical_county,1985,2051,1,0.0,泰和县
economical_county,1985,2052,1,0.0,怀柔区
economical_county,1985,2053,1,0.0,华安县
economical_county,1985,2054,1,0.0,芗城区
economical_county,1985,2055,1,0.0,诸城市
economical_county,1985,2056,1,0.0,东营区
economical_county,1985,2057,1,0.0,寿光市
economical_county,1985,2058,1,0.0,长泰县
economical_county,1985,2059,1,0.0,海曙区
economical_county,1985,2060,1,0.0,黎川县
economical_county,1985,2061,1,0.0,吴兴区
economical_county,1985,2062,1,0.0,崇义县
economical_county,1985,2063,1,0.0,龙港区
economical_county,1985,2064,1,0.0,博野县
economical_county,1985,2065,1,0.0,向阳区
economical_county,1985,2066,1,0.0,振兴区
economical_county,1985,2067,1,0.0,临沭县
economical_county,1985,2068,1,0.0,新宁县
economical_county,1985,2069,1,0.0,永仁县
economical_county,1985,2070,1,0.0,独山子区
economical_county,1985,2071,1,0.0,柞水县
economical_county,1985,2072,1,0.0,磐安县
economical_county,1985,2073,1,0.0,泾县
economical_county,1985,2074,1,0.0,米林县
economical_county,1985,2075,1,0.0,屏南县
economical_county,1985,2076,1,0.0,莱阳市
economical_county,1985,2077,1,0.0,滨江区
economical_county,1985,2078,1,0.0,连南瑶族自治县
economical_county,1985,2079,1,0.0,武邑县
economical_county,1985,2080,1,0.0,五河县
economical_county,1985,2081,1,0.0,南陵县
economical_county,1985,2082,1,0.0,遂昌县
economical_county,1985,2083,1,0.0,铁岭县
economical_county,1985,2084,1,0.0,峡江县
economical_county,1985,2085,1,0.0,宜黄县
economical_county,1985,2086,1,0.0,松滋市
economical_county,1985,2087,1,0.0,泸溪县
economical_county,1985,2088,1,0.0,新和县
economical_county,1985,2089,1,0.0,察隅县
economical_county,1985,2090,1,0.0,新晃侗族自治县
economical_county,1985,2091,1,0.0,芝罘区
economical_county,1985,2092,1,0.0,宁南县
economical_county,1985,2093,1,0.0,新兴区
economical_county,1985,2094,1,0.0,内丘县
economical_county,1985,2095,1,0.0,东宝区
economical_county,1985,2096,1,0.0,龙亭区
economical_county,1985,2097,1,0.0,龙口市
economical_county,1985,2098,1,0.0,南岳区
economical_county,1985,2099,1,0.0,黎城县
economical_county,1985,2100,1,0.0,西峡县
economical_county,1985,2101,1,0.0,舟曲县
economical_county,1985,2102,1,0.0,定海区
economical_county,1985,2103,1,0.0,万山区
economical_county,1985,2104,1,0.0,徽州区
economical_county,1985,2105,1,0.0,宿城区
economical_county,1985,2106,1,0.0,南乐县
economical_county,1985,2107,1,0.0,金湾区
economical_county,1985,2108,1,0.0,炎陵县
economical_county,1985,2109,1,0.0,翁源县
economical_county,1985,2110,1,0.0,涟水县
economical_county,1985,2111,1,0.0,芦溪县
economical_county,1985,2112,1,0.0,安源区
economical_county,1985,2113,1,0.0,马村区
economical_county,1985,2114,1,0.0,揭东区
economical_county,1985,2115,1,0.0,徐闻县
economical_county,1985,2116,1,0.0,万秀区
economical_county,1985,2117,1,0.0,麟游县
economical_county,1985,2118,1,0.0,石渠县
economical_county,1985,2119,1,0.0,湖滨区
economical_county,1985,2120,1,0.0,龙泉市
economical_county,1985,2121,1,0.0,槐荫区
economical_county,1985,2122,1,0.0,北塔区
economical_county,1985,2123,1,0.0,金平区
economical_county,1985,2124,1,0.0,德城区
economical_county,1985,2125,1,0.0,衢江区
economical_county,1985,2126,1,0.0,建湖县
economical_county,1985,2127,1,0.0,红安县
economical_county,1985,2128,1,0.0,白河县
economical_county,1985,2129,1,0.0,普格县
economical_county,1985,2130,1,0.0,大通区
economical_county,1985,2131,1,0.0,桦川县
economical_county,1985,2132,1,0.0,河东区
economical_county,1985,2133,1,0.0,花山区
economical_county,1985,2134,1,0.0,连城县
economical_county,1985,2135,1,0.0,鹤峰县
economical_county,1985,2136,1,0.0,民乐县
economical_county,1985,2137,1,0.0,金秀瑶族自治县
economical_county,1985,2138,1,0.0,甘泉县
economical_county,1985,2139,1,0.0,东光县
economical_county,1985,2140,1,0.0,端州区
economical_county,1985,2141,1,0.0,库伦旗
economical_county,1985,2142,1,0.0,八公山区
economical_county,1985,2143,1,0.0,周宁县
economical_county,1985,2144,1,0.0,马尾区
economical_county,1985,2145,1,0.0,港闸区
economical_county,1985,2146,1,0.0,迭部县
economical_county,1985,2147,1,0.0,响水县
economical_county,1985,2148,1,0.0,台江县
economical_county,1985,2149,1,0.0,思南县
economical_county,1985,2150,1,0.0,盐田区
economical_county,1985,2151,1,0.0,固镇县
economical_county,1985,2152,1,0.0,杜尔伯特蒙古族自治县
economical_county,1985,2153,1,0.0,乐安县
economical_county,1985,2154,1,0.0,岑巩县
economical_county,1985,2155,1,0.0,元宝山区
economical_county,1985,2156,1,0.0,故城县
economical_county,1985,2157,1,0.0,蒲县
economical_county,1985,2158,1,0.0,盐源县
economical_county,1985,2159,1,0.0,云城区
economical_county,1985,2160,1,0.0,广平县
economical_county,1985,2161,1,0.0,波密县
economical_county,1985,2162,1,0.0,阳朔县
economical_county,1985,2163,1,0.0,叠彩区
economical_county,1985,2164,1,0.0,泽库县
economical_county,1985,2165,1,0.0,资源县
economical_county,1985,2166,1,0.0,冕宁县
economical_county,1985,2167,1,0.0,漳平市
economical_county,1985,2168,1,0.0,宝兴县
economical_county,1985,2169,1,0.0,霞浦县
economical_county,1985,2170,1,0.0,崇仁县
economical_county,1985,2171,1,0.0,岢岚县
economical_county,1985,2172,1,0.0,华池县
economical_county,1985,2173,1,0.0,掇刀区
economical_county,1985,2174,1,0.0,洱源县
economical_county,1985,2175,1,0.0,连州市
economical_county,1985,2176,1,0.0,嘉祥县
economical_county,1985,2177,1,0.0,凤阳县
economical_county,1985,2178,1,0.0,丹徒区
economical_county,1985,2179,1,0.0,顺庆区
economical_county,1985,2180,1,0.0,凤台县
economical_county,1985,2181,1,0.0,牟平区
economical_county,1985,2182,1,0.0,湘桥区
economical_county,1985,2183,1,0.0,四方台区
economical_county,1985,2184,1,0.0,红星区
economical_county,1985,2185,1,0.0,明溪县
economical_county,1985,2186,1,0.0,漾濞彝族自治县
economical_county,1985,2187,1,0.0,万年县
economical_county,1985,2188,1,0.0,周村区
economical_county,1985,2189,1,0.0,前进区
economical_county,1985,2190,1,0.0,曲江区
economical_county,1985,2191,1,0.0,光泽县
economical_county,1985,2192,1,0.0,门头沟区
economical_county,1985,2193,1,0.0,运河区
economical_county,1985,2194,1,0.0,留坝县
economical_county,1985,2195,1,0.0,武强县
economical_county,1985,2196,1,0.0,中站区
economical_county,1985,2197,1,0.0,福贡县
economical_county,1985,2198,1,0.0,襄垣县
economical_county,1985,2199,1,0.0,红原县
economical_county,1985,2200,1,0.0,达坂城区
economical_county,1985,2201,1,0.0,贵德县
economical_county,1985,2202,1,0.0,松潘县
economical_county,1985,2203,1,0.0,建德市
economical_county,1985,2204,1,0.0,黑水县
economical_county,1985,2205,1,0.0,额济纳旗
economical_county,1985,2206,1,0.0,禹城市
economical_county,1985,2207,1,0.0,迁安市
economical_county,1985,2208,1,0.0,大厂回族自治县
economical_county,1985,2209,1,0.0,石龙区
economical_county,1985,2210,1,0.0,城区
economical_county,1985,2211,1,0.0,南票区
economical_county,1985,2212,1,0.0,天峻县
economical_county,1985,2213,1,0.0,博山区
economical_county,1985,2214,1,0.0,龙胜各族自治县
economical_county,1985,2215,1,0.0,银州区
economical_county,1985,2216,1,0.0,韶山市
economical_county,1985,2217,1,0.0,拉孜县
economical_county,1985,2218,1,0.0,金湖县
economical_county,1985,2219,1,0.0,寒亭区
economical_county,1985,2220,1,0.0,南山区
economical_county,1985,2221,1,0.0,福安市
economical_county,1985,2222,1,0.0,高港区
economical_county,1985,2223,1,0.0,麻山区
economical_county,1985,2224,1,0.0,西塞山区
economical_county,1985,2225,1,0.0,龙南县
economical_county,1985,2226,1,0.0,荔波县
economical_county,1985,2227,1,0.0,武江区
economical_county,1985,2228,1,0.0,湛河区
economical_county,1985,2229,1,0.0,江华瑶族自治县
economical_county,1985,2230,1,0.0,东风区
economical_county,1985,2231,1,0.0,永清县
economical_county,1985,2232,1,0.0,岳西县
economical_county,1985,2233,1,0.0,萨嘎县
economical_county,1985,2234,1,0.0,永新县
economical_county,1985,2235,1,0.0,淇县
economical_county,1985,2236,1,0.0,亚东县
economical_county,1985,2237,1,0.0,神农架林区
economical_county,1985,2238,1,0.0,下花园区
economical_county,1985,2239,1,0.0,日土县
economical_county,1985,2240,1,0.0,理县
economical_county,1985,2241,1,0.0,麻章区
economical_county,1985,2242,1,0.0,始兴县
economical_county,1985,2243,1,0.0,汝城县
economical_county,1985,2244,1,0.0,建邺区
economical_county,1985,2245,1,0.0,鹤山区
economical_county,1985,2246,1,0.0,庐山市
economical_county,1985,2247,1,0.0,凤庆县
economical_county,1985,2248,1,0.0,洛川县
economical_county,1985,2249,1,0.0,那坡县
economical_county,1985,2250,1,0.0,古冶区
economical_county,1985,2251,1,0.0,朗县
economical_county,1985,2252,1,0.0,仁化县
economical_county,1985,2253,1,0.0,玛沁县
economical_county,1985,2254,1,0.0,东山县
economical_county,1985,2255,1,0.0,濠江区
economical_county,1985,2256,1,0.0,阳东区
economical_county,1985,2257,1,0.0,定结县
economical_county,1985,2258,1,0.0,陆河县
economical_county,1985,2259,1,0.0,冀州区
economical_county,1985,2260,1,0.0,乐昌市
economical_county,1985,2261,1,0.0,广昌县
economical_county,1985,2262,1,0.0,册亨县
economical_county,1985,2263,1,0.0,宜城市
economical_county,1985,2264,1,0.0,连山壮族瑶族自治县
economical_county,1985,2265,1,0.0,凌云县
economical_county,1985,2266,1,0.0,龙游县
economical_county,1985,2267,1,0.0,巴林右旗
economical_county,1985,2268,1,0.0,白碱滩区
economical_county,1985,2269,1,0.0,尖扎县
economical_county,1985,2270,1,0.0,贵南县
economical_county,1985,2271,1,0.0,源城区
economical_county,1985,2272,1,0.0,吉木乃县
economical_county,1985,2273,1,0.0,新抚区
economical_county,1985,2274,1,0.0,云龙区
economical_county,1985,2275,1,0.0,白沙黎族自治县
economical_county,1985,2276,1,0.0,东乡区
economical_county,1985,2277,1,0.0,京口区
economical_county,1985,2278,1,0.0,蒙山县
economical_county,1985,2279,1,0.0,德安县
economical_county,1985,2280,1,0.0,安福县
economical_county,1985,2281,1,0.0,班玛县
economical_county,1985,2282,1,0.0,太白县
economical_county,1985,2283,1,0.0,阿尔山市
economical_county,1985,2284,1,0.0,蕉岭县
economical_county,1985,2285,1,0.0,玛多县
economical_county,1985,2286,1,0.0,革吉县
economical_county,1985,2287,1,0.0,札达县
economical_county,1985,2288,1,0.0,杂多县
economical_county,1985,2289,1,0.0,赣榆区
economical_county,1985,2290,1,0.0,乐亭县
economical_county,1985,2291,1,0.0,改则县
economical_county,1985,2292,1,0.0,乌恰县
economical_county,1985,2293,1,0.0,溧水区
economical_county,1985,2294,1,0.0,平谷区
economical_county,1985,2295,1,0.0,若尔盖县
economical_county,1985,2296,1,0.0,青河县
economical_county,1985,2297,1,0.0,佛冈县
economical_county,1985,2298,1,0.0,金山屯区
economical_county,1985,2299,1,0.0,叶集区
economical_county,1985,2300,1,0.0,龙安区
economical_county,1985,2301,1,0.0,治多县
economical_county,1985,2302,1,0.0,武夷山市
economical_county,1985,2303,1,0.0,建宁县
economical_county,1985,2304,1,0.0,鹰手营子矿区
economical_county,1985,2305,1,0.0,武穴市
economical_county,1985,2306,1,0.0,德昌县
economical_county,1985,2307,1,0.0,哈巴河县
economical_county,1985,2308,1,0.0,乌拉特后旗
economical_county,1985,2309,1,0.0,平塘县
economical_county,1985,2310,1,0.0,文圣区
economical_county,1985,2311,1,0.0,特克斯县
economical_county,1985,2312,1,0.0,向阳区
economical_county,1985,2313,1,0.0,阿拉山口市
economical_county,1985,2314,1,0.0,博兴县
economical_county,1985,2315,1,0.0,山城区
economical_county,1985,2316,1,0.0,新巴尔虎右旗
economical_county,1985,2317,1,0.0,泸定县
economical_county,1985,2318,1,0.0,润州区
economical_county,1985,2319,1,0.0,南雄市
economical_county,1985,2320,1,0.0,阿坝县
economical_county,1985,2321,1,0.0,召陵区
economical_county,1985,2322,1,0.0,沂源县
economical_county,1985,2323,1,0.0,铜鼓县
economical_county,1985,2324,1,0.0,梅江区
economical_county,1985,2325,1,0.0,白云鄂博矿区
economical_county,1985,2326,1,0.0,带岭区
economical_county,1985,2327,1,0.0,孙吴县
economical_county,1985,2328,1,0.0,桃山区
economical_county,1985,2329,1,0.0,广饶县
economical_county,1985,2330,1,0.0,点军区
economical_county,1985,2331,1,0.0,金口河区
economical_county,1985,2332,1,0.0,古丈县
economical_county,1985,2333,1,0.0,吉隆县
economical_county,1985,2334,1,0.0,阿合奇县
economical_county,1985,2335,1,0.0,德钦县
economical_county,1985,2336,1,0.0,木里藏族自治县
economical_county,1985,2337,1,0.0,曲麻莱县
economical_county,1985,2338,1,0.0,定南县
economical_county,1985,2339,1,0.0,上甘岭区
economical_county,1985,2340,1,0.0,乡城县
economical_county,1985,2341,1,0.0,嵊泗县
economical_county,1985,2342,1,0.0,塔什库尔干塔吉克自治县
economical_county,1985,2343,1,0.0,裕民县
economical_county,1985,2344,1,0.0,阿拉善右旗
economical_county,1985,2345,1,0.0,甘洛县
economical_county,1985,2346,1,0.0,梁子湖区
economical_county,1985,2347,1,0.0,鄂温克族自治旗
economical_county,1985,2348,1,0.0,长白朝鲜族自治县
economical_county,1985,2349,1,0.0,黄龙县
economical_county,1985,2350,1,0.0,清河门区
economical_county,1985,2351,1,0.0,容城县
economical_county,1985,2352,1,0.0,仲巴县
economical_county,1985,2353,1,0.0,镶黄旗
economical_county,1985,2354,1,0.0,阿克塞哈萨克族自治县
economical_county,1985,2355,1,0.0,下陆区
economical_county,1985,2356,1,0.0,壤塘县
economical_county,1985,2357,1,0.0,佛坪县
economical_county,1985,2358,1,0.0,囊谦县
economical_county,1985,2359,1,0.0,兴山区
economical_county,1985,2360,1,0.0,聂拉木县
economical_county,1985,2361,1,0.0,东乌珠穆沁旗
economical_county,1985,2362,1,0.0,南澳县
economical_county,1985,2363,1,0.0,噶尔县
economical_county,1985,2364,1,0.0,永平县
economical_county,1985,2365,1,0.0,得荣县
economical_county,1985,2366,1,0.0,民丰县
economical_county,1985,2367,1,0.0,甘德县
economical_county,1985,2368,1,0.0,乌马河区
economical_county,1985,2369,1,0.0,碌曲县
economical_county,1985,2370,1,0.0,武陵源区
economical_county,1985,2371,1,0.0,道孚县
economical_county,1985,2372,1,0.0,赣县区
economical_county,1985,2373,1,0.0,东宁市
economical_county,1985,2374,1,0.0,普兰店区
economical_county,1985,2375,1,0.0,陕州区
economical_county,1985,2376,1,0.0,沾益区
economical_county,1985,2377,1,0.0,措勤县
economical_county,1985,2378,1,0.0,加格达奇区
economical_county,1985,2379,1,0.0,密云区
economical_county,1985,2380,1,0.0,市北区
economical_county,1985,2381,1,0.0,武鸣区
economical_county,1985,2382,1,0.0,蓟州区
economical_county,1985,2383,1,0.0,延庆区
economical_county,1985,2384,1,0.0,黄岛区
economical_county,1985,2385,1,0.0,铜山区
economical_county,1985,2386,1,0.0,垦利区
economical_county,1985,2387,1,0.0,通州区
economical_county,1985,2388,1,0.0,义安区
economical_county,1985,2389,1,0.0,宁河区
economical_county,1985,2390,1,0.0,铜官区
economical_county,1985,2391,1,0.0,万全区
economical_county,1985,2392,1,0.0,金坛区
economical_county,1985,2393,1,0.0,曾都区
economical_county,1985,2394,1,0.0,开州区
economical_county,1985,2395,1,0.0,武隆区
economical_county,1985,2396,1,0.0,郫都区
economical_county,1985,2397,1,0.0,大洼区
economical_county,1990,0,30,2.2666666666666666,"贵溪市, 城厢区, 晋江市"
economical_county,1990,1,92,2.597826086956522,"青山湖区, 邻水县, 丰泽区"
economical_county,1990,2,1,0.0,濂溪区
economical_county,1990,3,5,1.6,"南山区, 屏山县, 高坪区"
economical_county,1990,4,2,1.0,"通川区, 孝南区"
economical_county,1990,5,4,1.5,"武侯区, 乐至县, 锦江区"
economical_county,1990,6,1,0.0,克山县
economical_county,1990,7,1,0.0,鲅鱼圈区
economical_county,1990,8,1,0.0,永福县
economical_county,1990,9,2,1.0,"青神县, 溧阳市"
economical_county,1990,10,1,0.0,金坛区
economical_county,1990,11,53,2.358490566037736,"路桥区, 巫溪县, 秦淮区"
economical_county,1990,12,50,2.4,"江干区, 寿县, 松江区"
economical_county,1990,13,2,1.0,"肥东县, 西乌珠穆沁旗"
economical_county,1990,14,2,1.0,"睢县, 任丘市"
economical_county,1990,15,1,0.0,定州市
economical_county,1990,16,1,0.0,船营区
economical_county,1990,17,1,0.0,历城区
economical_county,1990,18,1,0.0,东明县
economical_county,1990,19,1,0.0,吴江区
economical_county,1990,20,31,2.129032258064516,"依安县, 道里区, 萝北县"
economical_county,1990,21,1,0.0,高淳区
economical_county,1990,22,1,0.0,新郑市
economical_county,1990,23,1,0.0,腾冲市
economical_county,1990,24,1,0.0,永和县
economical_county,1990,25,34,2.4705882352941178,"天门市, 朝阳区, 枞阳县"
economical_county,1990,26,37,2.324324324324324,"武昌区, 黄陂区, 宜兴市"
economical_county,1990,27,32,2.125,"榆阳区, 奉节县, 平遥县"
economical_county,1990,28,1,0.0,永德县
economical_county,1990,29,1,0.0,昌宁县
economical_county,1990,30,1,0.0,六枝特区
economical_county,1990,31,39,2.8205128205128207,"丰台区, 鹿邑县, 垫江县"
economical_county,1990,32,1,0.0,兰考县
economical_county,1990,33,1,0.0,义安区
economical_county,1990,34,1,0.0,临渭区
economical_county,1990,35,3,2.0,"纳雍县, 水城县, 钟山区"
economical_county,1990,36,2,1.0,"邵阳县, 秀峰区"
economical_county,1990,37,2,1.0,"平舆县, 西工区"
economical_county,1990,38,1,0.0,二七区
economical_county,1990,39,1,0.0,工农区
economical_county,1990,40,1,0.0,魏县
economical_county,1990,41,1,0.0,岷县
economical_county,1990,42,1,0.0,建瓯市
economical_county,1990,43,2,1.0,"章贡区, 东阳市"
economical_county,1990,44,1,0.0,开江县
economical_county,1990,45,1,0.0,墨玉县
economical_county,1990,46,1,0.0,叶县
economical_county,1990,47,1,0.0,开州区
economical_county,1990,48,1,0.0,和龙市
economical_county,1990,49,1,0.0,高县
economical_county,1990,50,1,0.0,阿瓦提县
economical_county,1990,51,1,0.0,寻甸回族彝族自治县
economical_county,1990,52,2,1.0,"富源县, 沅陵县"
economical_county,1990,53,2,1.0,"平阳县, 建阳区"
economical_county,1990,54,1,0.0,隆林各族自治县
economical_county,1990,55,1,0.0,石城县
economical_county,1990,56,1,0.0,阜新蒙古族自治县
economical_county,1990,57,1,0.0,图们市
economical_county,1990,58,1,0.0,巢湖市
economical_county,1990,59,1,0.0,佳县
economical_county,1990,60,2,1.0,"宣威市, 呈贡区"
economical_county,1990,61,29,2.1379310344827585,"丰城市, 瑞安市, 海城市"
economical_county,1990,62,1,0.0,袁州区
economical_county,1990,63,2,1.0,"瓦房店市, 振兴区"
economical_county,1990,64,42,2.261904761904762,"勐腊县, 永嘉县, 巴南区"
economical_county,1990,65,2,1.0,"惠济区, 汝南县"
economical_county,1990,66,1,0.0,赤壁市
economical_county,1990,67,1,0.0,宁河区
economical_county,1990,68,1,0.0,荣成市
economical_county,1990,69,1,0.0,鄄城县
economical_county,1990,70,33,2.272727272727273,"营山县, 祁东县, 眉县"
economical_county,1990,71,1,0.0,望奎县
economical_county,1990,72,1,0.0,万全区
economical_county,1990,73,1,0.0,雨山区
economical_county,1990,74,1,0.0,环县
economical_county,1990,75,1,0.0,仙桃市
economical_county,1990,76,1,0.0,鼎城区
economical_county,1990,77,1,0.0,富顺县
economical_county,1990,78,1,0.0,遂平县
economical_county,1990,79,1,0.0,驿城区
economical_county,1990,80,1,0.0,织金县
economical_county,1990,81,1,0.0,郫都区
economical_county,1990,82,1,0.0,东河区
economical_county,1990,83,9,1.7777777777777777,"静海区, 阿克苏市, 温宿县"
economical_county,1990,84,1,0.0,黑山县
economical_county,1990,85,2,1.0,"商都县, 鄂托克旗"
economical_county,1990,86,4,1.5,"淳化县, 乾县, 未央区"
economical_county,1990,87,1,0.0,阎良区
economical_county,1990,88,3,1.3333333333333333,"古浪县, 奎屯市, 乌苏市"
economical_county,1990,89,1,0.0,海南区
economical_county,1990,90,2,1.0,"浮山县, 尧都区"
economical_county,1990,91,1,0.0,久治县
economical_county,1990,92,2,1.0,"龙子湖区, 固镇县"
economical_county,1990,93,32,2.09375,"托克托县, 清水河县, 达拉特旗"
economical_county,1990,94,1,0.0,璧山区
economical_county,1990,95,1,0.0,凤翔县
economical_county,1990,96,1,0.0,通州区
economical_county,1990,97,1,0.0,绥德县
economical_county,1990,98,1,0.0,定边县
economical_county,1990,99,1,0.0,铜官区
economical_county,1990,100,1,0.0,临县
economical_county,1990,101,23,2.260869565217391,"头屯河区, 兴宁区, 乌鲁木齐县"
economical_county,1990,102,9,1.7777777777777777,"莲湖区, 城中区, 康保县"
economical_county,1990,103,2,1.0,"巧家县, 普格县"
economical_county,1990,104,1,0.0,勐海县
economical_county,1990,105,28,2.2857142857142856,"靖远县, 秦安县, 大理市"
economical_county,1990,106,47,2.25531914893617,"官渡区, 雁塔区, 盘龙区"
economical_county,1990,107,2,1.0,"贺兰县, 平罗县"
economical_county,1990,108,42,2.6666666666666665,"固始县, 顺义区, 夏邑县"
economical_county,1990,109,2,1.0,"公主岭市, 铁东区"
economical_county,1990,110,1,0.0,黎平县
economical_county,1990,111,1,0.0,武隆区
economical_county,1990,112,1,0.0,珠山区
economical_county,1990,113,1,0.0,伊川县
economical_county,1990,114,1,0.0,永定区
economical_county,1990,115,1,0.0,平鲁区
economical_county,1990,116,5,1.6,"阿荣旗, 房山区, 扎兰屯市"
economical_county,1990,117,3,1.3333333333333333,"铁西区, 辽阳县, 千山区"
economical_county,1990,118,1,0.0,三门县
economical_county,1990,119,3,1.3333333333333333,"长汀县, 瑞金市, 清流县"
economical_county,1990,120,1,0.0,同安区
economical_county,1990,121,3,1.3333333333333333,"上高县, 海城区, 浦北县"
economical_county,1990,122,1,0.0,乾安县
economical_county,1990,123,1,0.0,绿园区
economical_county,1990,124,1,0.0,柳林县
economical_county,1990,125,1,0.0,离石区
economical_county,1990,126,1,0.0,布尔津县
economical_county,1990,127,2,1.0,"米东区, 凉州区"
economical_county,1990,128,1,0.0,富县
economical_county,1990,129,1,0.0,横山区
economical_county,1990,130,3,1.3333333333333333,"罗甸县, 新都区, 婺城区"
economical_county,1990,131,1,0.0,清新区
economical_county,1990,132,2,1.0,"隆化县, 蠡县"
economical_county,1990,133,1,0.0,麒麟区
economical_county,1990,134,1,0.0,单县
economical_county,1990,135,1,0.0,察哈尔右翼中旗
economical_county,1990,136,1,0.0,江安县
economical_county,1990,137,2,1.0,"临夏市, 金凤区"
economical_county,1990,138,1,0.0,奈曼旗
economical_county,1990,139,1,0.0,科尔沁区
economical_county,1990,140,1,0.0,汇川区
economical_county,1990,141,3,1.3333333333333333,"红花岗区, 绥阳县, 播州区"
economical_county,1990,142,1,0.0,平武县
economical_county,1990,143,2,1.0,"游仙区, 江油市"
economical_county,1990,144,1,0.0,新乡县
economical_county,1990,145,1,0.0,红旗区
economical_county,1990,146,1,0.0,怀安县
economical_county,1990,147,1,0.0,大洼区
economical_county,1990,148,1,0.0,西华县
economical_county,1990,149,1,0.0,镇赉县
economical_county,1990,150,1,0.0,龙华区
economical_county,1990,151,3,1.3333333333333333,"汾阳市, 河曲县, 代县"
economical_county,1990,152,40,2.275,"库尔勒市, 西峰区, 城关区"
economical_county,1990,153,1,0.0,梅县区
economical_county,1990,154,2,1.0,"光明区, 阳新县"
economical_county,1990,155,1,0.0,洛南县
economical_county,1990,156,2,1.0,"黄陵县, 三原县"
economical_county,1990,157,4,1.5,"延川县, 宝塔区, 吴堡县"
economical_county,1990,158,4,2.5,"内乡县, 唐河县, 新野县"
economical_county,1990,159,1,0.0,雁山区
economical_county,1990,160,2,1.0,"琼海市, 道县"
economical_county,1990,161,1,0.0,玉屏侗族自治县
economical_county,1990,162,1,0.0,芷江侗族自治县
economical_county,1990,163,3,1.3333333333333333,"潮阳区, 惠城区, 和平县"
economical_county,1990,164,1,0.0,清涧县
economical_county,1990,165,1,0.0,吉阳区
economical_county,1990,166,5,2.0,"矿区, 昔阳县, 城区"
economical_county,1990,167,1,0.0,盂县
economical_county,1990,168,1,0.0,泊头市
economical_county,1990,169,1,0.0,东港区
economical_county,1990,170,1,0.0,满城区
economical_county,1990,171,1,0.0,乡宁县
economical_county,1990,172,3,1.3333333333333333,"肥城市, 任城区, 槐荫区"
economical_county,1990,173,3,1.3333333333333333,"崂山区, 靖宇县, 莒南县"
economical_county,1990,174,2,1.0,"衡南县, 雁峰区"
economical_county,1990,175,1,0.0,禹王台区
economical_county,1990,176,3,1.3333333333333333,"太康县, 城区, 扶风县"
economical_county,1990,177,1,0.0,朝阳区
economical_county,1990,178,2,1.0,"上犹县, 连山壮族瑶族自治县"
economical_county,1990,179,1,0.0,献县
economical_county,1990,180,1,0.0,稷山县
economical_county,1990,181,2,1.0,"融安县, 东兴市"
economical_county,1990,182,1,0.0,钦南区
economical_county,1990,183,2,1.0,"荣昌区, 武定县"
economical_county,1990,184,1,0.0,西岗区
economical_county,1990,185,1,0.0,太和区
economical_county,1990,186,1,0.0,和顺县
economical_county,1990,187,1,0.0,太谷县
economical_county,1990,188,1,0.0,丰县
economical_county,1990,189,1,0.0,房县
economical_county,1990,190,1,0.0,和布克赛尔蒙古自治县
economical_county,1990,191,2,1.0,"榆次区, 左权县"
economical_county,1990,192,1,0.0,伊通满族自治县
economical_county,1990,193,1,0.0,南关区
economical_county,1990,194,1,0.0,峄城区
economical_county,1990,195,1,0.0,市中区
economical_county,1990,196,1,0.0,富锦市
economical_county,1990,197,1,0.0,同江市
economical_county,1990,198,1,0.0,南浔区
economical_county,1990,199,1,0.0,镇海区
economical_county,1990,200,4,1.5,"泾川县, 利通区, 同心县"
economical_county,1990,201,1,0.0,兴文县
economical_county,1990,202,20,2.25,"蓬江区, 石鼓区, 蓬安县"
economical_county,1990,203,1,0.0,靖安县
economical_county,1990,204,1,0.0,奉新县
economical_county,1990,205,3,1.3333333333333333,"冷水滩区, 东安县, 七星区"
economical_county,1990,206,1,0.0,萧山区
economical_county,1990,207,1,0.0,丰镇市
economical_county,1990,208,1,0.0,新源县
economical_county,1990,209,1,0.0,莱西市
economical_county,1990,210,2,1.0,"休宁县, 屯溪区"
economical_county,1990,211,1,0.0,澄城县
economical_county,1990,212,1,0.0,曲沃县
economical_county,1990,213,1,0.0,侯马市
economical_county,1990,214,1,0.0,青冈县
economical_county,1990,215,1,0.0,大安市
economical_county,1990,216,1,0.0,香河县
economical_county,1990,217,1,0.0,扶余市
economical_county,1990,218,1,0.0,宁江区
economical_county,1990,219,1,0.0,克东县
economical_county,1990,220,1,0.0,路南区
economical_county,1990,221,4,1.5,"肇东市, 临河区, 泰来县"
economical_county,1990,222,1,0.0,西林区
economical_county,1990,223,1,0.0,岚县
economical_county,1990,224,1,0.0,介休市
economical_county,1990,225,1,0.0,阜宁县
economical_county,1990,226,1,0.0,长葛市
economical_county,1990,227,2,1.0,"中宁县, 海原县"
economical_county,1990,228,1,0.0,永寿县
economical_county,1990,229,1,0.0,祁门县
economical_county,1990,230,1,0.0,大冶市
economical_county,1990,231,1,0.0,扎鲁特旗
economical_county,1990,232,1,0.0,霍林郭勒市
economical_county,1990,233,1,0.0,零陵区
economical_county,1990,234,1,0.0,仁怀市
economical_county,1990,235,1,0.0,麻江县
economical_county,1990,236,1,0.0,余姚市
economical_county,1990,237,2,1.0,"盐池县, 灵武市"
economical_county,1990,238,1,0.0,乐平市
economical_county,1990,239,1,0.0,尚义县
economical_county,1990,240,1,0.0,子洲县
economical_county,1990,241,1,0.0,景县
economical_county,1990,242,1,0.0,桃城区
economical_county,1990,243,1,0.0,甘南县
economical_county,1990,244,1,0.0,平利县
economical_county,1990,245,1,0.0,嘉陵区
economical_county,1990,246,1,0.0,磴口县
economical_county,1990,247,1,0.0,额敏县
economical_county,1990,248,1,0.0,澄迈县
economical_county,1990,249,1,0.0,禹会区
economical_county,1990,250,1,0.0,永年区
economical_county,1990,251,1,0.0,双阳区
economical_county,1990,252,2,1.0,"蔚县, 乌兰浩特市"
economical_county,1990,253,1,0.0,霍尔果斯市
economical_county,1990,254,1,0.0,城西区
economical_county,1990,255,1,0.0,伊宁市
economical_county,1990,256,1,0.0,磐石市
economical_county,1990,257,1,0.0,托里县
economical_county,1990,258,1,0.0,揭西县
economical_county,1990,259,1,0.0,会东县
economical_county,1990,260,1,0.0,蒲城县
economical_county,1990,261,1,0.0,乌拉特前旗
economical_county,1990,262,2,1.0,"拜泉县, 建华区"
economical_county,1990,263,4,1.5,"铁西区, 五常市, 辽中区"
economical_county,1990,264,1,0.0,弓长岭区
economical_county,1990,265,2,1.0,"宏伟区, 讷河市"
economical_county,1990,266,1,0.0,曾都区
economical_county,1990,267,1,0.0,内黄县
economical_county,1990,268,1,0.0,新市区
economical_county,1990,269,1,0.0,安达市
economical_county,1990,270,1,0.0,沽源县
economical_county,1990,271,1,0.0,定兴县
economical_county,1990,272,1,0.0,竞秀区
economical_county,1990,273,2,1.0,"盖州市, 大东区"
economical_county,1990,274,1,0.0,松北区
economical_county,1990,275,1,0.0,红岗区
economical_county,1990,276,1,0.0,利津县
economical_county,1990,277,1,0.0,隆德县
economical_county,1990,278,1,0.0,西吉县
economical_county,1990,279,1,0.0,惠农区
economical_county,1990,280,1,0.0,和静县
economical_county,1990,281,2,1.0,"津南区, 邹城市"
economical_county,1990,282,1,0.0,偃师市
economical_county,1990,283,1,0.0,望花区
economical_county,1990,284,1,0.0,大同区
economical_county,1990,285,1,0.0,柳城县
economical_county,1990,286,1,0.0,弥渡县
economical_county,1990,287,1,0.0,涿州市
economical_county,1990,288,3,1.3333333333333333,"胶州市, 市南区, 林口县"
economical_county,1990,289,1,0.0,武都区
economical_county,1990,290,1,0.0,西青区
economical_county,1990,291,3,1.3333333333333333,"蒙城县, 博爱县, 颍州区"
economical_county,1990,292,1,0.0,霍州市
economical_county,1990,293,3,1.3333333333333333,"思茅区, 宁洱哈尼族彝族自治县, 务川仡佬族苗族自治县"
economical_county,1990,294,2,1.0,"安宁区, 安定区"
economical_county,1990,295,1,0.0,渝水区
economical_county,1990,296,1,0.0,浦江县
economical_county,1990,297,1,0.0,清原满族自治县
economical_county,1990,298,1,0.0,喀什市
economical_county,1990,299,1,0.0,秀屿区
economical_county,1990,300,3,1.3333333333333333,"汾西县, 灵寿县, 灵石县"
economical_county,1990,301,1,0.0,清徐县
economical_county,1990,302,1,0.0,临武县
economical_county,1990,303,2,1.0,"松阳县, 景宁畲族自治县"
economical_county,1990,304,1,0.0,霍山县
economical_county,1990,305,1,0.0,景东彝族自治县
economical_county,1990,306,1,0.0,曲水县
economical_county,1990,307,2,1.0,"洪山区, 郧西县"
economical_county,1990,308,1,0.0,黄州区
economical_county,1990,309,1,0.0,湘东区
economical_county,1990,310,1,0.0,庆云县
economical_county,1990,311,1,0.0,沙坡头区
economical_county,1990,312,2,1.0,"紫阳县, 峨眉山市"
economical_county,1990,313,2,1.0,"彭阳县, 精河县"
economical_county,1990,314,1,0.0,阳谷县
economical_county,1990,315,1,0.0,莲池区
economical_county,1990,316,1,0.0,北镇市
economical_county,1990,317,1,0.0,平山区
economical_county,1990,318,1,0.0,迎江区
economical_county,1990,319,2,1.0,"松山区, 红山区"
economical_county,1990,320,1,0.0,塔河县
economical_county,1990,321,1,0.0,喀喇沁左翼蒙古族自治县
economical_county,1990,322,5,1.6,"苏家屯区, 南芬区, 明山区"
economical_county,1990,323,3,1.3333333333333333,"凯里市, 黄平县, 阳春市"
economical_county,1990,324,1,0.0,莘县
economical_county,1990,325,1,0.0,沙县
economical_county,1990,326,1,0.0,禄劝彝族苗族自治县
economical_county,1990,327,2,1.0,"梅河口市, 柳河县"
economical_county,1990,328,1,0.0,泸西县
economical_county,1990,329,1,0.0,太子河区
economical_county,1990,330,1,0.0,洋县
economical_county,1990,331,1,0.0,昌吉市
economical_county,1990,332,1,0.0,博湖县
economical_county,1990,333,1,0.0,澜沧拉祜族自治县
economical_county,1990,334,1,0.0,云县
economical_county,1990,335,1,0.0,正蓝旗
economical_county,1990,336,2,1.0,"多伦县, 高阳县"
economical_county,1990,337,1,0.0,城固县
economical_county,1990,338,1,0.0,正镶白旗
economical_county,1990,339,1,0.0,孟津县
economical_county,1990,340,1,0.0,友好区
economical_county,1990,341,1,0.0,五寨县
economical_county,1990,342,1,0.0,秀山土家族苗族自治县
economical_county,1990,343,1,0.0,喀喇沁旗
economical_county,1990,344,1,0.0,和硕县
economical_county,1990,345,1,0.0,红寺堡区
economical_county,1990,346,1,0.0,龙沙区
economical_county,1990,347,1,0.0,龙凤区
economical_county,1990,348,1,0.0,朝阳县
economical_county,1990,349,1,0.0,曹妃甸区
economical_county,1990,350,1,0.0,肥乡区
economical_county,1990,351,1,0.0,萨迦县
economical_county,1990,352,1,0.0,北流市
economical_county,1990,353,1,0.0,成县
economical_county,1990,354,1,0.0,砚山县
economical_county,1990,355,1,0.0,远安县
economical_county,1990,356,1,0.0,雁江区
economical_county,1990,357,1,0.0,大荔县
economical_county,1990,358,1,0.0,高陵区
economical_county,1990,359,1,0.0,灵璧县
economical_county,1990,360,1,0.0,句容市
economical_county,1990,361,1,0.0,宝山区
economical_county,1990,362,1,0.0,五峰土家族自治县
economical_county,1990,363,1,0.0,三台县
economical_county,1990,364,1,0.0,南湖区
economical_county,1990,365,1,0.0,积石山保安族东乡族撒拉族自治县
economical_county,1990,366,1,0.0,乌兰县
economical_county,1990,367,1,0.0,大武口区
economical_county,1990,368,2,1.0,"浈江区, 仁化县"
economical_county,1990,369,1,0.0,固阳县
economical_county,1990,370,1,0.0,梨树县
economical_county,1990,371,1,0.0,宁明县
economical_county,1990,372,1,0.0,高邮市
economical_county,1990,373,1,0.0,康平县
economical_county,1990,374,1,0.0,乌尔禾区
economical_county,1990,375,1,0.0,兴隆台区
economical_county,1990,376,1,0.0,围场满族蒙古族自治县
economical_county,1990,377,1,0.0,薛城区
economical_county,1990,378,2,1.0,"都兰县, 东海县"
economical_county,1990,379,1,0.0,汪清县
economical_county,1990,380,1,0.0,汉源县
economical_county,1990,381,1,0.0,雨城区
economical_county,1990,382,1,0.0,江孜县
economical_county,1990,383,1,0.0,安图县
economical_county,1990,384,1,0.0,沁源县
economical_county,1990,385,1,0.0,阿图什市
economical_county,1990,386,1,0.0,临江市
economical_county,1990,387,1,0.0,原平市
economical_county,1990,388,1,0.0,定襄县
economical_county,1990,389,1,0.0,灞桥区
economical_county,1990,390,1,0.0,耿马傣族佤族自治县
economical_county,1990,391,1,0.0,鲁甸县
economical_county,1990,392,1,0.0,永善县
economical_county,1990,393,1,0.0,海宁市
economical_county,1990,394,1,0.0,忻府区
economical_county,1990,395,39,2.1794871794871793,"南安市, 思明区, 芦淞区"
economical_county,1990,396,1,0.0,石阡县
economical_county,1990,397,1,0.0,双江拉祜族佤族布朗族傣族自治县
economical_county,1990,398,1,0.0,准格尔旗
economical_county,1990,399,1,0.0,轮台县
economical_county,1990,400,1,0.0,肇州县
economical_county,1990,401,1,0.0,团风县
economical_county,1990,402,4,1.5,"辉南县, 洮南市, 潍城区"
economical_county,1990,403,1,0.0,定安县
economical_county,1990,404,1,0.0,赤城县
economical_county,1990,405,1,0.0,山海关区
economical_county,1990,406,1,0.0,法库县
economical_county,1990,407,3,1.3333333333333333,"宾县, 玉田县, 饶河县"
economical_county,1990,408,1,0.0,河间市
economical_county,1990,409,2,1.0,"琅琊区, 盱眙县"
economical_county,1990,410,1,0.0,金阳县
economical_county,1990,411,1,0.0,封丘县
economical_county,1990,412,1,0.0,自流井区
economical_county,1990,413,1,0.0,临潭县
economical_county,1990,414,1,0.0,河南蒙古族自治县
economical_county,1990,415,1,0.0,武宣县
economical_county,1990,416,1,0.0,台儿庄区
economical_county,1990,417,2,1.0,"铁东区, 西丰县"
economical_county,1990,418,1,0.0,临湘市
economical_county,1990,419,1,0.0,安龙县
economical_county,1990,420,1,0.0,二道区
economical_county,1990,421,1,0.0,酉阳土家族苗族自治县
economical_county,1990,422,1,0.0,绿春县
economical_county,1990,423,2,1.0,"苏尼特右旗, 化德县"
economical_county,1990,424,2,1.0,"湘潭县, 英德市"
economical_county,1990,425,2,1.0,"张湾区, 新洲区"
economical_county,1990,426,1,0.0,涞源县
economical_county,1990,427,1,0.0,沿河土家族自治县
economical_county,1990,428,1,0.0,彝良县
economical_county,1990,429,1,0.0,电白区
economical_county,1990,430,1,0.0,柘荣县
economical_county,1990,431,1,0.0,福鼎市
economical_county,1990,432,1,0.0,丰润区
economical_county,1990,433,1,0.0,静宁县
economical_county,1990,434,1,0.0,建平县
economical_county,1990,435,1,0.0,固安县
economical_county,1990,436,1,0.0,崇信县
economical_county,1990,437,1,0.0,金川区
economical_county,1990,438,1,0.0,阳高县
economical_county,1990,439,2,1.0,"埇桥区, 濉溪县"
economical_county,1990,440,1,0.0,孟州市
economical_county,1990,441,1,0.0,新津县
economical_county,1990,442,1,0.0,临洮县
economical_county,1990,443,4,1.5,"安义县, 普陀区, 诸暨市"
economical_county,1990,444,1,0.0,乌伊岭区
economical_county,1990,445,1,0.0,孟村回族自治县
economical_county,1990,446,2,1.0,"达川区, 福清市"
economical_county,1990,447,1,0.0,开化县
economical_county,1990,448,1,0.0,娄烦县
economical_county,1990,449,1,0.0,乌什县
economical_county,1990,450,1,0.0,庆安县
economical_county,1990,451,1,0.0,襄州区
economical_county,1990,452,3,1.3333333333333333,"樊城区, 丹江口市, 宜城市"
economical_county,1990,453,1,0.0,繁峙县
economical_county,1990,454,1,0.0,宜丰县
economical_county,1990,455,1,0.0,殷都区
economical_county,1990,456,4,1.5,"天山区, 英吉沙县, 岳普湖县"
economical_county,1990,457,1,0.0,长宁县
economical_county,1990,458,2,1.0,"沙湾县, 界首市"
economical_county,1990,459,1,0.0,尼勒克县
economical_county,1990,460,1,0.0,科尔沁右翼中旗
economical_county,1990,461,5,1.6,"江南区, 玉州区, 陆川县"
economical_county,1990,462,1,0.0,大安区
economical_county,1990,463,1,0.0,五台县
economical_county,1990,464,1,0.0,古交市
economical_county,1990,465,1,0.0,扬中市
economical_county,1990,466,1,0.0,延平区
economical_county,1990,467,5,1.6,"宁晋县, 无极县, 长安区"
economical_county,1990,468,1,0.0,抚宁区
economical_county,1990,469,1,0.0,路北区
economical_county,1990,470,1,0.0,涪城区
economical_county,1990,471,1,0.0,海盐县
economical_county,1990,472,1,0.0,汉滨区
economical_county,1990,473,1,0.0,大石桥市
economical_county,1990,474,2,1.0,"伊春区, 梁山县"
economical_county,1990,475,1,0.0,宜章县
economical_county,1990,476,1,0.0,宜阳县
economical_county,1990,477,1,0.0,雨花区
economical_county,1990,478,1,0.0,虎林市
economical_county,1990,479,1,0.0,大祥区
economical_county,1990,480,1,0.0,屏边苗族自治县
economical_county,1990,481,1,0.0,开远市
economical_county,1990,482,1,0.0,浑南区
economical_county,1990,483,1,0.0,红塔区
economical_county,1990,484,1,0.0,原阳县
economical_county,1990,485,1,0.0,管城回族区
economical_county,1990,486,2,1.0,"卫滨区, 沁阳市"
economical_county,1990,487,1,0.0,洪洞县
economical_county,1990,488,1,0.0,古县
economical_county,1990,489,1,0.0,宕昌县
economical_county,1990,490,4,2.0,"兴义市, 龙州县, 凭祥市"
economical_county,1990,491,1,0.0,枣阳市
economical_county,1990,492,1,0.0,右玉县
economical_county,1990,493,1,0.0,左云县
economical_county,1990,494,1,0.0,沿滩区
economical_county,1990,495,1,0.0,双柏县
economical_county,1990,496,1,0.0,保亭黎族苗族自治县
economical_county,1990,497,1,0.0,北关区
economical_county,1990,498,1,0.0,长顺县
economical_county,1990,499,1,0.0,宁海县
economical_county,1990,500,1,0.0,盘山县
economical_county,1990,501,1,0.0,庄浪县
economical_county,1990,502,1,0.0,双城区
economical_county,1990,503,1,0.0,扶沟县
economical_county,1990,504,1,0.0,樟树市
economical_county,1990,505,1,0.0,上栗县
economical_county,1990,506,1,0.0,博乐市
economical_county,1990,507,1,0.0,巩义市
economical_county,1990,508,1,0.0,麦盖提县
economical_county,1990,509,1,0.0,木兰县
economical_county,1990,510,3,1.3333333333333333,"龙山县, 保靖县, 吉首市"
economical_county,1990,511,1,0.0,寿宁县
economical_county,1990,512,1,0.0,滦平县
economical_county,1990,513,3,1.3333333333333333,"天河区, 惠来县, 化州市"
economical_county,1990,514,1,0.0,渭源县
economical_county,1990,515,1,0.0,高昌区
economical_county,1990,516,1,0.0,镇安县
economical_county,1990,517,1,0.0,彰武县
economical_county,1990,518,4,1.5,"盐都区, 长岛县, 栖霞市"
economical_county,1990,519,1,0.0,秭归县
economical_county,1990,520,1,0.0,巩留县
economical_county,1990,521,1,0.0,襄汾县
economical_county,1990,522,1,0.0,灵丘县
economical_county,1990,523,3,1.3333333333333333,"泗阳县, 宣州区, 建邺区"
economical_county,1990,524,1,0.0,若羌县
economical_county,1990,525,1,0.0,长阳土家族自治县
economical_county,1990,526,2,1.0,"泽州县, 沁县"
economical_county,1990,527,1,0.0,立山区
economical_county,1990,528,1,0.0,滨湖区
economical_county,1990,529,1,0.0,玉门市
economical_county,1990,530,1,0.0,永宁县
economical_county,1990,531,2,1.0,"澧县, 龙湖区"
economical_county,1990,532,1,0.0,西区
economical_county,1990,533,1,0.0,孟连傣族拉祜族佤族自治县
economical_county,1990,534,1,0.0,扶绥县
economical_county,1990,535,1,0.0,肃北蒙古族自治县
economical_county,1990,536,1,0.0,兰陵县
economical_county,1990,537,3,2.0,"南昌县, 西湖区, 永修县"
economical_county,1990,538,1,0.0,新建区
economical_county,1990,539,1,0.0,任县
economical_county,1990,540,1,0.0,北林区
economical_county,1990,541,2,1.0,"皋兰县, 西固区"
economical_county,1990,542,1,0.0,永吉县
economical_county,1990,543,1,0.0,绥滨县
economical_county,1990,544,1,0.0,三水区
economical_county,1990,545,1,0.0,沁水县
economical_county,1990,546,1,0.0,夏县
economical_county,1990,547,1,0.0,罗山县
economical_county,1990,548,1,0.0,河口瑶族自治县
economical_county,1990,549,2,1.0,"四子王旗, 乌拉特中旗"
economical_county,1990,550,2,1.0,"东兴区, 宁陕县"
economical_county,1990,551,1,0.0,洞口县
economical_county,1990,552,1,0.0,西安区
economical_county,1990,553,1,0.0,濮阳县
economical_county,1990,554,1,0.0,福泉市
economical_county,1990,555,1,0.0,垣曲县
economical_county,1990,556,2,1.0,"邛崃市, 安丘市"
economical_county,1990,557,1,0.0,威宁彝族回族苗族自治县
economical_county,1990,558,2,1.0,"邱县, 桥东区"
economical_county,1990,559,1,0.0,威县
economical_county,1990,560,1,0.0,达日县
economical_county,1990,561,1,0.0,猇亭区
economical_county,1990,562,1,0.0,赞皇县
economical_county,1990,563,1,0.0,鹿泉区
economical_county,1990,564,1,0.0,文水县
economical_county,1990,565,1,0.0,月湖区
economical_county,1990,566,1,0.0,涡阳县
economical_county,1990,567,1,0.0,府谷县
economical_county,1990,568,1,0.0,凤县
economical_county,1990,569,1,0.0,绥宁县
economical_county,1990,570,4,1.5,"高密市, 李沧区, 张店区"
economical_county,1990,571,1,0.0,双清区
economical_county,1990,572,1,0.0,岚山区
economical_county,1990,573,2,1.0,"松桃苗族自治县, 龙湾区"
economical_county,1990,574,1,0.0,临高县
economical_county,1990,575,1,0.0,会宁县
economical_county,1990,576,1,0.0,农安县
economical_county,1990,577,1,0.0,科尔沁左翼后旗
economical_county,1990,578,1,0.0,调兵山市
economical_county,1990,579,1,0.0,安泽县
economical_county,1990,580,1,0.0,山阴县
economical_county,1990,581,1,0.0,漳县
economical_county,1990,582,1,0.0,瀍河回族区
economical_county,1990,583,4,1.5,"瑶海区, 弋江区, 镜湖区"
economical_county,1990,584,1,0.0,中原区
economical_county,1990,585,1,0.0,五大连池市
economical_county,1990,586,1,0.0,肃南裕固族自治县
economical_county,1990,587,1,0.0,甘州区
economical_county,1990,588,1,0.0,二道江区
economical_county,1990,589,1,0.0,永靖县
economical_county,1990,590,1,0.0,岫岩满族自治县
economical_county,1990,591,2,1.0,"大姚县, 通海县"
economical_county,1990,592,1,0.0,新绛县
economical_county,1990,593,1,0.0,肃州区
economical_county,1990,594,1,0.0,海港区
economical_county,1990,595,1,0.0,岭东区
economical_county,1990,596,1,0.0,栾城区
economical_county,1990,597,1,0.0,呼图壁县
economical_county,1990,598,1,0.0,大城县
economical_county,1990,599,1,0.0,洮北区
economical_county,1990,600,1,0.0,疏附县
economical_county,1990,601,2,1.0,"临颍县, 兴海县"
economical_county,1990,602,1,0.0,沙雅县
economical_county,1990,603,1,0.0,五莲县
economical_county,1990,604,2,1.0,"黄骅市, 阳信县"
economical_county,1990,605,1,0.0,新华区
economical_county,1990,606,2,1.0,"桦南县, 桦川县"
economical_county,1990,607,1,0.0,东港市
economical_county,1990,608,1,0.0,宿豫区
economical_county,1990,609,1,0.0,越城区
economical_county,1990,610,1,0.0,河口区
economical_county,1990,611,2,1.0,"罗定市, 德保县"
economical_county,1990,612,1,0.0,泾源县
economical_county,1990,613,1,0.0,磁县
economical_county,1990,614,1,0.0,温县
economical_county,1990,615,1,0.0,文峰区
economical_county,1990,616,1,0.0,饶平县
economical_county,1990,617,1,0.0,宽甸满族自治县
economical_county,1990,618,1,0.0,老边区
economical_county,1990,619,1,0.0,通江县
economical_county,1990,620,1,0.0,绛县
economical_county,1990,621,2,1.0,"东坡区, 宝兴县"
economical_county,1990,622,1,0.0,吴桥县
economical_county,1990,623,1,0.0,同德县
economical_county,1990,624,1,0.0,开平区
economical_county,1990,625,1,0.0,宝坻区
economical_county,1990,626,1,0.0,洞头区
economical_county,1990,627,1,0.0,龙川县
economical_county,1990,628,1,0.0,长武县
economical_county,1990,629,1,0.0,昌黎县
economical_county,1990,630,1,0.0,义县
economical_county,1990,631,1,0.0,滦南县
economical_county,1990,632,1,0.0,勃利县
economical_county,1990,633,1,0.0,茄子河区
economical_county,1990,634,1,0.0,淮安区
economical_county,1990,635,1,0.0,独山县
economical_county,1990,636,1,0.0,承德县
economical_county,1990,637,1,0.0,柯桥区
economical_county,1990,638,1,0.0,苍梧县
economical_county,1990,639,1,0.0,岑溪市
economical_county,1990,640,1,0.0,沈丘县
economical_county,1990,641,1,0.0,卫东区
economical_county,1990,642,2,1.0,"渭城区, 丹凤县"
economical_county,1990,643,1,0.0,吉安县
economical_county,1990,644,1,0.0,云溪区
economical_county,1990,645,1,0.0,桑珠孜区
economical_county,1990,646,1,0.0,定日县
economical_county,1990,647,2,1.0,"息县, 巴楚县"
economical_county,1990,648,1,0.0,伽师县
economical_county,1990,649,1,0.0,藁城区
economical_county,1990,650,1,0.0,天长市
economical_county,1990,651,1,0.0,兰西县
economical_county,1990,652,2,1.0,"新化县, 冷水江市"
economical_county,1990,653,1,0.0,凤城市
economical_county,1990,654,1,0.0,墨竹工卡县
economical_county,1990,655,1,0.0,崖州区
economical_county,1990,656,1,0.0,雨湖区
economical_county,1990,657,1,0.0,禄丰县
economical_county,1990,658,1,0.0,牡丹区
economical_county,1990,659,1,0.0,古城区
economical_county,1990,660,1,0.0,清水县
economical_county,1990,661,1,0.0,荆州区
economical_county,1990,662,1,0.0,灵台县
economical_county,1990,663,1,0.0,浔阳区
economical_county,1990,664,1,0.0,扎赉特旗
economical_county,1990,665,1,0.0,芦山县
economical_county,1990,666,1,0.0,邕宁区
economical_county,1990,667,1,0.0,隆阳区
economical_county,1990,668,1,0.0,瑞丽市
economical_county,1990,669,1,0.0,偏关县
economical_county,1990,670,1,0.0,岚皋县
economical_county,1990,671,1,0.0,澄海区
economical_county,1990,672,1,0.0,抚松县
economical_county,1990,673,1,0.0,德清县
economical_county,1990,674,2,1.0,"莱州市, 新兴区"
economical_county,1990,675,1,0.0,梅列区
economical_county,1990,676,1,0.0,礼县
economical_county,1990,677,1,0.0,麦积区
economical_county,1990,678,1,0.0,宜都市
economical_county,1990,679,1,0.0,富川瑶族自治县
economical_county,1990,680,1,0.0,八步区
economical_county,1990,681,1,0.0,突泉县
economical_county,1990,682,1,0.0,嵩县
economical_county,1990,683,1,0.0,连山区
economical_county,1990,684,1,0.0,东辽县
economical_county,1990,685,1,0.0,南召县
economical_county,1990,686,1,0.0,奇台县
economical_county,1990,687,1,0.0,沈北新区
economical_county,1990,688,2,1.0,"乌当区, 思南县"
economical_county,1990,689,1,0.0,昌江黎族自治县
economical_county,1990,690,1,0.0,新田县
economical_county,1990,691,1,0.0,全南县
economical_county,1990,692,1,0.0,新乐市
economical_county,1990,693,1,0.0,正定县
economical_county,1990,694,1,0.0,桂阳县
economical_county,1990,695,2,1.0,"竹溪县, 沙河市"
economical_county,1990,696,1,0.0,昌邑市
economical_county,1990,697,1,0.0,王益区
economical_county,1990,698,1,0.0,青云谱区
economical_county,1990,699,1,0.0,祁县
economical_county,1990,700,1,0.0,隆尧县
economical_county,1990,701,1,0.0,东昌区
economical_county,1990,702,1,0.0,石首市
economical_county,1990,703,1,0.0,海棠区
economical_county,1990,704,1,0.0,东源县
economical_county,1990,705,1,0.0,开鲁县
economical_county,1990,706,1,0.0,桐庐县
economical_county,1990,707,1,0.0,和政县
economical_county,1990,708,1,0.0,张家川回族自治县
economical_county,1990,709,1,0.0,卫辉市
economical_county,1990,710,1,0.0,睢阳区
economical_county,1990,711,2,1.0,"全椒县, 嘉定区"
economical_county,1990,712,1,0.0,三江侗族自治县
economical_county,1990,713,1,0.0,华龙区
economical_county,1990,714,1,0.0,金台区
economical_county,1990,715,1,0.0,抚顺县
economical_county,1990,716,1,0.0,灯塔市
economical_county,1990,717,1,0.0,刚察县
economical_county,1990,718,1,0.0,白玉县
economical_county,1990,719,1,0.0,上思县
economical_county,1990,720,1,0.0,霞山区
economical_county,1990,721,1,0.0,五通桥区
economical_county,1990,722,1,0.0,丰满区
economical_county,1990,723,1,0.0,元宝区
economical_county,1990,724,1,0.0,伊宁县
economical_county,1990,725,1,0.0,溪湖区
economical_county,1990,726,3,1.3333333333333333,"双峰县, 天柱县, 新晃侗族自治县"
economical_county,1990,727,1,0.0,洛宁县
economical_county,1990,728,1,0.0,阿拉善左旗
economical_county,1990,729,1,0.0,盐亭县
economical_county,1990,730,1,0.0,商河县
economical_county,1990,731,1,0.0,易县
economical_county,1990,732,1,0.0,蕉城区
economical_county,1990,733,1,0.0,新县
economical_county,1990,734,3,1.3333333333333333,"淳安县, 歙县, 徽州区"
economical_county,1990,735,1,0.0,郯城县
economical_county,1990,736,1,0.0,富裕县
economical_county,1990,737,1,0.0,道真仡佬族苗族自治县
economical_county,1990,738,1,0.0,如皋市
economical_county,1990,739,1,0.0,静乐县
economical_county,1990,740,1,0.0,建昌县
economical_county,1990,741,1,0.0,南沙区
economical_county,1990,742,1,0.0,江口县
economical_county,1990,743,1,0.0,施甸县
economical_county,1990,744,1,0.0,芒市
economical_county,1990,745,1,0.0,安平县
economical_county,1990,746,1,0.0,平度市
economical_county,1990,747,1,0.0,龙陵县
economical_county,1990,748,1,0.0,广南县
economical_county,1990,749,2,1.0,"覃塘区, 港北区"
economical_county,1990,750,1,0.0,合江县
economical_county,1990,751,1,0.0,阿鲁科尔沁旗
economical_county,1990,752,1,0.0,察布查尔锡伯自治县
economical_county,1990,753,1,0.0,黄岩区
economical_county,1990,754,3,2.0,"新罗区, 鼓楼区, 上杭县"
economical_county,1990,755,1,0.0,合作市
economical_county,1990,756,1,0.0,即墨区
economical_county,1990,757,1,0.0,绥棱县
economical_county,1990,758,1,0.0,永兴县
economical_county,1990,759,1,0.0,郊区
economical_county,1990,760,1,0.0,彭泽县
economical_county,1990,761,1,0.0,交口县
economical_county,1990,762,1,0.0,石林彝族自治县
economical_county,1990,763,1,0.0,鹿寨县
economical_county,1990,764,1,0.0,天镇县
economical_county,1990,765,1,0.0,解放区
economical_county,1990,766,1,0.0,尖草坪区
economical_county,1990,767,1,0.0,昌图县
economical_county,1990,768,1,0.0,皮山县
economical_county,1990,769,1,0.0,灌云县
economical_county,1990,770,1,0.0,连云区
economical_county,1990,771,2,1.0,"叙永县, 恩平市"
economical_county,1990,772,1,0.0,策勒县
economical_county,1990,773,1,0.0,泰兴市
economical_county,1990,774,1,0.0,江陵县
economical_county,1990,775,1,0.0,玛曲县
economical_county,1990,776,1,0.0,社旗县
economical_county,1990,777,1,0.0,文安县
economical_county,1990,778,1,0.0,荣县
economical_county,1990,779,1,0.0,兴宾区
economical_county,1990,780,1,0.0,阜平县
economical_county,1990,781,1,0.0,辛集市
economical_county,1990,782,1,0.0,宁都县
economical_county,1990,783,1,0.0,沧源佤族自治县
economical_county,1990,784,1,0.0,丛台区
economical_county,1990,785,1,0.0,永丰县
economical_county,1990,786,1,0.0,大宁县
economical_county,1990,787,1,0.0,汤阴县
economical_county,1990,788,1,0.0,贡井区
economical_county,1990,789,1,0.0,碧江区
economical_county,1990,790,1,0.0,南谯区
economical_county,1990,791,1,0.0,古蔺县
economical_county,1990,792,1,0.0,江阳区
economical_county,1990,793,1,0.0,桐乡市
economical_county,1990,794,1,0.0,通山县
economical_county,1990,795,1,0.0,鲁山县
economical_county,1990,796,1,0.0,南丹县
economical_county,1990,797,1,0.0,贡山独龙族怒族自治县
economical_county,1990,798,1,0.0,临清市
economical_county,1990,799,1,0.0,双桥区
economical_county,1990,800,1,0.0,长海县
economical_county,1990,801,1,0.0,夏津县
economical_county,1990,802,1,0.0,沐川县
economical_county,1990,803,1,0.0,剑河县
economical_county,1990,804,1,0.0,卢氏县
economical_county,1990,805,1,0.0,清河区
economical_county,1990,806,1,0.0,当阳市
economical_county,1990,807,1,0.0,余庆县
economical_county,1990,808,1,0.0,攸县
economical_county,1990,809,1,0.0,临猗县
economical_county,1990,810,1,0.0,武安市
economical_county,1990,811,1,0.0,寻乌县
economical_county,1990,812,1,0.0,新安县
economical_county,1990,813,1,0.0,安吉县
economical_county,1990,814,1,0.0,西盟佤族自治县
economical_county,1990,815,1,0.0,兴县
economical_county,1990,816,1,0.0,额尔古纳市
economical_county,1990,817,1,0.0,林西县
economical_county,1990,818,1,0.0,镇宁布依族苗族自治县
economical_county,1990,819,1,0.0,交城县
economical_county,1990,820,1,0.0,张北县
economical_county,1990,821,1,0.0,宝丰县
economical_county,1990,822,1,0.0,江岸区
economical_county,1990,823,1,0.0,阳原县
economical_county,1990,824,1,0.0,河北区
economical_county,1990,825,1,0.0,莎车县
economical_county,1990,826,1,0.0,威信县
economical_county,1990,827,1,0.0,仪陇县
economical_county,1990,828,1,0.0,常宁市
economical_county,1990,829,1,0.0,安次区
economical_county,1990,830,1,0.0,德令哈市
economical_county,1990,831,1,0.0,大余县
economical_county,1990,832,1,0.0,方城县
economical_county,1990,833,1,0.0,穆棱市
economical_county,1990,834,1,0.0,鄂托克前旗
economical_county,1990,835,1,0.0,通榆县
economical_county,1990,836,1,0.0,华阴市
economical_county,1990,837,1,0.0,安国市
economical_county,1990,838,1,0.0,瓜州县
economical_county,1990,839,1,0.0,公安县
economical_county,1990,840,1,0.0,无棣县
economical_county,1990,841,1,0.0,滨城区
economical_county,1990,842,1,0.0,方正县
economical_county,1990,843,1,0.0,宜君县
economical_county,1990,844,1,0.0,高邑县
economical_county,1990,845,1,0.0,彭州市
economical_county,1990,846,1,0.0,城阳区
economical_county,1990,847,1,0.0,高碑店市
economical_county,1990,848,1,0.0,龙里县
economical_county,1990,849,1,0.0,义乌市
economical_county,1990,850,1,0.0,仪征市
economical_county,1990,851,1,0.0,浦口区
economical_county,1990,852,1,0.0,资溪县
economical_county,1990,853,2,1.0,"滑县, 鼓楼区"
economical_county,1990,854,1,0.0,广灵县
economical_county,1990,855,1,0.0,郁南县
economical_county,1990,856,1,0.0,惠山区
economical_county,1990,857,1,0.0,淮滨县
economical_county,1990,858,1,0.0,汉南区
economical_county,1990,859,1,0.0,钦北区
economical_county,1990,860,1,0.0,西乡县
economical_county,1990,861,1,0.0,云和县
economical_county,1990,862,1,0.0,虞城县
economical_county,1990,863,1,0.0,修武县
economical_county,1990,864,1,0.0,平山县
economical_county,1990,865,1,0.0,涞水县
economical_county,1990,866,1,0.0,清河县
economical_county,1990,867,1,0.0,牟定县
economical_county,1990,868,1,0.0,宾川县
economical_county,1990,869,1,0.0,汉阴县
economical_county,1990,870,1,0.0,嘉鱼县
economical_county,1990,871,1,0.0,吉县
economical_county,1990,872,1,0.0,中牟县
economical_county,1990,873,1,0.0,顺昌县
economical_county,1990,874,1,0.0,鄂伦春自治旗
economical_county,1990,875,1,0.0,大化瑶族自治县
economical_county,1990,876,1,0.0,邢台县
economical_county,1990,877,1,0.0,印江土家族苗族自治县
economical_county,1990,878,1,0.0,临漳县
economical_county,1990,879,1,0.0,兴平市
economical_county,1990,880,1,0.0,芜湖县
economical_county,1990,881,1,0.0,鸡冠区
economical_county,1990,882,1,0.0,来凤县
economical_county,1990,883,1,0.0,浑江区
economical_county,1990,884,1,0.0,怀来县
economical_county,1990,885,1,0.0,天桥区
economical_county,1990,886,1,0.0,周至县
economical_county,1990,887,1,0.0,安陆市
economical_county,1990,888,1,0.0,洪江市
economical_county,1990,889,2,2.0,"鹤城区, 中方县"
economical_county,1990,890,1,0.0,旬阳县
economical_county,1990,891,1,0.0,元氏县
economical_county,1990,892,1,0.0,韩城市
economical_county,1990,893,1,0.0,宁安市
economical_county,1990,894,1,0.0,昂仁县
economical_county,1990,895,1,0.0,竹山县
economical_county,1990,896,2,1.0,"广宁县, 禅城区"
economical_county,1990,897,3,1.3333333333333333,"临翔区, 都江堰市, 壤塘县"
economical_county,1990,898,1,0.0,陵川县
economical_county,1990,899,1,0.0,江永县
economical_county,1990,900,1,0.0,东山区
economical_county,1990,901,1,0.0,滴道区
economical_county,1990,902,1,0.0,会理县
economical_county,1990,903,1,0.0,云霄县
economical_county,1990,904,1,0.0,秦州区
economical_county,1990,905,1,0.0,防城区
economical_county,1990,906,1,0.0,吴川市
economical_county,1990,907,1,0.0,集安市
economical_county,1990,908,1,0.0,曲阜市
economical_county,1990,909,2,1.0,"通道侗族自治县, 武冈市"
economical_county,1990,910,2,1.0,"乳源瑶族自治县, 衡东县"
economical_county,1990,911,1,0.0,夹江县
economical_county,1990,912,1,0.0,西畴县
economical_county,1990,913,1,0.0,元江哈尼族彝族傣族自治县
economical_county,1990,914,1,0.0,关岭布依族苗族自治县
economical_county,1990,915,1,0.0,右江区
economical_county,1990,916,1,0.0,广河县
economical_county,1990,917,1,0.0,安乡县
economical_county,1990,918,1,0.0,武陵区
economical_county,1990,919,1,0.0,宁城县
economical_county,1990,920,1,0.0,高台县
economical_county,1990,921,1,0.0,耀州区
economical_county,1990,922,1,0.0,巍山彝族回族自治县
economical_county,1990,923,1,0.0,蕲春县
economical_county,1990,924,1,0.0,富宁县
economical_county,1990,925,1,0.0,康乐县
economical_county,1990,926,1,0.0,新干县
economical_county,1990,927,2,1.0,"定远县, 长泰县"
economical_county,1990,928,1,0.0,铁力市
economical_county,1990,929,1,0.0,桦甸市
economical_county,1990,930,1,0.0,林甸县
economical_county,1990,931,1,0.0,敖汉旗
economical_county,1990,932,1,0.0,古塔区
economical_county,1990,933,1,0.0,湟源县
economical_county,1990,934,1,0.0,蒙阴县
economical_county,1990,935,1,0.0,兰山区
economical_county,1990,936,1,0.0,荥阳市
economical_county,1990,937,1,0.0,陆良县
economical_county,1990,938,1,0.0,藤县
economical_county,1990,939,1,0.0,南岔区
economical_county,1990,940,1,0.0,麻栗坡县
economical_county,1990,941,1,0.0,宿松县
economical_county,1990,942,1,0.0,安远县
economical_county,1990,943,1,0.0,榕城区
economical_county,1990,944,1,0.0,阳明区
economical_county,1990,945,1,0.0,蓬莱市
economical_county,1990,946,2,1.0,"陈仓区, 武功县"
economical_county,1990,947,1,0.0,渭滨区
economical_county,1990,948,1,0.0,东洲区
economical_county,1990,949,1,0.0,融水苗族自治县
economical_county,1990,950,1,0.0,美姑县
economical_county,1990,951,1,0.0,武平县
economical_county,1990,952,1,0.0,阳西县
economical_county,1990,953,1,0.0,剑川县
economical_county,1990,954,1,0.0,江州区
economical_county,1990,955,1,0.0,石楼县
economical_county,1990,956,1,0.0,三都水族自治县
economical_county,1990,957,1,0.0,商州区
economical_county,1990,958,1,0.0,新巴尔虎左旗
economical_county,1990,959,2,1.0,"科尔沁右翼前旗, 阿尔山市"
economical_county,1990,960,1,0.0,兰溪市
economical_county,1990,961,1,0.0,勉县
economical_county,1990,962,1,0.0,林周县
economical_county,1990,963,1,0.0,霸州市
economical_county,1990,964,1,0.0,江川区
economical_county,1990,965,1,0.0,海州区
economical_county,1990,966,1,0.0,郾城区
economical_county,1990,967,1,0.0,集贤县
economical_county,1990,968,1,0.0,青龙满族自治县
economical_county,1990,969,1,0.0,肃宁县
economical_county,1990,970,1,0.0,兴国县
economical_county,1990,971,1,0.0,克拉玛依区
economical_county,1990,972,1,0.0,靖江市
economical_county,1990,973,1,0.0,平房区
economical_county,1990,974,1,0.0,康巴什区
economical_county,1990,975,1,0.0,余杭区
economical_county,1990,976,1,0.0,新邱区
economical_county,1990,977,1,0.0,崇阳县
economical_county,1990,978,1,0.0,新河县
economical_county,1990,979,2,1.0,"新吴区, 涟水县"
economical_county,1990,980,1,0.0,北戴河区
economical_county,1990,981,1,0.0,新民市
economical_county,1990,982,1,0.0,瓮安县
economical_county,1990,983,1,0.0,梁河县
economical_county,1990,984,1,0.0,通许县
economical_county,1990,985,1,0.0,天峨县
economical_county,1990,986,1,0.0,石棉县
economical_county,1990,987,1,0.0,牧野区
economical_county,1990,988,1,0.0,东兰县
economical_county,1990,989,1,0.0,港口区
economical_county,1990,990,1,0.0,保康县
economical_county,1990,991,1,0.0,双辽市
economical_county,1990,992,1,0.0,沙洋县
economical_county,1990,993,1,0.0,盐边县
economical_county,1990,994,1,0.0,隰县
economical_county,1990,995,1,0.0,方山县
economical_county,1990,996,1,0.0,海沧区
economical_county,1990,997,1,0.0,安新县
economical_county,1990,998,1,0.0,满洲里市
economical_county,1990,999,1,0.0,晋源区
economical_county,1990,1000,1,0.0,慈利县
economical_county,1990,1001,1,0.0,上林县
economical_county,1990,1002,1,0.0,丘北县
economical_county,1990,1003,1,0.0,卢龙县
economical_county,1990,1004,2,1.0,"临城县, 馆陶县"
economical_county,1990,1005,1,0.0,镇雄县
economical_county,1990,1006,1,0.0,吉水县
economical_county,1990,1007,1,0.0,南丰县
economical_county,1990,1008,1,0.0,旺苍县
economical_county,1990,1009,1,0.0,汝阳县
economical_county,1990,1010,1,0.0,米易县
economical_county,1990,1011,1,0.0,贞丰县
economical_county,1990,1012,1,0.0,江城区
economical_county,1990,1013,1,0.0,顺平县
economical_county,1990,1014,1,0.0,醴陵市
economical_county,1990,1015,1,0.0,新丰县
economical_county,1990,1016,1,0.0,宣化区
economical_county,1990,1017,1,0.0,海州区
economical_county,1990,1018,1,0.0,灌阳县
economical_county,1990,1019,1,0.0,且末县
economical_county,1990,1020,1,0.0,复兴区
economical_county,1990,1021,1,0.0,双牌县
economical_county,1990,1022,1,0.0,新邵县
economical_county,1990,1023,1,0.0,丹阳市
economical_county,1990,1024,1,0.0,南溪区
economical_county,1990,1025,1,0.0,宜秀区
economical_county,1990,1026,1,0.0,平原县
economical_county,1990,1027,1,0.0,墨脱县
economical_county,1990,1028,1,0.0,梨树区
economical_county,1990,1029,1,0.0,英山县
economical_county,1990,1030,1,0.0,晴隆县
economical_county,1990,1031,1,0.0,钟山县
economical_county,1990,1032,1,0.0,普安县
economical_county,1990,1033,1,0.0,浑源县
economical_county,1990,1034,1,0.0,灵川县
economical_county,1990,1035,1,0.0,武义县
economical_county,1990,1036,1,0.0,龙山区
economical_county,1990,1037,1,0.0,常山县
economical_county,1990,1038,1,0.0,城步苗族自治县
economical_county,1990,1039,1,0.0,祁阳县
economical_county,1990,1040,1,0.0,柯坪县
economical_county,1990,1041,1,0.0,青原区
economical_county,1990,1042,1,0.0,南康区
economical_county,1990,1043,1,0.0,平邑县
economical_county,1990,1044,1,0.0,青州市
economical_county,1990,1045,1,0.0,安仁县
economical_county,1990,1046,1,0.0,雷州市
economical_county,1990,1047,1,0.0,西湖区
economical_county,1990,1048,1,0.0,罗田县
economical_county,1990,1049,1,0.0,兴城市
economical_county,1990,1050,1,0.0,桃江县
economical_county,1990,1051,1,0.0,龙海市
economical_county,1990,1052,1,0.0,紫金县
economical_county,1990,1053,1,0.0,达尔罕茂明安联合旗
economical_county,1990,1054,1,0.0,石门县
economical_county,1990,1055,1,0.0,志丹县
economical_county,1990,1056,1,0.0,德庆县
economical_county,1990,1057,1,0.0,天全县
economical_county,1990,1058,1,0.0,阿巴嘎旗
economical_county,1990,1059,1,0.0,华容区
economical_county,1990,1060,1,0.0,鸡泽县
economical_county,1990,1061,1,0.0,商南县
economical_county,1990,1062,1,0.0,资兴市
economical_county,1990,1063,1,0.0,淄川区
economical_county,1990,1064,1,0.0,双滦区
economical_county,1990,1065,1,0.0,三元区
economical_county,1990,1066,1,0.0,通化县
economical_county,1990,1067,2,1.0,"洛浦县, 白碱滩区"
economical_county,1990,1068,1,0.0,梁溪区
economical_county,1990,1069,1,0.0,惠水县
economical_county,1990,1070,1,0.0,雷山县
economical_county,1990,1071,1,0.0,合阳县
economical_county,1990,1072,2,1.0,"武陟县, 曹县"
economical_county,1990,1073,1,0.0,嘉善县
economical_county,1990,1074,1,0.0,中阳县
economical_county,1990,1075,1,0.0,山阳区
economical_county,1990,1076,2,1.0,"魏都区, 源汇区"
economical_county,1990,1077,1,0.0,台前县
economical_county,1990,1078,1,0.0,天等县
economical_county,1990,1079,1,0.0,唐县
economical_county,1990,1080,1,0.0,华宁县
economical_county,1990,1081,1,0.0,宜川县
economical_county,1990,1082,1,0.0,会同县
economical_county,1990,1083,1,0.0,洪雅县
economical_county,1990,1084,1,0.0,龙门县
economical_county,1990,1085,1,0.0,大关县
economical_county,1990,1086,1,0.0,凌源市
economical_county,1990,1087,1,0.0,白朗县
economical_county,1990,1088,1,0.0,保德县
economical_county,1990,1089,1,0.0,顺城区
economical_county,1990,1090,1,0.0,兰坪白族普米族自治县
economical_county,1990,1091,1,0.0,剑阁县
economical_county,1990,1092,1,0.0,平湖市
economical_county,1990,1093,1,0.0,将乐县
economical_county,1990,1094,1,0.0,康县
economical_county,1990,1095,1,0.0,金塔县
economical_county,1990,1096,1,0.0,山丹县
economical_county,1990,1097,1,0.0,新密市
economical_county,1990,1098,1,0.0,长洲区
economical_county,1990,1099,1,0.0,正宁县
economical_county,1990,1100,1,0.0,兴安县
economical_county,1990,1101,1,0.0,昭苏县
economical_county,1990,1102,1,0.0,德格县
economical_county,1990,1103,1,0.0,石泉县
economical_county,1990,1104,1,0.0,彭水苗族土家族自治县
economical_county,1990,1105,1,0.0,凌河区
economical_county,1990,1106,1,0.0,利川市
economical_county,1990,1107,1,0.0,称多县
economical_county,1990,1108,1,0.0,如东县
economical_county,1990,1109,1,0.0,相山区
economical_county,1990,1110,1,0.0,南皮县
economical_county,1990,1111,1,0.0,茂南区
economical_county,1990,1112,1,0.0,宝清县
economical_county,1990,1113,1,0.0,逊克县
economical_county,1990,1114,1,0.0,铁锋区
economical_county,1990,1115,1,0.0,炉霍县
economical_county,1990,1116,1,0.0,印台区
economical_county,1990,1117,1,0.0,阳城县
economical_county,1990,1118,1,0.0,枣强县
economical_county,1990,1119,1,0.0,犍为县
economical_county,1990,1120,1,0.0,珙县
economical_county,1990,1121,1,0.0,昭化区
economical_county,1990,1122,1,0.0,杞县
economical_county,1990,1123,1,0.0,乌达区
economical_county,1990,1124,1,0.0,金东区
economical_county,1990,1125,1,0.0,青山区
economical_county,1990,1126,1,0.0,确山县
economical_county,1990,1127,1,0.0,随县
economical_county,1990,1128,1,0.0,富阳区
economical_county,1990,1129,1,0.0,青阳县
economical_county,1990,1130,1,0.0,惠民县
economical_county,1990,1131,1,0.0,河津市
economical_county,1990,1132,1,0.0,丹棱县
economical_county,1990,1133,1,0.0,南城县
economical_county,1990,1134,1,0.0,津市市
economical_county,1990,1135,1,0.0,宣恩县
economical_county,1990,1136,1,0.0,旌德县
economical_county,1990,1137,1,0.0,沂水县
economical_county,1990,1138,1,0.0,平坝区
economical_county,1990,1139,1,0.0,青县
economical_county,1990,1140,1,0.0,栾川县
economical_county,1990,1141,1,0.0,施秉县
economical_county,1990,1142,1,0.0,君山区
economical_county,1990,1143,1,0.0,微山县
economical_county,1990,1144,1,0.0,龙圩区
economical_county,1990,1145,1,0.0,元谋县
economical_county,1990,1146,1,0.0,淮上区
economical_county,1990,1147,1,0.0,越西县
economical_county,1990,1148,1,0.0,石屏县
economical_county,1990,1149,1,0.0,包河区
economical_county,1990,1150,1,0.0,丹巴县
economical_county,1990,1151,1,0.0,小金县
economical_county,1990,1152,1,0.0,略阳县
economical_county,1990,1153,1,0.0,嵊州市
economical_county,1990,1154,1,0.0,阿勒泰市
economical_county,1990,1155,1,0.0,东丰县
economical_county,1990,1156,1,0.0,西安区
economical_county,1990,1157,1,0.0,莱山区
economical_county,1990,1158,1,0.0,同仁县
economical_county,1990,1159,1,0.0,太平区
economical_county,1990,1160,1,0.0,桑植县
economical_county,1990,1161,1,0.0,南漳县
economical_county,1990,1162,1,0.0,陇县
economical_county,1990,1163,1,0.0,西和县
economical_county,1990,1164,1,0.0,万荣县
economical_county,1990,1165,1,0.0,弋阳县
economical_county,1990,1166,1,0.0,横峰县
economical_county,1990,1167,1,0.0,康马县
economical_county,1990,1168,1,0.0,金溪县
economical_county,1990,1169,1,0.0,沅江市
economical_county,1990,1170,1,0.0,富蕴县
economical_county,1990,1171,1,0.0,望谟县
economical_county,1990,1172,1,0.0,华州区
economical_county,1990,1173,1,0.0,顺河回族区
economical_county,1990,1174,1,0.0,恭城瑶族自治县
economical_county,1990,1175,1,0.0,姚安县
economical_county,1990,1176,1,0.0,涉县
economical_county,1990,1177,1,0.0,石拐区
economical_county,1990,1178,1,0.0,镇坪县
economical_county,1990,1179,1,0.0,吴起县
economical_county,1990,1180,1,0.0,奎文区
economical_county,1990,1181,1,0.0,延长县
economical_county,1990,1182,1,0.0,邯山区
economical_county,1990,1183,1,0.0,平乡县
economical_county,1990,1184,1,0.0,巴林左旗
economical_county,1990,1185,1,0.0,罗庄区
economical_county,1990,1186,1,0.0,深州市
economical_county,1990,1187,1,0.0,蓝山县
economical_county,1990,1188,1,0.0,卓尼县
economical_county,1990,1189,1,0.0,老河口市
economical_county,1990,1190,1,0.0,古田县
economical_county,1990,1191,1,0.0,涿鹿县
economical_county,1990,1192,1,0.0,连平县
economical_county,1990,1193,1,0.0,茂县
economical_county,1990,1194,1,0.0,大新县
economical_county,1990,1195,1,0.0,谢通门县
economical_county,1990,1196,1,0.0,招远市
economical_county,1990,1197,1,0.0,福山区
economical_county,1990,1198,1,0.0,桓仁满族自治县
economical_county,1990,1199,1,0.0,桥东区
economical_county,1990,1200,1,0.0,谢家集区
economical_county,1990,1201,1,0.0,雄县
economical_county,1990,1202,1,0.0,亭湖区
economical_county,1990,1203,1,0.0,双台子区
economical_county,1990,1204,1,0.0,峨山彝族自治县
economical_county,1990,1205,1,0.0,宁国市
economical_county,1990,1206,1,0.0,永顺县
economical_county,1990,1207,1,0.0,凤凰县
economical_county,1990,1208,1,0.0,石台县
economical_county,1990,1209,1,0.0,东阿县
economical_county,1990,1210,1,0.0,蒸湘区
economical_county,1990,1211,1,0.0,高青县
economical_county,1990,1212,1,0.0,徐水区
economical_county,1990,1213,1,0.0,永昌县
economical_county,1990,1214,1,0.0,海林市
economical_county,1990,1215,1,0.0,龙泉驿区
economical_county,1990,1216,1,0.0,祁连县
economical_county,1990,1217,1,0.0,莲花县
economical_county,1990,1218,1,0.0,盐津县
economical_county,1990,1219,1,0.0,饶阳县
economical_county,1990,1220,1,0.0,昭平县
economical_county,1990,1221,1,0.0,梓潼县
economical_county,1990,1222,1,0.0,双塔区
economical_county,1990,1223,1,0.0,乳山市
economical_county,1990,1224,1,0.0,天元区
economical_county,1990,1225,2,1.0,"衡山县, 南岳区"
economical_county,1990,1226,1,0.0,信丰县
economical_county,1990,1227,1,0.0,信州区
economical_county,1990,1228,1,0.0,成安县
economical_county,1990,1229,1,0.0,渑池县
economical_county,1990,1230,1,0.0,什邡市
economical_county,1990,1231,1,0.0,山阳县
economical_county,1990,1232,1,0.0,吉木萨尔县
economical_county,1990,1233,1,0.0,深泽县
economical_county,1990,1234,1,0.0,平陆县
economical_county,1990,1235,1,0.0,台安县
economical_county,1990,1236,1,0.0,富民县
economical_county,1990,1237,1,0.0,晋宁区
economical_county,1990,1238,1,0.0,白塔区
economical_county,1990,1239,1,0.0,遂川县
economical_county,1990,1240,1,0.0,新宾满族自治县
economical_county,1990,1241,1,0.0,平江县
economical_county,1990,1242,1,0.0,青川县
economical_county,1990,1243,1,0.0,绵竹市
economical_county,1990,1244,1,0.0,峨边彝族自治县
economical_county,1990,1245,1,0.0,南华县
economical_county,1990,1246,1,0.0,潮安区
economical_county,1990,1247,2,1.0,"泗水县, 龙口市"
economical_county,1990,1248,1,0.0,龙马潭区
economical_county,1990,1249,1,0.0,广汉市
economical_county,1990,1250,1,0.0,本溪满族自治县
economical_county,1990,1251,1,0.0,普兰县
economical_county,1990,1252,2,1.0,"屯昌县, 龙游县"
economical_county,1990,1253,1,0.0,永胜县
economical_county,1990,1254,1,0.0,麻阳苗族自治县
economical_county,1990,1255,1,0.0,浚县
economical_county,1990,1256,1,0.0,碾子山区
economical_county,1990,1257,1,0.0,烈山区
economical_county,1990,1258,1,0.0,峰峰矿区
economical_county,1990,1259,1,0.0,千阳县
economical_county,1990,1260,1,0.0,汶川县
economical_county,1990,1261,1,0.0,环翠区
economical_county,1990,1262,1,0.0,昌江区
economical_county,1990,1263,1,0.0,潼关县
economical_county,1990,1264,2,1.0,"贵定县, 象山县"
economical_county,1990,1265,1,0.0,潘集区
economical_county,1990,1266,1,0.0,望都县
economical_county,1990,1267,1,0.0,昂昂溪区
economical_county,1990,1268,1,0.0,西林县
economical_county,1990,1269,1,0.0,涵江区
economical_county,1990,1270,1,0.0,翁牛特旗
economical_county,1990,1271,1,0.0,舞钢市
economical_county,1990,1272,1,0.0,岳塘区
economical_county,1990,1273,1,0.0,绥江县
economical_county,1990,1274,1,0.0,龙城区
economical_county,1990,1275,1,0.0,新沂市
economical_county,1990,1276,1,0.0,迁西县
economical_county,1990,1277,2,1.0,"冠县, 海阳市"
economical_county,1990,1278,1,0.0,海安市
economical_county,1990,1279,1,0.0,普陀区
economical_county,1990,1280,1,0.0,吉利区
economical_county,1990,1281,1,0.0,从江县
economical_county,1990,1282,1,0.0,彭山区
economical_county,1990,1283,1,0.0,平乐县
economical_county,1990,1284,1,0.0,会昌县
economical_county,1990,1285,1,0.0,阜城县
economical_county,1990,1286,1,0.0,柯城区
economical_county,1990,1287,1,0.0,广陵区
economical_county,1990,1288,1,0.0,泉港区
economical_county,1990,1289,1,0.0,太湖县
economical_county,1990,1290,1,0.0,温江区
economical_county,1990,1291,1,0.0,新会区
economical_county,1990,1292,1,0.0,汶上县
economical_county,1990,1293,1,0.0,拱墅区
economical_county,1990,1294,1,0.0,喜德县
economical_county,1990,1295,1,0.0,万源市
economical_county,1990,1296,1,0.0,仁布县
economical_county,1990,1297,1,0.0,克什克腾旗
economical_county,1990,1298,1,0.0,昭觉县
economical_county,1990,1299,1,0.0,民勤县
economical_county,1990,1300,1,0.0,资阳区
economical_county,1990,1301,1,0.0,武城县
economical_county,1990,1302,1,0.0,苏尼特左旗
economical_county,1990,1303,1,0.0,钟楼区
economical_county,1990,1304,1,0.0,万载县
economical_county,1990,1305,1,0.0,永安市
economical_county,1990,1306,1,0.0,新兴县
economical_county,1990,1307,1,0.0,大田县
economical_county,1990,1308,1,0.0,九寨沟县
economical_county,1990,1309,1,0.0,广宗县
economical_county,1990,1310,1,0.0,蒲江县
economical_county,1990,1311,1,0.0,宽城满族自治县
economical_county,1990,1312,1,0.0,塔城市
economical_county,1990,1313,1,0.0,获嘉县
economical_county,1990,1314,1,0.0,陇川县
economical_county,1990,1315,1,0.0,汉寿县
economical_county,1990,1316,1,0.0,曲阳县
economical_county,1990,1317,1,0.0,五营区
economical_county,1990,1318,1,0.0,细河区
economical_county,1990,1319,1,0.0,荥经县
economical_county,1990,1320,2,1.0,"谯城区, 襄垣县"
economical_county,1990,1321,1,0.0,乐业县
economical_county,1990,1322,1,0.0,坪山区
economical_county,1990,1323,1,0.0,桓台县
economical_county,1990,1324,1,0.0,坊子区
economical_county,1990,1325,1,0.0,郊区
economical_county,1990,1326,1,0.0,赤坎区
economical_county,1990,1327,1,0.0,夏河县
economical_county,1990,1328,1,0.0,罗城仫佬族自治县
economical_county,1990,1329,1,0.0,嘉禾县
economical_county,1990,1330,1,0.0,梅里斯达斡尔族区
economical_county,1990,1331,1,0.0,海晏县
economical_county,1990,1332,1,0.0,三穗县
economical_county,1990,1333,1,0.0,高州市
economical_county,1990,1334,1,0.0,云龙县
economical_county,1990,1335,1,0.0,泉山区
economical_county,1990,1336,1,0.0,振安区
economical_county,1990,1337,1,0.0,闻喜县
economical_county,1990,1338,1,0.0,清城区
economical_county,1990,1339,1,0.0,大埔县
economical_county,1990,1340,1,0.0,两当县
economical_county,1990,1341,1,0.0,翼城县
economical_county,1990,1342,1,0.0,东昌府区
economical_county,1990,1343,1,0.0,瑞昌市
economical_county,1990,1344,1,0.0,齐河县
economical_county,1990,1345,1,0.0,高明区
economical_county,1990,1346,1,0.0,赤水市
economical_county,1990,1347,1,0.0,泽普县
economical_county,1990,1348,1,0.0,长丰县
economical_county,1990,1349,1,0.0,汝州市
economical_county,1990,1350,1,0.0,环江毛南族自治县
economical_county,1990,1351,1,0.0,榕江县
economical_county,1990,1352,1,0.0,岱山县
economical_county,1990,1353,1,0.0,长兴县
economical_county,1990,1354,1,0.0,蚌山区
economical_county,1990,1355,1,0.0,南和县
economical_county,1990,1356,1,0.0,汤旺河区
economical_county,1990,1357,1,0.0,淇滨区
economical_county,1990,1358,1,0.0,靖州苗族侗族自治县
economical_county,1990,1359,1,0.0,城中区
economical_county,1990,1360,1,0.0,上街区
economical_county,1990,1361,1,0.0,北川羌族自治县
economical_county,1990,1362,1,0.0,丰宁满族自治县
economical_county,1990,1363,2,1.0,"桃源县, 汨罗市"
economical_county,1990,1364,1,0.0,徽县
economical_county,1990,1365,1,0.0,邗江区
economical_county,1990,1366,1,0.0,爱辉区
economical_county,1990,1367,1,0.0,镇远县
economical_county,1990,1368,1,0.0,平顺县
economical_county,1990,1369,1,0.0,黟县
economical_county,1990,1370,1,0.0,雷波县
economical_county,1990,1371,1,0.0,和田县
economical_county,1990,1372,1,0.0,分宜县
economical_county,1990,1373,1,0.0,浮梁县
economical_county,1990,1374,1,0.0,政和县
economical_county,1990,1375,1,0.0,清苑区
economical_county,1990,1376,1,0.0,咸丰县
economical_county,1990,1377,1,0.0,木垒哈萨克自治县
economical_county,1990,1378,1,0.0,马边彝族自治县
economical_county,1990,1379,1,0.0,杜集区
economical_county,1990,1380,1,0.0,泗县
economical_county,1990,1381,1,0.0,岱岳区
economical_county,1990,1382,1,0.0,当雄县
economical_county,1990,1383,1,0.0,呼玛县
economical_county,1990,1384,1,0.0,站前区
economical_county,1990,1385,1,0.0,坡头区
economical_county,1990,1386,1,0.0,巴马瑶族自治县
economical_county,1990,1387,1,0.0,临西县
economical_county,1990,1388,1,0.0,于田县
economical_county,1990,1389,1,0.0,阿克陶县
economical_county,1990,1390,1,0.0,临邑县
economical_county,1990,1391,1,0.0,湖口县
economical_county,1990,1392,1,0.0,永定区
economical_county,1990,1393,1,0.0,龙文区
economical_county,1990,1394,1,0.0,凤山县
economical_county,1990,1395,1,0.0,临桂区
economical_county,1990,1396,1,0.0,建始县
economical_county,1990,1397,1,0.0,朝天区
economical_county,1990,1398,1,0.0,武宁县
economical_county,1990,1399,1,0.0,四会市
economical_county,1990,1400,1,0.0,万安县
economical_county,1990,1401,1,0.0,金乡县
economical_county,1990,1402,1,0.0,庆元县
economical_county,1990,1403,1,0.0,鱼台县
economical_county,1990,1404,1,0.0,费县
economical_county,1990,1405,1,0.0,易门县
economical_county,1990,1406,1,0.0,南靖县
economical_county,1990,1407,1,0.0,柏乡县
economical_county,1990,1408,1,0.0,临澧县
economical_county,1990,1409,1,0.0,富拉尔基区
economical_county,1990,1410,1,0.0,花垣县
economical_county,1990,1411,1,0.0,布拖县
economical_county,1990,1412,1,0.0,崇川区
economical_county,1990,1413,1,0.0,桂东县
economical_county,1990,1414,1,0.0,曲周县
economical_county,1990,1415,1,0.0,泰和县
economical_county,1990,1416,1,0.0,华安县
economical_county,1990,1417,2,1.0,"芗城区, 屏南县"
economical_county,1990,1418,1,0.0,诸城市
economical_county,1990,1419,1,0.0,东营区
economical_county,1990,1420,1,0.0,寿光市
economical_county,1990,1421,1,0.0,黎川县
economical_county,1990,1422,1,0.0,吴兴区
economical_county,1990,1423,1,0.0,崇义县
economical_county,1990,1424,1,0.0,龙港区
economical_county,1990,1425,1,0.0,博野县
economical_county,1990,1426,1,0.0,向阳区
economical_county,1990,1427,1,0.0,新宁县
economical_county,1990,1428,1,0.0,永仁县
economical_county,1990,1429,1,0.0,独山子区
economical_county,1990,1430,1,0.0,柞水县
economical_county,1990,1431,1,0.0,磐安县
economical_county,1990,1432,1,0.0,泾县
economical_county,1990,1433,1,0.0,米林县
economical_county,1990,1434,1,0.0,宁化县
economical_county,1990,1435,1,0.0,滨江区
economical_county,1990,1436,1,0.0,云安区
economical_county,1990,1437,1,0.0,连南瑶族自治县
economical_county,1990,1438,1,0.0,武邑县
economical_county,1990,1439,1,0.0,新平彝族傣族自治县
economical_county,1990,1440,1,0.0,南陵县
economical_county,1990,1441,1,0.0,静安区
economical_county,1990,1442,1,0.0,遂昌县
economical_county,1990,1443,1,0.0,铁岭县
economical_county,1990,1444,1,0.0,峡江县
economical_county,1990,1445,1,0.0,宜黄县
economical_county,1990,1446,1,0.0,松滋市
economical_county,1990,1447,1,0.0,泸溪县
economical_county,1990,1448,1,0.0,新和县
economical_county,1990,1449,1,0.0,察隅县
economical_county,1990,1450,1,0.0,芝罘区
economical_county,1990,1451,1,0.0,宁南县
economical_county,1990,1452,1,0.0,内丘县
economical_county,1990,1453,1,0.0,龙亭区
economical_county,1990,1454,1,0.0,黎城县
economical_county,1990,1455,1,0.0,西峡县
economical_county,1990,1456,1,0.0,舟曲县
economical_county,1990,1457,1,0.0,定海区
economical_county,1990,1458,1,0.0,万山区
economical_county,1990,1459,1,0.0,金湾区
economical_county,1990,1460,1,0.0,炎陵县
economical_county,1990,1461,1,0.0,翁源县
economical_county,1990,1462,1,0.0,芦溪县
economical_county,1990,1463,1,0.0,安源区
economical_county,1990,1464,1,0.0,马村区
economical_county,1990,1465,1,0.0,揭东区
economical_county,1990,1466,1,0.0,徐闻县
economical_county,1990,1467,1,0.0,万秀区
economical_county,1990,1468,1,0.0,麟游县
economical_county,1990,1469,1,0.0,石渠县
economical_county,1990,1470,1,0.0,湖滨区
economical_county,1990,1471,1,0.0,北塔区
economical_county,1990,1472,1,0.0,金平区
economical_county,1990,1473,1,0.0,白河县
economical_county,1990,1474,1,0.0,大通区
economical_county,1990,1475,1,0.0,河东区
economical_county,1990,1476,1,0.0,连城县
economical_county,1990,1477,1,0.0,鹤峰县
economical_county,1990,1478,1,0.0,民乐县
economical_county,1990,1479,1,0.0,金秀瑶族自治县
economical_county,1990,1480,1,0.0,东光县
economical_county,1990,1481,1,0.0,库伦旗
economical_county,1990,1482,1,0.0,马尾区
economical_county,1990,1483,1,0.0,港闸区
economical_county,1990,1484,1,0.0,台江县
economical_county,1990,1485,1,0.0,白水县
economical_county,1990,1486,1,0.0,盐田区
economical_county,1990,1487,1,0.0,杜尔伯特蒙古族自治县
economical_county,1990,1488,1,0.0,岑巩县
economical_county,1990,1489,1,0.0,元宝山区
economical_county,1990,1490,1,0.0,故城县
economical_county,1990,1491,1,0.0,蒲县
economical_county,1990,1492,1,0.0,盐源县
economical_county,1990,1493,1,0.0,云城区
economical_county,1990,1494,1,0.0,波密县
economical_county,1990,1495,1,0.0,阳朔县
economical_county,1990,1496,1,0.0,叠彩区
economical_county,1990,1497,1,0.0,泽库县
economical_county,1990,1498,1,0.0,资源县
economical_county,1990,1499,1,0.0,南涧彝族自治县
economical_county,1990,1500,1,0.0,冕宁县
economical_county,1990,1501,1,0.0,漳平市
economical_county,1990,1502,1,0.0,霞浦县
economical_county,1990,1503,1,0.0,崇仁县
economical_county,1990,1504,1,0.0,岢岚县
economical_county,1990,1505,1,0.0,华池县
economical_county,1990,1506,1,0.0,掇刀区
economical_county,1990,1507,1,0.0,洱源县
economical_county,1990,1508,1,0.0,连州市
economical_county,1990,1509,1,0.0,凤阳县
economical_county,1990,1510,1,0.0,凤台县
economical_county,1990,1511,1,0.0,牟平区
economical_county,1990,1512,1,0.0,湘桥区
economical_county,1990,1513,1,0.0,四方台区
economical_county,1990,1514,1,0.0,红星区
economical_county,1990,1515,1,0.0,漾濞彝族自治县
economical_county,1990,1516,1,0.0,万年县
economical_county,1990,1517,1,0.0,光泽县
economical_county,1990,1518,1,0.0,门头沟区
economical_county,1990,1519,1,0.0,运河区
economical_county,1990,1520,1,0.0,留坝县
economical_county,1990,1521,1,0.0,武强县
economical_county,1990,1522,1,0.0,中站区
economical_county,1990,1523,1,0.0,福贡县
economical_county,1990,1524,1,0.0,红原县
economical_county,1990,1525,1,0.0,达坂城区
economical_county,1990,1526,1,0.0,贵德县
economical_county,1990,1527,1,0.0,松潘县
economical_county,1990,1528,1,0.0,建德市
economical_county,1990,1529,1,0.0,黑水县
economical_county,1990,1530,1,0.0,额济纳旗
economical_county,1990,1531,1,0.0,禹城市
economical_county,1990,1532,1,0.0,迁安市
economical_county,1990,1533,1,0.0,大厂回族自治县
economical_county,1990,1534,1,0.0,石龙区
economical_county,1990,1535,1,0.0,南票区
economical_county,1990,1536,1,0.0,天峻县
economical_county,1990,1537,1,0.0,龙胜各族自治县
economical_county,1990,1538,1,0.0,银州区
economical_county,1990,1539,1,0.0,韶山市
economical_county,1990,1540,1,0.0,拉孜县
economical_county,1990,1541,1,0.0,金湖县
economical_county,1990,1542,1,0.0,寒亭区
economical_county,1990,1543,1,0.0,南山区
economical_county,1990,1544,1,0.0,高港区
economical_county,1990,1545,1,0.0,麻山区
economical_county,1990,1546,1,0.0,西塞山区
economical_county,1990,1547,1,0.0,龙南县
economical_county,1990,1548,1,0.0,荔波县
economical_county,1990,1549,1,0.0,武江区
economical_county,1990,1550,1,0.0,湛河区
economical_county,1990,1551,1,0.0,江华瑶族自治县
economical_county,1990,1552,1,0.0,东风区
economical_county,1990,1553,1,0.0,绩溪县
economical_county,1990,1554,1,0.0,岳西县
economical_county,1990,1555,1,0.0,萨嘎县
economical_county,1990,1556,1,0.0,永新县
economical_county,1990,1557,1,0.0,淇县
economical_county,1990,1558,1,0.0,亚东县
economical_county,1990,1559,1,0.0,神农架林区
economical_county,1990,1560,1,0.0,下花园区
economical_county,1990,1561,1,0.0,日土县
economical_county,1990,1562,1,0.0,理县
economical_county,1990,1563,1,0.0,镇康县
economical_county,1990,1564,1,0.0,麻章区
economical_county,1990,1565,1,0.0,始兴县
economical_county,1990,1566,1,0.0,汝城县
economical_county,1990,1567,1,0.0,井冈山市
economical_county,1990,1568,1,0.0,鹤山区
economical_county,1990,1569,1,0.0,庐山市
economical_county,1990,1570,1,0.0,凤庆县
economical_county,1990,1571,1,0.0,洛川县
economical_county,1990,1572,1,0.0,西市区
economical_county,1990,1573,1,0.0,那坡县
economical_county,1990,1574,1,0.0,古冶区
economical_county,1990,1575,1,0.0,朗县
economical_county,1990,1576,1,0.0,玛沁县
economical_county,1990,1577,1,0.0,东山县
economical_county,1990,1578,1,0.0,濠江区
economical_county,1990,1579,1,0.0,阳东区
economical_county,1990,1580,1,0.0,定结县
economical_county,1990,1581,1,0.0,陆河县
economical_county,1990,1582,1,0.0,冀州区
economical_county,1990,1583,1,0.0,乐昌市
economical_county,1990,1584,1,0.0,册亨县
economical_county,1990,1585,1,0.0,凌云县
economical_county,1990,1586,1,0.0,巴林右旗
economical_county,1990,1587,1,0.0,尖扎县
economical_county,1990,1588,1,0.0,贵南县
economical_county,1990,1589,1,0.0,源城区
economical_county,1990,1590,1,0.0,吉木乃县
economical_county,1990,1591,1,0.0,新抚区
economical_county,1990,1592,1,0.0,云龙区
economical_county,1990,1593,1,0.0,白沙黎族自治县
economical_county,1990,1594,1,0.0,东乡区
economical_county,1990,1595,1,0.0,城子河区
economical_county,1990,1596,1,0.0,京口区
economical_county,1990,1597,1,0.0,蒙山县
economical_county,1990,1598,1,0.0,德安县
economical_county,1990,1599,1,0.0,安福县
economical_county,1990,1600,1,0.0,班玛县
economical_county,1990,1601,1,0.0,太白县
economical_county,1990,1602,1,0.0,蕉岭县
economical_county,1990,1603,1,0.0,玛多县
economical_county,1990,1604,1,0.0,革吉县
economical_county,1990,1605,1,0.0,札达县
economical_county,1990,1606,1,0.0,杂多县
economical_county,1990,1607,1,0.0,赣榆区
economical_county,1990,1608,1,0.0,乐亭县
economical_county,1990,1609,1,0.0,改则县
economical_county,1990,1610,1,0.0,乌恰县
economical_county,1990,1611,1,0.0,溧水区
economical_county,1990,1612,1,0.0,平谷区
economical_county,1990,1613,1,0.0,若尔盖县
economical_county,1990,1614,1,0.0,青河县
economical_county,1990,1615,1,0.0,佛冈县
economical_county,1990,1616,1,0.0,金山屯区
economical_county,1990,1617,1,0.0,叶集区
economical_county,1990,1618,1,0.0,龙安区
economical_county,1990,1619,1,0.0,治多县
economical_county,1990,1620,1,0.0,武夷山市
economical_county,1990,1621,1,0.0,建宁县
economical_county,1990,1622,1,0.0,鹰手营子矿区
economical_county,1990,1623,1,0.0,武穴市
economical_county,1990,1624,1,0.0,德昌县
economical_county,1990,1625,1,0.0,乌拉特后旗
economical_county,1990,1626,1,0.0,平塘县
economical_county,1990,1627,1,0.0,文圣区
economical_county,1990,1628,1,0.0,特克斯县
economical_county,1990,1629,1,0.0,向阳区
economical_county,1990,1630,1,0.0,阿拉山口市
economical_county,1990,1631,1,0.0,博兴县
economical_county,1990,1632,1,0.0,山城区
economical_county,1990,1633,1,0.0,新巴尔虎右旗
economical_county,1990,1634,1,0.0,泸定县
economical_county,1990,1635,1,0.0,润州区
economical_county,1990,1636,1,0.0,南雄市
economical_county,1990,1637,1,0.0,阿坝县
economical_county,1990,1638,1,0.0,召陵区
economical_county,1990,1639,1,0.0,沂源县
economical_county,1990,1640,1,0.0,铜鼓县
economical_county,1990,1641,1,0.0,梅江区
economical_county,1990,1642,1,0.0,白云鄂博矿区
economical_county,1990,1643,1,0.0,带岭区
economical_county,1990,1644,1,0.0,孙吴县
economical_county,1990,1645,1,0.0,桃山区
economical_county,1990,1646,1,0.0,广饶县
economical_county,1990,1647,1,0.0,点军区
economical_county,1990,1648,1,0.0,金口河区
economical_county,1990,1649,1,0.0,古丈县
economical_county,1990,1650,1,0.0,吉隆县
economical_county,1990,1651,1,0.0,阿合奇县
economical_county,1990,1652,1,0.0,德钦县
economical_county,1990,1653,1,0.0,木里藏族自治县
economical_county,1990,1654,1,0.0,泰宁县
economical_county,1990,1655,1,0.0,定南县
economical_county,1990,1656,1,0.0,上甘岭区
economical_county,1990,1657,1,0.0,乡城县
economical_county,1990,1658,1,0.0,嵊泗县
economical_county,1990,1659,1,0.0,塔什库尔干塔吉克自治县
economical_county,1990,1660,1,0.0,裕民县
economical_county,1990,1661,1,0.0,阿拉善右旗
economical_county,1990,1662,1,0.0,甘洛县
economical_county,1990,1663,1,0.0,梁子湖区
economical_county,1990,1664,1,0.0,鄂温克族自治旗
economical_county,1990,1665,1,0.0,长白朝鲜族自治县
economical_county,1990,1666,1,0.0,黄龙县
economical_county,1990,1667,1,0.0,清河门区
economical_county,1990,1668,1,0.0,容城县
economical_county,1990,1669,1,0.0,仲巴县
economical_county,1990,1670,1,0.0,镶黄旗
economical_county,1990,1671,1,0.0,阿克塞哈萨克族自治县
economical_county,1990,1672,1,0.0,下陆区
economical_county,1990,1673,1,0.0,佛坪县
economical_county,1990,1674,1,0.0,囊谦县
economical_county,1990,1675,1,0.0,兴山区
economical_county,1990,1676,1,0.0,聂拉木县
economical_county,1990,1677,1,0.0,东乌珠穆沁旗
economical_county,1990,1678,1,0.0,南澳县
economical_county,1990,1679,1,0.0,噶尔县
economical_county,1990,1680,1,0.0,永平县
economical_county,1990,1681,1,0.0,得荣县
economical_county,1990,1682,1,0.0,民丰县
economical_county,1990,1683,1,0.0,甘德县
economical_county,1990,1684,1,0.0,雅江县
economical_county,1990,1685,1,0.0,乌马河区
economical_county,1990,1686,1,0.0,碌曲县
economical_county,1990,1687,1,0.0,武陵源区
economical_county,1990,1688,1,0.0,道孚县
economical_county,1990,1689,1,0.0,赣县区
economical_county,1990,1690,1,0.0,东宁市
economical_county,1990,1691,1,0.0,普兰店区
economical_county,1990,1692,1,0.0,陕州区
economical_county,1990,1693,1,0.0,沾益区
economical_county,1990,1694,1,0.0,措勤县
economical_county,1990,1695,1,0.0,加格达奇区
economical_county,1990,1696,1,0.0,密云区
economical_county,1990,1697,1,0.0,市北区
economical_county,1990,1698,1,0.0,武鸣区
economical_county,1990,1699,1,0.0,蓟州区
economical_county,1990,1700,1,0.0,延庆区
economical_county,1990,1701,1,0.0,黄岛区
economical_county,1990,1702,1,0.0,铜山区
economical_county,1990,1703,1,0.0,垦利区
economical_county,1995,0,2,1.0,"贵溪市, 邵武市"
economical_county,1995,1,48,3.375,"青山湖区, 丰泽区, 丰城市"
economical_county,1995,2,1,0.0,濂溪区
economical_county,1995,3,1,0.0,铜官区
economical_county,1995,4,69,3.2753623188405796,"邻水县, 通川区, 晋江市"
economical_county,1995,5,29,2.8275862068965516,"武侯区, 兰考县, 临渭区"
economical_county,1995,6,23,2.5652173913043477,"克山县, 叶县, 鄄城县"
economical_county,1995,7,2,1.0,"鲅鱼圈区, 龙山区"
economical_county,1995,8,81,3.9135802469135803,"永福县, 寿县, 肥东县"
economical_county,1995,9,63,3.365079365079365,"宝安区, 龙岗区, 营山县"
economical_county,1995,10,1,0.0,青神县
economical_county,1995,11,54,3.314814814814815,"官渡区, 六枝特区, 南明区"
economical_county,1995,12,47,3.148936170212766,"路桥区, 阜南县, 龙子湖区"
economical_county,1995,13,1,0.0,金坛区
economical_county,1995,14,1,0.0,睢县
economical_county,1995,15,23,2.608695652173913,"宣威市, 景洪市, 勐海县"
economical_county,1995,16,1,0.0,定州市
economical_county,1995,17,1,0.0,开州区
economical_county,1995,18,1,0.0,武隆区
economical_county,1995,19,1,0.0,郫都区
economical_county,1995,20,32,2.125,"依安县, 道里区, 工农区"
economical_county,1995,21,1,0.0,高淳区
economical_county,1995,22,1,0.0,新郑市
economical_county,1995,23,1,0.0,永和县
economical_county,1995,24,57,3.43859649122807,"天门市, 朝阳区, 魏县"
economical_county,1995,25,51,3.2745098039215685,"武昌区, 二七区, 黄陂区"
economical_county,1995,26,1,0.0,米脂县
economical_county,1995,27,59,2.983050847457627,"榆阳区, 西夏区, 东河区"
economical_county,1995,28,37,3.4054054054054053,"船营区, 永德县, 蛟河市"
economical_county,1995,29,1,0.0,昌宁县
economical_county,1995,30,43,3.13953488372093,"江干区, 吴江区, 黄浦区"
economical_county,1995,31,51,2.6470588235294117,"巫溪县, 平阳县, 瓦房店市"
economical_county,1995,32,44,2.6363636363636362,"松江区, 温岭市, 鄢陵县"
economical_county,1995,33,81,2.9876543209876543,"祁东县, 勐腊县, 高县"
economical_county,1995,34,72,2.8194444444444446,"雁塔区, 静海区, 阎良区"
economical_county,1995,35,4,1.5,"纳雍县, 巧家县, 个旧市"
economical_county,1995,36,1,0.0,平舆县
economical_county,1995,37,1,0.0,岷县
economical_county,1995,38,2,1.0,"建瓯市, 登封市"
economical_county,1995,39,1,0.0,墨玉县
economical_county,1995,40,44,3.022727272727273,"东明县, 集美区, 章贡区"
economical_county,1995,41,1,0.0,阿瓦提县
economical_county,1995,42,1,0.0,阜新蒙古族自治县
economical_county,1995,43,1,0.0,万全区
economical_county,1995,44,1,0.0,佳县
economical_county,1995,45,1,0.0,曾都区
economical_county,1995,46,1,0.0,惠济区
economical_county,1995,47,1,0.0,赤壁市
economical_county,1995,48,44,3.022727272727273,"丰台区, 清水河县, 城关区"
economical_county,1995,49,1,0.0,大洼区
economical_county,1995,50,32,2.125,"秦安县, 鹿邑县, 万柏林区"
economical_county,1995,51,47,3.297872340425532,"荣成市, 隆化县, 顺义区"
economical_county,1995,52,2,1.0,"望奎县, 松北区"
economical_county,1995,53,1,0.0,巴南区
economical_county,1995,54,1,0.0,遂平县
economical_county,1995,55,1,0.0,巢湖市
economical_county,1995,56,76,3.0526315789473686,"南山区, 邵阳县, 隆林各族自治县"
economical_county,1995,57,1,0.0,久治县
economical_county,1995,58,3,1.3333333333333333,"黑山县, 洋县, 大东区"
economical_county,1995,59,1,0.0,海拉尔区
economical_county,1995,60,1,0.0,淳化县
economical_county,1995,61,1,0.0,浮山县
economical_county,1995,62,4,1.5,"尧都区, 内黄县, 汾西县"
economical_county,1995,63,39,2.6153846153846154,"历城区, 富源县, 南安市"
economical_county,1995,64,1,0.0,景谷傣族彝族自治县
economical_county,1995,65,1,0.0,松溪县
economical_county,1995,66,1,0.0,宁河区
economical_county,1995,67,1,0.0,定边县
economical_county,1995,68,1,0.0,苏仙区
economical_county,1995,69,1,0.0,临县
economical_county,1995,70,1,0.0,尤溪县
economical_county,1995,71,2,1.0,"大理市, 夏河县"
economical_county,1995,72,31,2.967741935483871,"新蔡县, 西华县, 琼海市"
economical_county,1995,73,2,1.0,"贺兰县, 高陵区"
economical_county,1995,74,1,0.0,公主岭市
economical_county,1995,75,1,0.0,黎平县
economical_county,1995,76,1,0.0,龙潭区
economical_county,1995,77,1,0.0,伊川县
economical_county,1995,78,2,1.0,"洛龙区, 川汇区"
economical_county,1995,79,2,1.0,"朔城区, 正镶白旗"
economical_county,1995,80,1,0.0,阿荣旗
economical_county,1995,81,2,1.0,"铁西区, 西丰县"
economical_county,1995,82,1,0.0,三门县
economical_county,1995,83,1,0.0,上高县
economical_county,1995,84,1,0.0,腾冲市
economical_county,1995,85,1,0.0,柳林县
economical_county,1995,86,1,0.0,离石区
economical_county,1995,87,1,0.0,布尔津县
economical_county,1995,88,1,0.0,富县
economical_county,1995,89,1,0.0,横山区
economical_county,1995,90,2,1.0,"辽阳县, 铁东区"
economical_county,1995,91,1,0.0,罗甸县
economical_county,1995,92,1,0.0,清新区
economical_county,1995,93,2,1.0,"临夏市, 凉州区"
economical_county,1995,94,1,0.0,奈曼旗
economical_county,1995,95,1,0.0,科尔沁区
economical_county,1995,96,1,0.0,大渡口区
economical_county,1995,97,1,0.0,康保县
economical_county,1995,98,1,0.0,镇赉县
economical_county,1995,99,1,0.0,汾阳市
economical_county,1995,100,2,1.0,"梅县区, 潮安区"
economical_county,1995,101,1,0.0,洛南县
economical_county,1995,102,1,0.0,延川县
economical_county,1995,103,2,1.0,"内乡县, 卧龙区"
economical_county,1995,104,13,2.3076923076923075,"郧阳区, 房县, 茅箭区"
economical_county,1995,105,1,0.0,雁山区
economical_county,1995,106,1,0.0,玉屏侗族自治县
economical_county,1995,107,1,0.0,矿区
economical_county,1995,108,1,0.0,盂县
economical_county,1995,109,1,0.0,泊头市
economical_county,1995,110,1,0.0,东港区
economical_county,1995,111,1,0.0,满城区
economical_county,1995,112,1,0.0,乡宁县
economical_county,1995,113,2,1.0,"北湖区, 永兴县"
economical_county,1995,114,1,0.0,夏邑县
economical_county,1995,115,1,0.0,禹王台区
economical_county,1995,116,1,0.0,林州市
economical_county,1995,117,2,1.0,"稷山县, 河津市"
economical_county,1995,118,2,1.0,"钦南区, 港口区"
economical_county,1995,119,6,1.6666666666666667,"兴宁区, 扶绥县, 龙州县"
economical_county,1995,120,1,0.0,成武县
economical_county,1995,121,1,0.0,太和区
economical_county,1995,122,1,0.0,和顺县
economical_county,1995,123,2,1.0,"太谷县, 临猗县"
economical_county,1995,124,2,1.0,"珲春市, 敦化市"
economical_county,1995,125,32,2.34375,"图们市, 红旗区, 相城区"
economical_county,1995,126,1,0.0,遵化市
economical_county,1995,127,1,0.0,和布克赛尔蒙古自治县
economical_county,1995,128,4,1.5,"榆次区, 昔阳县, 汤阴县"
economical_county,1995,129,2,1.0,"伊通满族自治县, 郊区"
economical_county,1995,130,2,1.0,"南关区, 柳河县"
economical_county,1995,131,1,0.0,峄城区
economical_county,1995,132,1,0.0,市中区
economical_county,1995,133,1,0.0,富锦市
economical_county,1995,134,3,1.3333333333333333,"同江市, 依兰县, 宾县"
economical_county,1995,135,1,0.0,蓬江区
economical_county,1995,136,1,0.0,靖安县
economical_county,1995,137,2,1.0,"冷水滩区, 梅河口市"
economical_county,1995,138,1,0.0,龙井市
economical_county,1995,139,1,0.0,新源县
economical_county,1995,140,1,0.0,曲沃县
economical_county,1995,141,1,0.0,侯马市
economical_county,1995,142,1,0.0,大安市
economical_county,1995,143,1,0.0,香河县
economical_county,1995,144,1,0.0,扶余市
economical_county,1995,145,2,1.0,"路南区, 南宫市"
economical_county,1995,146,1,0.0,让胡路区
economical_county,1995,147,3,1.3333333333333333,"西林区, 沂水县, 寒亭区"
economical_county,1995,148,1,0.0,岚县
economical_county,1995,149,1,0.0,娄星区
economical_county,1995,150,1,0.0,长葛市
economical_county,1995,151,1,0.0,永泰县
economical_county,1995,152,1,0.0,扎鲁特旗
economical_county,1995,153,1,0.0,霍林郭勒市
economical_county,1995,154,1,0.0,零陵区
economical_county,1995,155,1,0.0,仁怀市
economical_county,1995,156,1,0.0,麻江县
economical_county,1995,157,1,0.0,盐池县
economical_county,1995,158,1,0.0,井陉县
economical_county,1995,159,2,1.0,"裕华区, 赞皇县"
economical_county,1995,160,1,0.0,子洲县
economical_county,1995,161,1,0.0,景县
economical_county,1995,162,4,2.0,"甘南县, 苏家屯区, 抚顺县"
economical_county,1995,163,1,0.0,平利县
economical_county,1995,164,1,0.0,连江县
economical_county,1995,165,1,0.0,都安瑶族自治县
economical_county,1995,166,1,0.0,雁峰区
economical_county,1995,167,1,0.0,磴口县
economical_county,1995,168,1,0.0,城区
economical_county,1995,169,1,0.0,靖边县
economical_county,1995,170,1,0.0,禹会区
economical_county,1995,171,1,0.0,叶城县
economical_county,1995,172,1,0.0,蔚县
economical_county,1995,173,1,0.0,磐石市
economical_county,1995,174,1,0.0,托里县
economical_county,1995,175,1,0.0,会东县
economical_county,1995,176,2,1.0,"蒲城县, 吉木萨尔县"
economical_county,1995,177,1,0.0,弓长岭区
economical_county,1995,178,1,0.0,宏伟区
economical_county,1995,179,1,0.0,阿城区
economical_county,1995,180,1,0.0,沽源县
economical_county,1995,181,1,0.0,定兴县
economical_county,1995,182,1,0.0,竞秀区
economical_county,1995,183,1,0.0,盖州市
economical_county,1995,184,2,1.0,"利津县, 河口区"
economical_county,1995,185,1,0.0,惠农区
economical_county,1995,186,1,0.0,新北区
economical_county,1995,187,1,0.0,望花区
economical_county,1995,188,1,0.0,大同区
economical_county,1995,189,1,0.0,弥渡县
economical_county,1995,190,1,0.0,涿州市
economical_county,1995,191,1,0.0,胶州市
economical_county,1995,192,1,0.0,平定县
economical_county,1995,193,1,0.0,清原满族自治县
economical_county,1995,194,3,1.3333333333333333,"市南区, 平度市, 芝罘区"
economical_county,1995,195,1,0.0,吴中区
economical_county,1995,196,1,0.0,清徐县
economical_county,1995,197,1,0.0,田家庵区
economical_county,1995,198,1,0.0,临武县
economical_county,1995,199,1,0.0,松阳县
economical_county,1995,200,1,0.0,曲水县
economical_county,1995,201,1,0.0,伍家岗区
economical_county,1995,202,1,0.0,紫阳县
economical_county,1995,203,1,0.0,新昌县
economical_county,1995,204,1,0.0,北镇市
economical_county,1995,205,1,0.0,平山区
economical_county,1995,206,1,0.0,松山区
economical_county,1995,207,2,1.0,"红山区, 开鲁县"
economical_county,1995,208,1,0.0,喀喇沁左翼蒙古族自治县
economical_county,1995,209,1,0.0,维西傈僳族自治县
economical_county,1995,210,1,0.0,禄劝彝族苗族自治县
economical_county,1995,211,1,0.0,太子河区
economical_county,1995,212,1,0.0,博湖县
economical_county,1995,213,1,0.0,尼木县
economical_county,1995,214,1,0.0,红古区
economical_county,1995,215,1,0.0,云县
economical_county,1995,216,1,0.0,正蓝旗
economical_county,1995,217,1,0.0,多伦县
economical_county,1995,218,2,1.0,"锡林浩特市, 克什克腾旗"
economical_county,1995,219,5,1.6,"孟津县, 宜阳县, 西工区"
economical_county,1995,220,1,0.0,友好区
economical_county,1995,221,1,0.0,夷陵区
economical_county,1995,222,1,0.0,秀山土家族苗族自治县
economical_county,1995,223,1,0.0,喀喇沁旗
economical_county,1995,224,2,1.0,"曹妃甸区, 昌黎县"
economical_county,1995,225,1,0.0,肥乡区
economical_county,1995,226,1,0.0,萨迦县
economical_county,1995,227,1,0.0,北流市
economical_county,1995,228,1,0.0,成县
economical_county,1995,229,1,0.0,文县
economical_county,1995,230,1,0.0,砚山县
economical_county,1995,231,1,0.0,远安县
economical_county,1995,232,1,0.0,雁江区
economical_county,1995,233,1,0.0,新都区
economical_county,1995,234,1,0.0,句容市
economical_county,1995,235,1,0.0,宝山区
economical_county,1995,236,1,0.0,五峰土家族自治县
economical_county,1995,237,1,0.0,兴山县
economical_county,1995,238,1,0.0,灵寿县
economical_county,1995,239,1,0.0,梨树县
economical_county,1995,240,1,0.0,高邮市
economical_county,1995,241,1,0.0,康平县
economical_county,1995,242,1,0.0,乌尔禾区
economical_county,1995,243,2,1.0,"兴隆台区, 巴林左旗"
economical_county,1995,244,1,0.0,薛城区
economical_county,1995,245,1,0.0,雨城区
economical_county,1995,246,1,0.0,沁源县
economical_county,1995,247,1,0.0,阿图什市
economical_county,1995,248,1,0.0,临江市
economical_county,1995,249,17,2.411764705882353,"恩施市, 临潭县, 辽中区"
economical_county,1995,250,1,0.0,鲁甸县
economical_county,1995,251,1,0.0,忻府区
economical_county,1995,252,1,0.0,门源回族自治县
economical_county,1995,253,1,0.0,石阡县
economical_county,1995,254,1,0.0,双江拉祜族佤族布朗族傣族自治县
economical_county,1995,255,1,0.0,新荣区
economical_county,1995,256,1,0.0,肇州县
economical_county,1995,257,1,0.0,辉南县
economical_county,1995,258,1,0.0,景泰县
economical_county,1995,259,1,0.0,赤城县
economical_county,1995,260,1,0.0,绥中县
economical_county,1995,261,1,0.0,法库县
economical_county,1995,262,1,0.0,河间市
economical_county,1995,263,1,0.0,来安县
economical_county,1995,264,1,0.0,金阳县
economical_county,1995,265,1,0.0,自流井区
economical_county,1995,266,1,0.0,船山区
economical_county,1995,267,1,0.0,河南蒙古族自治县
economical_county,1995,268,1,0.0,台儿庄区
economical_county,1995,269,1,0.0,临湘市
economical_county,1995,270,1,0.0,安龙县
economical_county,1995,271,2,1.0,"开阳县, 威信县"
economical_county,1995,272,1,0.0,姑苏区
economical_county,1995,273,1,0.0,绿春县
economical_county,1995,274,1,0.0,淅川县
economical_county,1995,275,1,0.0,彝良县
economical_county,1995,276,1,0.0,郊区
economical_county,1995,277,1,0.0,柘荣县
economical_county,1995,278,1,0.0,福鼎市
economical_county,1995,279,1,0.0,玉田县
economical_county,1995,280,1,0.0,静宁县
economical_county,1995,281,1,0.0,建平县
economical_county,1995,282,1,0.0,镇沅彝族哈尼族拉祜族自治县
economical_county,1995,283,1,0.0,阳高县
economical_county,1995,284,1,0.0,新津县
economical_county,1995,285,1,0.0,乌伊岭区
economical_county,1995,286,1,0.0,孟村回族自治县
economical_county,1995,287,1,0.0,开化县
economical_county,1995,288,3,1.3333333333333333,"阳曲县, 宁武县, 静乐县"
economical_county,1995,289,1,0.0,庆安县
economical_county,1995,290,1,0.0,太仆寺旗
economical_county,1995,291,1,0.0,繁峙县
economical_county,1995,292,1,0.0,安阳县
economical_county,1995,293,1,0.0,殷都区
economical_county,1995,294,1,0.0,尼勒克县
economical_county,1995,295,1,0.0,科尔沁右翼中旗
economical_county,1995,296,1,0.0,宾阳县
economical_county,1995,297,1,0.0,大安区
economical_county,1995,298,1,0.0,五台县
economical_county,1995,299,1,0.0,抚宁区
economical_county,1995,300,1,0.0,路北区
economical_county,1995,301,1,0.0,海盐县
economical_county,1995,302,1,0.0,金沙县
economical_county,1995,303,1,0.0,伊春区
economical_county,1995,304,1,0.0,宜章县
economical_county,1995,305,1,0.0,乌兰浩特市
economical_county,1995,306,1,0.0,屏边苗族自治县
economical_county,1995,307,1,0.0,开远市
economical_county,1995,308,1,0.0,南芬区
economical_county,1995,309,1,0.0,浑南区
economical_county,1995,310,1,0.0,象州县
economical_county,1995,311,2,1.0,"罗平县, 红塔区"
economical_county,1995,312,1,0.0,三原县
economical_county,1995,313,1,0.0,原阳县
economical_county,1995,314,1,0.0,延津县
economical_county,1995,315,1,0.0,卫滨区
economical_county,1995,316,2,1.0,"洪洞县, 古县"
economical_county,1995,317,1,0.0,宕昌县
economical_county,1995,318,1,0.0,兴义市
economical_county,1995,319,1,0.0,丹江口市
economical_county,1995,320,2,1.0,"杏花岭区, 偏关县"
economical_county,1995,321,1,0.0,当涂县
economical_county,1995,322,2,2.0,"右玉县, 左云县"
economical_county,1995,323,1,0.0,沿滩区
economical_county,1995,324,1,0.0,双柏县
economical_county,1995,325,1,0.0,北关区
economical_county,1995,326,1,0.0,盘山县
economical_county,1995,327,1,0.0,庄浪县
economical_county,1995,328,1,0.0,双城区
economical_county,1995,329,1,0.0,上栗县
economical_county,1995,330,1,0.0,麦盖提县
economical_county,1995,331,1,0.0,木兰县
economical_county,1995,332,2,1.0,"高昌区, 木垒哈萨克自治县"
economical_county,1995,333,1,0.0,彰武县
economical_county,1995,334,2,1.0,"秭归县, 长阳土家族自治县"
economical_county,1995,335,1,0.0,巩留县
economical_county,1995,336,1,0.0,襄汾县
economical_county,1995,337,1,0.0,南川区
economical_county,1995,338,1,0.0,灵丘县
economical_county,1995,339,1,0.0,泽州县
economical_county,1995,340,1,0.0,立山区
economical_county,1995,341,1,0.0,马关县
economical_county,1995,342,1,0.0,永宁县
economical_county,1995,343,1,0.0,秦都区
economical_county,1995,344,1,0.0,西区
economical_county,1995,345,1,0.0,孟连傣族拉祜族佤族自治县
economical_county,1995,346,1,0.0,天祝藏族自治县
economical_county,1995,347,1,0.0,肃北蒙古族自治县
economical_county,1995,348,1,0.0,兰陵县
economical_county,1995,349,2,1.0,"任县, 桥东区"
economical_county,1995,350,1,0.0,皋兰县
economical_county,1995,351,1,0.0,华坪县
economical_county,1995,352,1,0.0,永吉县
economical_county,1995,353,1,0.0,绥滨县
economical_county,1995,354,1,0.0,沁水县
economical_county,1995,355,1,0.0,夏县
economical_county,1995,356,1,0.0,河口瑶族自治县
economical_county,1995,357,2,1.0,"东兴区, 大邑县"
economical_county,1995,358,1,0.0,宁陕县
economical_county,1995,359,1,0.0,洞口县
economical_county,1995,360,1,0.0,扎兰屯市
economical_county,1995,361,2,1.0,"陈巴尔虎旗, 泰来县"
economical_county,1995,362,1,0.0,濮阳县
economical_county,1995,363,1,0.0,黄平县
economical_county,1995,364,1,0.0,垣曲县
economical_county,1995,365,1,0.0,威宁彝族回族苗族自治县
economical_county,1995,366,1,0.0,邱县
economical_county,1995,367,1,0.0,达日县
economical_county,1995,368,1,0.0,猇亭区
economical_county,1995,369,1,0.0,鹿泉区
economical_county,1995,370,1,0.0,红河县
economical_county,1995,371,1,0.0,通渭县
economical_county,1995,372,1,0.0,凤县
economical_county,1995,373,1,0.0,绥宁县
economical_county,1995,374,1,0.0,双清区
economical_county,1995,375,1,0.0,英吉沙县
economical_county,1995,376,1,0.0,岚山区
economical_county,1995,377,1,0.0,临高县
economical_county,1995,378,1,0.0,新青区
economical_county,1995,379,1,0.0,科尔沁左翼后旗
economical_county,1995,380,1,0.0,前郭尔罗斯蒙古族自治县
economical_county,1995,381,1,0.0,调兵山市
economical_county,1995,382,1,0.0,安泽县
economical_county,1995,383,1,0.0,山阴县
economical_county,1995,384,1,0.0,左权县
economical_county,1995,385,1,0.0,漳县
economical_county,1995,386,1,0.0,瀍河回族区
economical_county,1995,387,1,0.0,义马市
economical_county,1995,388,1,0.0,城口县
economical_county,1995,389,2,1.0,"二道江区, 浑江区"
economical_county,1995,390,2,1.0,"代县, 祁县"
economical_county,1995,391,1,0.0,岫岩满族自治县
economical_county,1995,392,1,0.0,新绛县
economical_county,1995,393,1,0.0,肃州区
economical_county,1995,394,1,0.0,岭东区
economical_county,1995,395,1,0.0,赵县
economical_county,1995,396,1,0.0,栾城区
economical_county,1995,397,2,1.0,"呼图壁县, 察布查尔锡伯自治县"
economical_county,1995,398,1,0.0,洮北区
economical_county,1995,399,1,0.0,鸡东县
economical_county,1995,400,1,0.0,沙雅县
economical_county,1995,401,1,0.0,黄骅市
economical_county,1995,402,1,0.0,新华区
economical_county,1995,403,1,0.0,桦南县
economical_county,1995,404,1,0.0,东港市
economical_county,1995,405,1,0.0,宿豫区
economical_county,1995,406,1,0.0,越城区
economical_county,1995,407,1,0.0,罗定市
economical_county,1995,408,3,1.3333333333333333,"泾源县, 萧县, 泉山区"
economical_county,1995,409,1,0.0,泾阳县
economical_county,1995,410,2,1.0,"李沧区, 诸城市"
economical_county,1995,411,1,0.0,磁县
economical_county,1995,412,1,0.0,温县
economical_county,1995,413,1,0.0,灵石县
economical_county,1995,414,1,0.0,饶平县
economical_county,1995,415,2,1.0,"金城江区, 龙圩区"
economical_county,1995,416,1,0.0,老边区
economical_county,1995,417,1,0.0,林口县
economical_county,1995,418,1,0.0,汉台区
economical_county,1995,419,1,0.0,绛县
economical_county,1995,420,2,1.0,"鹤庆县, 兰坪白族普米族自治县"
economical_county,1995,421,1,0.0,共和县
economical_county,1995,422,1,0.0,同德县
economical_county,1995,423,1,0.0,开平区
economical_county,1995,424,1,0.0,洞头区
economical_county,1995,425,1,0.0,义县
economical_county,1995,426,1,0.0,滦南县
economical_county,1995,427,1,0.0,茄子河区
economical_county,1995,428,1,0.0,独山县
economical_county,1995,429,2,1.0,"良庆区, 青秀区"
economical_county,1995,430,2,1.0,"明光市, 柯城区"
economical_county,1995,431,2,1.0,"岑溪市, 藤县"
economical_county,1995,432,1,0.0,卫东区
economical_county,1995,433,1,0.0,礼泉县
economical_county,1995,434,2,1.0,"吉安县, 吉州区"
economical_county,1995,435,1,0.0,云溪区
economical_county,1995,436,1,0.0,桑珠孜区
economical_county,1995,437,1,0.0,定日县
economical_county,1995,438,1,0.0,伽师县
economical_county,1995,439,1,0.0,藁城区
economical_county,1995,440,1,0.0,天长市
economical_county,1995,441,1,0.0,凤城市
economical_county,1995,442,1,0.0,墨竹工卡县
economical_county,1995,443,1,0.0,崖州区
economical_county,1995,444,1,0.0,禄丰县
economical_county,1995,445,1,0.0,淮阴区
economical_county,1995,446,1,0.0,尉氏县
economical_county,1995,447,4,1.5,"牡丹区, 隆阳区, 盈江县"
economical_county,1995,448,2,1.0,"古城区, 永胜县"
economical_county,1995,449,1,0.0,巨野县
economical_county,1995,450,1,0.0,清水县
economical_county,1995,451,1,0.0,福绵区
economical_county,1995,452,1,0.0,浔阳区
economical_county,1995,453,1,0.0,芦山县
economical_county,1995,454,1,0.0,邕宁区
economical_county,1995,455,1,0.0,岚皋县
economical_county,1995,456,1,0.0,抚松县
economical_county,1995,457,1,0.0,德清县
economical_county,1995,458,1,0.0,高阳县
economical_county,1995,459,1,0.0,莱州市
economical_county,1995,460,1,0.0,富川瑶族自治县
economical_county,1995,461,2,1.0,"八步区, 容县"
economical_county,1995,462,1,0.0,疏勒县
economical_county,1995,463,1,0.0,五原县
economical_county,1995,464,1,0.0,突泉县
economical_county,1995,465,1,0.0,嵩县
economical_county,1995,466,1,0.0,襄城县
economical_county,1995,467,1,0.0,连山区
economical_county,1995,468,1,0.0,奇台县
economical_county,1995,469,1,0.0,沈北新区
economical_county,1995,470,1,0.0,新乐市
economical_county,1995,471,1,0.0,正定县
economical_county,1995,472,1,0.0,昌邑市
economical_county,1995,473,1,0.0,汤原县
economical_county,1995,474,1,0.0,合山市
economical_county,1995,475,1,0.0,武定县
economical_county,1995,476,2,1.0,"隆尧县, 临城县"
economical_county,1995,477,1,0.0,东昌区
economical_county,1995,478,1,0.0,海棠区
economical_county,1995,479,1,0.0,东源县
economical_county,1995,480,1,0.0,桐庐县
economical_county,1995,481,1,0.0,和政县
economical_county,1995,482,1,0.0,张家川回族自治县
economical_county,1995,483,1,0.0,卫辉市
economical_county,1995,484,1,0.0,三江侗族自治县
economical_county,1995,485,1,0.0,岳普湖县
economical_county,1995,486,1,0.0,刚察县
economical_county,1995,487,1,0.0,白玉县
economical_county,1995,488,1,0.0,上思县
economical_county,1995,489,1,0.0,丰满区
economical_county,1995,490,1,0.0,元宝区
economical_county,1995,491,1,0.0,伊宁县
economical_county,1995,492,1,0.0,溪湖区
economical_county,1995,493,1,0.0,易县
economical_county,1995,494,1,0.0,蕉城区
economical_county,1995,495,1,0.0,桥西区
economical_county,1995,496,1,0.0,富裕县
economical_county,1995,497,1,0.0,道真仡佬族苗族自治县
economical_county,1995,498,1,0.0,遂溪县
economical_county,1995,499,1,0.0,江口县
economical_county,1995,500,1,0.0,施甸县
economical_county,1995,501,1,0.0,芒市
economical_county,1995,502,1,0.0,安平县
economical_county,1995,503,1,0.0,龙陵县
economical_county,1995,504,1,0.0,广南县
economical_county,1995,505,1,0.0,覃塘区
economical_county,1995,506,1,0.0,盐湖区
economical_county,1995,507,1,0.0,青白江区
economical_county,1995,508,1,0.0,长岭县
economical_county,1995,509,1,0.0,阿鲁科尔沁旗
economical_county,1995,510,1,0.0,饶河县
economical_county,1995,511,1,0.0,都匀市
economical_county,1995,512,1,0.0,色达县
economical_county,1995,513,1,0.0,理塘县
economical_county,1995,514,1,0.0,彭泽县
economical_county,1995,515,1,0.0,交口县
economical_county,1995,516,1,0.0,鹿寨县
economical_county,1995,517,1,0.0,天镇县
economical_county,1995,518,1,0.0,东台市
economical_county,1995,519,1,0.0,平川区
economical_county,1995,520,1,0.0,皮山县
economical_county,1995,521,1,0.0,连云区
economical_county,1995,522,1,0.0,策勒县
economical_county,1995,523,1,0.0,江陵县
economical_county,1995,524,1,0.0,玛曲县
economical_county,1995,525,1,0.0,赫章县
economical_county,1995,526,2,1.0,"社旗县, 宛城区"
economical_county,1995,527,1,0.0,阜平县
economical_county,1995,528,3,1.3333333333333333,"七星区, 灵川县, 秀峰区"
economical_county,1995,529,1,0.0,沧源佤族自治县
economical_county,1995,530,1,0.0,丛台区
economical_county,1995,531,1,0.0,汝南县
economical_county,1995,532,1,0.0,大宁县
economical_county,1995,533,1,0.0,碧江区
economical_county,1995,534,1,0.0,南谯区
economical_county,1995,535,1,0.0,根河市
economical_county,1995,536,1,0.0,新华区
economical_county,1995,537,1,0.0,桐乡市
economical_county,1995,538,1,0.0,通山县
economical_county,1995,539,1,0.0,鲁山县
economical_county,1995,540,1,0.0,南丹县
economical_county,1995,541,1,0.0,贡山独龙族怒族自治县
economical_county,1995,542,1,0.0,北票市
economical_county,1995,543,1,0.0,临清市
economical_county,1995,544,1,0.0,剑河县
economical_county,1995,545,1,0.0,莫力达瓦达斡尔族自治旗
economical_county,1995,546,1,0.0,石峰区
economical_county,1995,547,1,0.0,武安市
economical_county,1995,548,1,0.0,寻乌县
economical_county,1995,549,1,0.0,安吉县
economical_county,1995,550,1,0.0,西盟佤族自治县
economical_county,1995,551,1,0.0,兴县
economical_county,1995,552,1,0.0,林西县
economical_county,1995,553,1,0.0,交城县
economical_county,1995,554,1,0.0,张北县
economical_county,1995,555,1,0.0,宝丰县
economical_county,1995,556,1,0.0,阳原县
economical_county,1995,557,1,0.0,莎车县
economical_county,1995,558,1,0.0,常宁市
economical_county,1995,559,1,0.0,安次区
economical_county,1995,560,1,0.0,德令哈市
economical_county,1995,561,1,0.0,穆棱市
economical_county,1995,562,1,0.0,栖霞区
economical_county,1995,563,1,0.0,鄂托克前旗
economical_county,1995,564,1,0.0,通榆县
economical_county,1995,565,1,0.0,华阴市
economical_county,1995,566,1,0.0,敦煌市
economical_county,1995,567,1,0.0,芮城县
economical_county,1995,568,1,0.0,无棣县
economical_county,1995,569,1,0.0,滨城区
economical_county,1995,570,1,0.0,方正县
economical_county,1995,571,1,0.0,宜君县
economical_county,1995,572,1,0.0,高邑县
economical_county,1995,573,1,0.0,播州区
economical_county,1995,574,1,0.0,贾汪区
economical_county,1995,575,1,0.0,济源市
economical_county,1995,576,2,1.0,"龙里县, 凤冈县"
economical_county,1995,577,1,0.0,广灵县
economical_county,1995,578,2,1.0,"沙河市, 镇巴县"
economical_county,1995,579,1,0.0,民权县
economical_county,1995,580,1,0.0,汉南区
economical_county,1995,581,1,0.0,钦北区
economical_county,1995,582,1,0.0,云和县
economical_county,1995,583,1,0.0,修武县
economical_county,1995,584,1,0.0,临泽县
economical_county,1995,585,1,0.0,陵水黎族自治县
economical_county,1995,586,1,0.0,平山县
economical_county,1995,587,1,0.0,清河县
economical_county,1995,588,1,0.0,牟定县
economical_county,1995,589,1,0.0,宾川县
economical_county,1995,590,1,0.0,汉阴县
economical_county,1995,591,1,0.0,吉县
economical_county,1995,592,1,0.0,中牟县
economical_county,1995,593,1,0.0,泰山区
economical_county,1995,594,1,0.0,邢台县
economical_county,1995,595,1,0.0,靖宇县
economical_county,1995,596,1,0.0,鸡冠区
economical_county,1995,597,1,0.0,丰南区
economical_county,1995,598,1,0.0,北安市
economical_county,1995,599,1,0.0,来凤县
economical_county,1995,600,1,0.0,温泉县
economical_county,1995,601,1,0.0,怀来县
economical_county,1995,602,1,0.0,东兴市
economical_county,1995,603,1,0.0,惠来县
economical_county,1995,604,1,0.0,千山区
economical_county,1995,605,1,0.0,元氏县
economical_county,1995,606,1,0.0,宁安市
economical_county,1995,607,1,0.0,昂仁县
economical_county,1995,608,1,0.0,竹山县
economical_county,1995,609,1,0.0,筠连县
economical_county,1995,610,1,0.0,临翔区
economical_county,1995,611,1,0.0,陵川县
economical_county,1995,612,1,0.0,江永县
economical_county,1995,613,1,0.0,范县
economical_county,1995,614,1,0.0,东山区
economical_county,1995,615,1,0.0,滴道区
economical_county,1995,616,1,0.0,晋州市
economical_county,1995,617,1,0.0,金堂县
economical_county,1995,618,1,0.0,会理县
economical_county,1995,619,1,0.0,崇州市
economical_county,1995,620,1,0.0,郧西县
economical_county,1995,621,1,0.0,铁山港区
economical_county,1995,622,1,0.0,博爱县
economical_county,1995,623,1,0.0,禹州市
economical_county,1995,624,1,0.0,防城区
economical_county,1995,625,1,0.0,集安市
economical_county,1995,626,1,0.0,曲阜市
economical_county,1995,627,1,0.0,通道侗族自治县
economical_county,1995,628,1,0.0,乳源瑶族自治县
economical_county,1995,629,1,0.0,夹江县
economical_county,1995,630,1,0.0,西畴县
economical_county,1995,631,1,0.0,元江哈尼族彝族傣族自治县
economical_county,1995,632,1,0.0,右江区
economical_county,1995,633,1,0.0,广河县
economical_county,1995,634,1,0.0,祥云县
economical_county,1995,635,1,0.0,宁城县
economical_county,1995,636,1,0.0,高台县
economical_county,1995,637,1,0.0,耀州区
economical_county,1995,638,1,0.0,富宁县
economical_county,1995,639,1,0.0,明山区
economical_county,1995,640,1,0.0,康乐县
economical_county,1995,641,1,0.0,铁力市
economical_county,1995,642,1,0.0,桦甸市
economical_county,1995,643,1,0.0,林甸县
economical_county,1995,644,1,0.0,敖汉旗
economical_county,1995,645,1,0.0,尖山区
economical_county,1995,646,2,1.0,"蒙阴县, 罗庄区"
economical_county,1995,647,1,0.0,南岔区
economical_county,1995,648,1,0.0,凌海市
economical_county,1995,649,1,0.0,洮南市
economical_county,1995,650,1,0.0,安远县
economical_county,1995,651,1,0.0,榕城区
economical_county,1995,652,1,0.0,兴海县
economical_county,1995,653,1,0.0,陈仓区
economical_county,1995,654,1,0.0,东洲区
economical_county,1995,655,1,0.0,美姑县
economical_county,1995,656,1,0.0,剑川县
economical_county,1995,657,1,0.0,江州区
economical_county,1995,658,1,0.0,石楼县
economical_county,1995,659,1,0.0,嵩明县
economical_county,1995,660,1,0.0,天心区
economical_county,1995,661,1,0.0,三都水族自治县
economical_county,1995,662,1,0.0,新巴尔虎左旗
economical_county,1995,663,1,0.0,科尔沁右翼前旗
economical_county,1995,664,1,0.0,勉县
economical_county,1995,665,2,1.0,"林周县, 波密县"
economical_county,1995,666,1,0.0,江川区
economical_county,1995,667,1,0.0,海州区
economical_county,1995,668,1,0.0,肃宁县
economical_county,1995,669,1,0.0,通河县
economical_county,1995,670,1,0.0,兴国县
economical_county,1995,671,1,0.0,平房区
economical_county,1995,672,1,0.0,康巴什区
economical_county,1995,673,1,0.0,浉河区
economical_county,1995,674,1,0.0,新邱区
economical_county,1995,675,1,0.0,新河县
economical_county,1995,676,1,0.0,北戴河区
economical_county,1995,677,1,0.0,新民市
economical_county,1995,678,1,0.0,梁河县
economical_county,1995,679,1,0.0,通许县
economical_county,1995,680,1,0.0,石棉县
economical_county,1995,681,1,0.0,牧野区
economical_county,1995,682,1,0.0,东兰县
economical_county,1995,683,1,0.0,纳溪区
economical_county,1995,684,1,0.0,玛纳斯县
economical_county,1995,685,1,0.0,保康县
economical_county,1995,686,1,0.0,师宗县
economical_county,1995,687,1,0.0,洛江区
economical_county,1995,688,1,0.0,双辽市
economical_county,1995,689,1,0.0,辰溪县
economical_county,1995,690,1,0.0,沅陵县
economical_county,1995,691,1,0.0,盐边县
economical_county,1995,692,1,0.0,西乌珠穆沁旗
economical_county,1995,693,1,0.0,隰县
economical_county,1995,694,1,0.0,方山县
economical_county,1995,695,1,0.0,海沧区
economical_county,1995,696,2,1.0,"壶关县, 丹徒区"
economical_county,1995,697,1,0.0,满洲里市
economical_county,1995,698,1,0.0,晋源区
economical_county,1995,699,1,0.0,东安区
economical_county,1995,700,1,0.0,吉水县
economical_county,1995,701,1,0.0,南丰县
economical_county,1995,702,1,0.0,旺苍县
economical_county,1995,703,1,0.0,吴堡县
economical_county,1995,704,1,0.0,米易县
economical_county,1995,705,1,0.0,贞丰县
economical_county,1995,706,1,0.0,江城区
economical_county,1995,707,1,0.0,丰都县
economical_county,1995,708,1,0.0,通海县
economical_county,1995,709,1,0.0,长岛县
economical_county,1995,710,1,0.0,托克逊县
economical_county,1995,711,1,0.0,宣化区
economical_county,1995,712,1,0.0,麻城市
economical_county,1995,713,1,0.0,海州区
economical_county,1995,714,1,0.0,孝义市
economical_county,1995,715,1,0.0,灌阳县
economical_county,1995,716,1,0.0,且末县
economical_county,1995,717,1,0.0,复兴区
economical_county,1995,718,1,0.0,双牌县
economical_county,1995,719,1,0.0,南溪区
economical_county,1995,720,1,0.0,宜秀区
economical_county,1995,721,1,0.0,东海县
economical_county,1995,722,1,0.0,平原县
economical_county,1995,723,1,0.0,墨脱县
economical_county,1995,724,1,0.0,梨树区
economical_county,1995,725,1,0.0,江夏区
economical_county,1995,726,1,0.0,钟山县
economical_county,1995,727,1,0.0,普安县
economical_county,1995,728,1,0.0,苍溪县
economical_county,1995,729,1,0.0,前锋区
economical_county,1995,730,1,0.0,武义县
economical_county,1995,731,2,1.0,"兴宁市, 仁化县"
economical_county,1995,732,1,0.0,城步苗族自治县
economical_county,1995,733,1,0.0,安仁县
economical_county,1995,734,1,0.0,雷州市
economical_county,1995,735,1,0.0,灌南县
economical_county,1995,736,1,0.0,天柱县
economical_county,1995,737,1,0.0,桥西区
economical_county,1995,738,1,0.0,凤泉区
economical_county,1995,739,1,0.0,石门县
economical_county,1995,740,1,0.0,志丹县
economical_county,1995,741,1,0.0,德庆县
economical_county,1995,742,1,0.0,天全县
economical_county,1995,743,1,0.0,阿巴嘎旗
economical_county,1995,744,1,0.0,华容区
economical_county,1995,745,1,0.0,隆安县
economical_county,1995,746,1,0.0,蠡县
economical_county,1995,747,1,0.0,商南县
economical_county,1995,748,1,0.0,双滦区
economical_county,1995,749,1,0.0,三元区
economical_county,1995,750,1,0.0,通化县
economical_county,1995,751,1,0.0,洛浦县
economical_county,1995,752,1,0.0,梁溪区
economical_county,1995,753,1,0.0,雷山县
economical_county,1995,754,1,0.0,沧县
economical_county,1995,755,1,0.0,田东县
economical_county,1995,756,1,0.0,中阳县
economical_county,1995,757,1,0.0,山阳区
economical_county,1995,758,1,0.0,魏都区
economical_county,1995,759,1,0.0,台前县
economical_county,1995,760,1,0.0,天等县
economical_county,1995,761,1,0.0,唐县
economical_county,1995,762,1,0.0,华宁县
economical_county,1995,763,1,0.0,宜川县
economical_county,1995,764,1,0.0,会同县
economical_county,1995,765,1,0.0,龙门县
economical_county,1995,766,1,0.0,大关县
economical_county,1995,767,1,0.0,榆社县
economical_county,1995,768,1,0.0,白朗县
economical_county,1995,769,1,0.0,顺城区
economical_county,1995,770,1,0.0,康县
economical_county,1995,771,1,0.0,长洲区
economical_county,1995,772,1,0.0,兴安县
economical_county,1995,773,1,0.0,象山区
economical_county,1995,774,1,0.0,昭苏县
economical_county,1995,775,1,0.0,凌河区
economical_county,1995,776,1,0.0,称多县
economical_county,1995,777,1,0.0,如东县
economical_county,1995,778,1,0.0,相山区
economical_county,1995,779,1,0.0,南皮县
economical_county,1995,780,1,0.0,宝清县
economical_county,1995,781,1,0.0,逊克县
economical_county,1995,782,1,0.0,铁锋区
economical_county,1995,783,1,0.0,炉霍县
economical_county,1995,784,1,0.0,印台区
economical_county,1995,785,1,0.0,阳城县
economical_county,1995,786,1,0.0,枣强县
economical_county,1995,787,1,0.0,安丘市
economical_county,1995,788,1,0.0,昭化区
economical_county,1995,789,1,0.0,乌达区
economical_county,1995,790,1,0.0,德兴市
economical_county,1995,791,1,0.0,青阳县
economical_county,1995,792,1,0.0,丹棱县
economical_county,1995,793,1,0.0,宁蒗彝族自治县
economical_county,1995,794,1,0.0,南城县
economical_county,1995,795,1,0.0,东至县
economical_county,1995,796,1,0.0,宣恩县
economical_county,1995,797,1,0.0,平坝区
economical_county,1995,798,1,0.0,青县
economical_county,1995,799,1,0.0,栾川县
economical_county,1995,800,1,0.0,封开县
economical_county,1995,801,1,0.0,君山区
economical_county,1995,802,1,0.0,微山县
economical_county,1995,803,1,0.0,神池县
economical_county,1995,804,1,0.0,元谋县
economical_county,1995,805,1,0.0,淮上区
economical_county,1995,806,1,0.0,越西县
economical_county,1995,807,1,0.0,石屏县
economical_county,1995,808,1,0.0,丹巴县
economical_county,1995,809,1,0.0,小金县
economical_county,1995,810,1,0.0,略阳县
economical_county,1995,811,1,0.0,阿勒泰市
economical_county,1995,812,1,0.0,东丰县
economical_county,1995,813,1,0.0,西安区
economical_county,1995,814,1,0.0,莱山区
economical_county,1995,815,1,0.0,同仁县
economical_county,1995,816,1,0.0,太平区
economical_county,1995,817,1,0.0,陇县
economical_county,1995,818,1,0.0,西和县
economical_county,1995,819,1,0.0,康马县
economical_county,1995,820,1,0.0,富蕴县
economical_county,1995,821,1,0.0,望谟县
economical_county,1995,822,1,0.0,华州区
economical_county,1995,823,1,0.0,顺河回族区
economical_county,1995,824,1,0.0,恭城瑶族自治县
economical_county,1995,825,1,0.0,兴安区
economical_county,1995,826,1,0.0,银海区
economical_county,1995,827,1,0.0,奉化区
economical_county,1995,828,1,0.0,涉县
economical_county,1995,829,1,0.0,石拐区
economical_county,1995,830,1,0.0,镇坪县
economical_county,1995,831,1,0.0,吴起县
economical_county,1995,832,1,0.0,奎文区
economical_county,1995,833,1,0.0,平乡县
economical_county,1995,834,1,0.0,深州市
economical_county,1995,835,1,0.0,卓尼县
economical_county,1995,836,1,0.0,古田县
economical_county,1995,837,1,0.0,涿鹿县
economical_county,1995,838,1,0.0,谢通门县
economical_county,1995,839,1,0.0,招远市
economical_county,1995,840,1,0.0,福山区
economical_county,1995,841,1,0.0,桓仁满族自治县
economical_county,1995,842,1,0.0,桥东区
economical_county,1995,843,1,0.0,恒山区
economical_county,1995,844,1,0.0,雄县
economical_county,1995,845,1,0.0,峨山彝族自治县
economical_county,1995,846,1,0.0,宁国市
economical_county,1995,847,1,0.0,永顺县
economical_county,1995,848,1,0.0,石台县
economical_county,1995,849,1,0.0,东阿县
economical_county,1995,850,1,0.0,蒸湘区
economical_county,1995,851,2,1.0,"高青县, 周村区"
economical_county,1995,852,1,0.0,馆陶县
economical_county,1995,853,1,0.0,徐水区
economical_county,1995,854,1,0.0,翠峦区
economical_county,1995,855,1,0.0,永昌县
economical_county,1995,856,1,0.0,海林市
economical_county,1995,857,1,0.0,莲花县
economical_county,1995,858,1,0.0,盐津县
economical_county,1995,859,1,0.0,饶阳县
economical_county,1995,860,1,0.0,昭平县
economical_county,1995,861,1,0.0,崇明区
economical_county,1995,862,2,1.0,"双塔区, 龙城区"
economical_county,1995,863,1,0.0,乳山市
economical_county,1995,864,1,0.0,天元区
economical_county,1995,865,1,0.0,衡山县
economical_county,1995,866,1,0.0,信丰县
economical_county,1995,867,1,0.0,黔江区
economical_county,1995,868,1,0.0,成安县
economical_county,1995,869,1,0.0,什邡市
economical_county,1995,870,1,0.0,深泽县
economical_county,1995,871,1,0.0,台安县
economical_county,1995,872,1,0.0,富民县
economical_county,1995,873,1,0.0,晋宁区
economical_county,1995,874,1,0.0,白塔区
economical_county,1995,875,1,0.0,新宾满族自治县
economical_county,1995,876,1,0.0,海陵区
economical_county,1995,877,1,0.0,永修县
economical_county,1995,878,1,0.0,平江县
economical_county,1995,879,1,0.0,青川县
economical_county,1995,880,1,0.0,峨边彝族自治县
economical_county,1995,881,1,0.0,长清区
economical_county,1995,882,1,0.0,广汉市
economical_county,1995,883,1,0.0,保靖县
economical_county,1995,884,1,0.0,本溪满族自治县
economical_county,1995,885,1,0.0,普兰县
economical_county,1995,886,1,0.0,麻阳苗族自治县
economical_county,1995,887,1,0.0,浚县
economical_county,1995,888,1,0.0,烈山区
economical_county,1995,889,1,0.0,千阳县
economical_county,1995,890,1,0.0,环翠区
economical_county,1995,891,2,2.0,"都昌县, 昌江区"
economical_county,1995,892,1,0.0,潼关县
economical_county,1995,893,1,0.0,贵定县
economical_county,1995,894,1,0.0,潘集区
economical_county,1995,895,1,0.0,望都县
economical_county,1995,896,1,0.0,昂昂溪区
economical_county,1995,897,1,0.0,西林县
economical_county,1995,898,1,0.0,翁牛特旗
economical_county,1995,899,1,0.0,舞钢市
economical_county,1995,900,1,0.0,绥江县
economical_county,1995,901,1,0.0,新沂市
economical_county,1995,902,1,0.0,务川仡佬族苗族自治县
economical_county,1995,903,2,1.0,"迁西县, 迁安市"
economical_county,1995,904,1,0.0,冠县
economical_county,1995,905,1,0.0,铁西区
economical_county,1995,906,1,0.0,海安市
economical_county,1995,907,1,0.0,德江县
economical_county,1995,908,1,0.0,宁陵县
economical_county,1995,909,1,0.0,吉利区
economical_county,1995,910,1,0.0,从江县
economical_county,1995,911,1,0.0,广陵区
economical_county,1995,912,1,0.0,黄石港区
economical_county,1995,913,1,0.0,江海区
economical_county,1995,914,1,0.0,德化县
economical_county,1995,915,1,0.0,喜德县
economical_county,1995,916,1,0.0,万源市
economical_county,1995,917,1,0.0,仁布县
economical_county,1995,918,1,0.0,昭觉县
economical_county,1995,919,1,0.0,民勤县
economical_county,1995,920,1,0.0,资阳区
economical_county,1995,921,1,0.0,武城县
economical_county,1995,922,1,0.0,钟楼区
economical_county,1995,923,1,0.0,翔安区
economical_county,1995,924,1,0.0,新兴县
economical_county,1995,925,1,0.0,大田县
economical_county,1995,926,1,0.0,九寨沟县
economical_county,1995,927,1,0.0,广宗县
economical_county,1995,928,1,0.0,蒲江县
economical_county,1995,929,1,0.0,宽城满族自治县
economical_county,1995,930,1,0.0,塔城市
economical_county,1995,931,1,0.0,获嘉县
economical_county,1995,932,1,0.0,田林县
economical_county,1995,933,1,0.0,曲阳县
economical_county,1995,934,1,0.0,五营区
economical_county,1995,935,1,0.0,细河区
economical_county,1995,936,1,0.0,荥经县
economical_county,1995,937,1,0.0,乐业县
economical_county,1995,938,1,0.0,桓台县
economical_county,1995,939,1,0.0,坊子区
economical_county,1995,940,1,0.0,栖霞市
economical_county,1995,941,1,0.0,乌审旗
economical_county,1995,942,1,0.0,赤坎区
economical_county,1995,943,1,0.0,嘉禾县
economical_county,1995,944,1,0.0,梅里斯达斡尔族区
economical_county,1995,945,1,0.0,海晏县
economical_county,1995,946,1,0.0,云龙县
economical_county,1995,947,1,0.0,振安区
economical_county,1995,948,1,0.0,闻喜县
economical_county,1995,949,1,0.0,两当县
economical_county,1995,950,1,0.0,翼城县
economical_county,1995,951,1,0.0,瑞昌市
economical_county,1995,952,1,0.0,沁阳市
economical_county,1995,953,1,0.0,赤水市
economical_county,1995,954,1,0.0,泽普县
economical_county,1995,955,1,0.0,环江毛南族自治县
economical_county,1995,956,1,0.0,榕江县
economical_county,1995,957,1,0.0,岱山县
economical_county,1995,958,1,0.0,南和县
economical_county,1995,959,1,0.0,汤旺河区
economical_county,1995,960,1,0.0,淇滨区
economical_county,1995,961,1,0.0,靖州苗族侗族自治县
economical_county,1995,962,1,0.0,丹寨县
economical_county,1995,963,1,0.0,北川羌族自治县
economical_county,1995,964,1,0.0,桃源县
economical_county,1995,965,1,0.0,徽县
economical_county,1995,966,1,0.0,邗江区
economical_county,1995,967,1,0.0,爱辉区
economical_county,1995,968,1,0.0,镇远县
economical_county,1995,969,1,0.0,平远县
economical_county,1995,970,1,0.0,黟县
economical_county,1995,971,1,0.0,雷波县
economical_county,1995,972,1,0.0,和田县
economical_county,1995,973,1,0.0,分宜县
economical_county,1995,974,1,0.0,浮梁县
economical_county,1995,975,1,0.0,清苑区
economical_county,1995,976,1,0.0,咸丰县
economical_county,1995,977,1,0.0,杜集区
economical_county,1995,978,1,0.0,泗县
economical_county,1995,979,1,0.0,当雄县
economical_county,1995,980,1,0.0,呼玛县
economical_county,1995,981,1,0.0,站前区
economical_county,1995,982,1,0.0,临淄区
economical_county,1995,983,1,0.0,浦北县
economical_county,1995,984,1,0.0,坡头区
economical_county,1995,985,1,0.0,巴马瑶族自治县
economical_county,1995,986,1,0.0,临西县
economical_county,1995,987,1,0.0,于田县
economical_county,1995,988,1,0.0,阿克陶县
economical_county,1995,989,1,0.0,临邑县
economical_county,1995,990,1,0.0,鼎湖区
economical_county,1995,991,1,0.0,湖口县
economical_county,1995,992,1,0.0,龙文区
economical_county,1995,993,1,0.0,凤山县
economical_county,1995,994,1,0.0,清流县
economical_county,1995,995,1,0.0,建始县
economical_county,1995,996,1,0.0,武宁县
economical_county,1995,997,1,0.0,万安县
economical_county,1995,998,1,0.0,庆元县
economical_county,1995,999,1,0.0,鱼台县
economical_county,1995,1000,1,0.0,费县
economical_county,1995,1001,1,0.0,易门县
economical_county,1995,1002,1,0.0,南靖县
economical_county,1995,1003,1,0.0,柏乡县
economical_county,1995,1004,1,0.0,井陉矿区
economical_county,1995,1005,1,0.0,玉龙纳西族自治县
economical_county,1995,1006,1,0.0,富拉尔基区
economical_county,1995,1007,1,0.0,源汇区
economical_county,1995,1008,1,0.0,花垣县
economical_county,1995,1009,1,0.0,乌拉特中旗
economical_county,1995,1010,1,0.0,布拖县
economical_county,1995,1011,1,0.0,桂东县
economical_county,1995,1012,1,0.0,泰和县
economical_county,1995,1013,1,0.0,东营区
economical_county,1995,1014,1,0.0,长泰县
economical_county,1995,1015,1,0.0,黎川县
economical_county,1995,1016,1,0.0,龙港区
economical_county,1995,1017,1,0.0,博野县
economical_county,1995,1018,1,0.0,振兴区
economical_county,1995,1019,1,0.0,临沭县
economical_county,1995,1020,1,0.0,永仁县
economical_county,1995,1021,1,0.0,独山子区
economical_county,1995,1022,1,0.0,柞水县
economical_county,1995,1023,1,0.0,磐安县
economical_county,1995,1024,1,0.0,米林县
economical_county,1995,1025,1,0.0,屏南县
economical_county,1995,1026,1,0.0,滨江区
economical_county,1995,1027,1,0.0,连南瑶族自治县
economical_county,1995,1028,1,0.0,武邑县
economical_county,1995,1029,1,0.0,铁岭县
economical_county,1995,1030,1,0.0,峡江县
economical_county,1995,1031,1,0.0,新和县
economical_county,1995,1032,1,0.0,察隅县
economical_county,1995,1033,1,0.0,海阳市
economical_county,1995,1034,1,0.0,宁南县
economical_county,1995,1035,1,0.0,新兴区
economical_county,1995,1036,1,0.0,内丘县
economical_county,1995,1037,1,0.0,南岳区
economical_county,1995,1038,1,0.0,黎城县
economical_county,1995,1039,1,0.0,西峡县
economical_county,1995,1040,1,0.0,舟曲县
economical_county,1995,1041,1,0.0,定海区
economical_county,1995,1042,1,0.0,徽州区
economical_county,1995,1043,1,0.0,南乐县
economical_county,1995,1044,1,0.0,炎陵县
economical_county,1995,1045,1,0.0,翁源县
economical_county,1995,1046,1,0.0,芦溪县
economical_county,1995,1047,1,0.0,安源区
economical_county,1995,1048,1,0.0,马村区
economical_county,1995,1049,1,0.0,徐闻县
economical_county,1995,1050,1,0.0,万秀区
economical_county,1995,1051,1,0.0,麟游县
economical_county,1995,1052,1,0.0,上杭县
economical_county,1995,1053,1,0.0,石渠县
economical_county,1995,1054,1,0.0,湖滨区
economical_county,1995,1055,1,0.0,北塔区
economical_county,1995,1056,1,0.0,衢江区
economical_county,1995,1057,1,0.0,建湖县
economical_county,1995,1058,1,0.0,白河县
economical_county,1995,1059,1,0.0,普格县
economical_county,1995,1060,1,0.0,桦川县
economical_county,1995,1061,1,0.0,花山区
economical_county,1995,1062,1,0.0,鹤峰县
economical_county,1995,1063,1,0.0,民乐县
economical_county,1995,1064,1,0.0,金秀瑶族自治县
economical_county,1995,1065,1,0.0,甘泉县
economical_county,1995,1066,1,0.0,东光县
economical_county,1995,1067,1,0.0,端州区
economical_county,1995,1068,1,0.0,库伦旗
economical_county,1995,1069,1,0.0,八公山区
economical_county,1995,1070,1,0.0,迭部县
economical_county,1995,1071,1,0.0,响水县
economical_county,1995,1072,1,0.0,台江县
economical_county,1995,1073,1,0.0,思南县
economical_county,1995,1074,1,0.0,白水县
economical_county,1995,1075,1,0.0,杜尔伯特蒙古族自治县
economical_county,1995,1076,1,0.0,乐安县
economical_county,1995,1077,1,0.0,岑巩县
economical_county,1995,1078,1,0.0,元宝山区
economical_county,1995,1079,1,0.0,蒲县
economical_county,1995,1080,1,0.0,盐源县
economical_county,1995,1081,1,0.0,云城区
economical_county,1995,1082,1,0.0,广平县
economical_county,1995,1083,1,0.0,阳朔县
economical_county,1995,1084,1,0.0,泽库县
economical_county,1995,1085,1,0.0,资源县
economical_county,1995,1086,1,0.0,南涧彝族自治县
economical_county,1995,1087,1,0.0,冕宁县
economical_county,1995,1088,1,0.0,宝兴县
economical_county,1995,1089,1,0.0,霞浦县
economical_county,1995,1090,1,0.0,岢岚县
economical_county,1995,1091,1,0.0,掇刀区
economical_county,1995,1092,1,0.0,洱源县
economical_county,1995,1093,1,0.0,嘉祥县
economical_county,1995,1094,1,0.0,凤阳县
economical_county,1995,1095,1,0.0,顺庆区
economical_county,1995,1096,1,0.0,凤台县
economical_county,1995,1097,1,0.0,湘桥区
economical_county,1995,1098,1,0.0,四方台区
economical_county,1995,1099,1,0.0,红星区
economical_county,1995,1100,1,0.0,明溪县
economical_county,1995,1101,1,0.0,漾濞彝族自治县
economical_county,1995,1102,1,0.0,万年县
economical_county,1995,1103,1,0.0,前进区
economical_county,1995,1104,1,0.0,曲江区
economical_county,1995,1105,1,0.0,光泽县
economical_county,1995,1106,1,0.0,门头沟区
economical_county,1995,1107,1,0.0,留坝县
economical_county,1995,1108,1,0.0,武强县
economical_county,1995,1109,1,0.0,中站区
economical_county,1995,1110,1,0.0,福贡县
economical_county,1995,1111,1,0.0,襄垣县
economical_county,1995,1112,1,0.0,红原县
economical_county,1995,1113,1,0.0,达坂城区
economical_county,1995,1114,1,0.0,贵德县
economical_county,1995,1115,1,0.0,松潘县
economical_county,1995,1116,1,0.0,黑水县
economical_county,1995,1117,1,0.0,额济纳旗
economical_county,1995,1118,1,0.0,禹城市
economical_county,1995,1119,1,0.0,大厂回族自治县
economical_county,1995,1120,1,0.0,石龙区
economical_county,1995,1121,1,0.0,城区
economical_county,1995,1122,1,0.0,南票区
economical_county,1995,1123,1,0.0,博山区
economical_county,1995,1124,1,0.0,龙胜各族自治县
economical_county,1995,1125,1,0.0,银州区
economical_county,1995,1126,1,0.0,韶山市
economical_county,1995,1127,1,0.0,拉孜县
economical_county,1995,1128,1,0.0,金湖县
economical_county,1995,1129,1,0.0,南山区
economical_county,1995,1130,1,0.0,高港区
economical_county,1995,1131,1,0.0,麻山区
economical_county,1995,1132,1,0.0,西塞山区
economical_county,1995,1133,1,0.0,荔波县
economical_county,1995,1134,1,0.0,武江区
economical_county,1995,1135,1,0.0,江华瑶族自治县
economical_county,1995,1136,1,0.0,东风区
economical_county,1995,1137,1,0.0,永清县
economical_county,1995,1138,1,0.0,岳西县
economical_county,1995,1139,1,0.0,萨嘎县
economical_county,1995,1140,1,0.0,永新县
economical_county,1995,1141,1,0.0,淇县
economical_county,1995,1142,1,0.0,亚东县
economical_county,1995,1143,1,0.0,神农架林区
economical_county,1995,1144,1,0.0,下花园区
economical_county,1995,1145,1,0.0,日土县
economical_county,1995,1146,1,0.0,理县
economical_county,1995,1147,1,0.0,镇康县
economical_county,1995,1148,1,0.0,麻章区
economical_county,1995,1149,1,0.0,始兴县
economical_county,1995,1150,1,0.0,建邺区
economical_county,1995,1151,1,0.0,井冈山市
economical_county,1995,1152,1,0.0,鹤山区
economical_county,1995,1153,1,0.0,庐山市
economical_county,1995,1154,1,0.0,凤庆县
economical_county,1995,1155,1,0.0,洛川县
economical_county,1995,1156,1,0.0,西市区
economical_county,1995,1157,1,0.0,那坡县
economical_county,1995,1158,1,0.0,古冶区
economical_county,1995,1159,1,0.0,朗县
economical_county,1995,1160,1,0.0,玛沁县
economical_county,1995,1161,1,0.0,东山县
economical_county,1995,1162,1,0.0,濠江区
economical_county,1995,1163,1,0.0,阳东区
economical_county,1995,1164,1,0.0,定结县
economical_county,1995,1165,1,0.0,陆河县
economical_county,1995,1166,1,0.0,冀州区
economical_county,1995,1167,1,0.0,乐昌市
economical_county,1995,1168,1,0.0,广昌县
economical_county,1995,1169,1,0.0,册亨县
economical_county,1995,1170,1,0.0,凌云县
economical_county,1995,1171,1,0.0,巴林右旗
economical_county,1995,1172,1,0.0,白碱滩区
economical_county,1995,1173,1,0.0,尖扎县
economical_county,1995,1174,1,0.0,贵南县
economical_county,1995,1175,1,0.0,吉木乃县
economical_county,1995,1176,1,0.0,新抚区
economical_county,1995,1177,1,0.0,云龙区
economical_county,1995,1178,1,0.0,白沙黎族自治县
economical_county,1995,1179,1,0.0,东乡区
economical_county,1995,1180,1,0.0,城子河区
economical_county,1995,1181,1,0.0,京口区
economical_county,1995,1182,1,0.0,蒙山县
economical_county,1995,1183,1,0.0,德安县
economical_county,1995,1184,1,0.0,安福县
economical_county,1995,1185,1,0.0,班玛县
economical_county,1995,1186,1,0.0,太白县
economical_county,1995,1187,1,0.0,阿尔山市
economical_county,1995,1188,1,0.0,蕉岭县
economical_county,1995,1189,1,0.0,玛多县
economical_county,1995,1190,1,0.0,革吉县
economical_county,1995,1191,1,0.0,札达县
economical_county,1995,1192,1,0.0,杂多县
economical_county,1995,1193,1,0.0,赣榆区
economical_county,1995,1194,1,0.0,改则县
economical_county,1995,1195,1,0.0,乌恰县
economical_county,1995,1196,1,0.0,溧水区
economical_county,1995,1197,1,0.0,平谷区
economical_county,1995,1198,1,0.0,若尔盖县
economical_county,1995,1199,1,0.0,青河县
economical_county,1995,1200,1,0.0,佛冈县
economical_county,1995,1201,1,0.0,金山屯区
economical_county,1995,1202,1,0.0,叶集区
economical_county,1995,1203,1,0.0,龙安区
economical_county,1995,1204,1,0.0,治多县
economical_county,1995,1205,1,0.0,建宁县
economical_county,1995,1206,1,0.0,鹰手营子矿区
economical_county,1995,1207,1,0.0,德昌县
economical_county,1995,1208,1,0.0,哈巴河县
economical_county,1995,1209,1,0.0,乌拉特后旗
economical_county,1995,1210,1,0.0,平塘县
economical_county,1995,1211,1,0.0,文圣区
economical_county,1995,1212,1,0.0,特克斯县
economical_county,1995,1213,1,0.0,向阳区
economical_county,1995,1214,1,0.0,阿拉山口市
economical_county,1995,1215,1,0.0,博兴县
economical_county,1995,1216,1,0.0,山城区
economical_county,1995,1217,1,0.0,新巴尔虎右旗
economical_county,1995,1218,1,0.0,泸定县
economical_county,1995,1219,1,0.0,润州区
economical_county,1995,1220,1,0.0,阿坝县
economical_county,1995,1221,1,0.0,召陵区
economical_county,1995,1222,1,0.0,沂源县
economical_county,1995,1223,1,0.0,铜鼓县
economical_county,1995,1224,1,0.0,梅江区
economical_county,1995,1225,1,0.0,白云鄂博矿区
economical_county,1995,1226,1,0.0,带岭区
economical_county,1995,1227,1,0.0,孙吴县
economical_county,1995,1228,1,0.0,桃山区
economical_county,1995,1229,1,0.0,广饶县
economical_county,1995,1230,1,0.0,点军区
economical_county,1995,1231,1,0.0,金口河区
economical_county,1995,1232,1,0.0,古丈县
economical_county,1995,1233,1,0.0,吉隆县
economical_county,1995,1234,1,0.0,阿合奇县
economical_county,1995,1235,1,0.0,德钦县
economical_county,1995,1236,1,0.0,木里藏族自治县
economical_county,1995,1237,1,0.0,曲麻莱县
economical_county,1995,1238,1,0.0,泰宁县
economical_county,1995,1239,1,0.0,定南县
economical_county,1995,1240,1,0.0,上甘岭区
economical_county,1995,1241,1,0.0,乡城县
economical_county,1995,1242,1,0.0,嵊泗县
economical_county,1995,1243,1,0.0,塔什库尔干塔吉克自治县
economical_county,1995,1244,1,0.0,裕民县
economical_county,1995,1245,1,0.0,阿拉善右旗
economical_county,1995,1246,1,0.0,甘洛县
economical_county,1995,1247,1,0.0,梁子湖区
economical_county,1995,1248,1,0.0,鄂温克族自治旗
economical_county,1995,1249,1,0.0,长白朝鲜族自治县
economical_county,1995,1250,1,0.0,黄龙县
economical_county,1995,1251,1,0.0,清河门区
economical_county,1995,1252,1,0.0,容城县
economical_county,1995,1253,1,0.0,仲巴县
economical_county,1995,1254,1,0.0,镶黄旗
economical_county,1995,1255,1,0.0,阿克塞哈萨克族自治县
economical_county,1995,1256,1,0.0,下陆区
economical_county,1995,1257,1,0.0,佛坪县
economical_county,1995,1258,1,0.0,囊谦县
economical_county,1995,1259,1,0.0,兴山区
economical_county,1995,1260,1,0.0,聂拉木县
economical_county,1995,1261,1,0.0,东乌珠穆沁旗
economical_county,1995,1262,1,0.0,永平县
economical_county,1995,1263,1,0.0,得荣县
economical_county,1995,1264,1,0.0,民丰县
economical_county,1995,1265,1,0.0,甘德县
economical_county,1995,1266,1,0.0,雅江县
economical_county,1995,1267,1,0.0,乌马河区
economical_county,1995,1268,1,0.0,碌曲县
economical_county,1995,1269,1,0.0,武陵源区
economical_county,1995,1270,1,0.0,道孚县
economical_county,1995,1271,1,0.0,赣县区
economical_county,1995,1272,1,0.0,东宁市
economical_county,1995,1273,1,0.0,普兰店区
economical_county,1995,1274,1,0.0,陕州区
economical_county,1995,1275,1,0.0,沾益区
economical_county,1995,1276,1,0.0,措勤县
economical_county,1995,1277,1,0.0,加格达奇区
economical_county,1995,1278,1,0.0,市北区
economical_county,1995,1279,1,0.0,武鸣区
economical_county,1995,1280,1,0.0,蓟州区
economical_county,1995,1281,1,0.0,延庆区
economical_county,1995,1282,1,0.0,铜山区
economical_county,1995,1283,1,0.0,垦利区
economical_county,1995,1284,1,0.0,通州区
economical_county,1995,1285,1,0.0,义安区
economical_county,2000,0,162,6.049382716049383,"贵溪市, 青山湖区, 丰泽区"
economical_county,2000,1,228,6.2368421052631575,"濂溪区, 南山区, 邻水县"
economical_county,2000,2,286,6.06993006993007,"通川区, 青神县, 路桥区"
economical_county,2000,3,224,4.776785714285714,"克山县, 鲅鱼圈区, 船营区"
economical_county,2000,4,148,5.304054054054054,"官渡区, 昌宁县, 六枝特区"
economical_county,2000,5,228,8.355263157894736,"江干区, 寿县, 肥东县"
economical_county,2000,6,1,0.0,巢湖市
economical_county,2000,7,68,5.6911764705882355,"东明县, 新郑市, 米脂县"
economical_county,2000,8,168,5.363095238095238,"营山县, 高县, 平阳县"
economical_county,2000,9,1,0.0,永和县
economical_county,2000,10,75,5.8533333333333335,"武昌区, 黄陂区, 仙桃市"
economical_county,2000,11,1,0.0,永德县
economical_county,2000,12,1,0.0,腾冲市
economical_county,2000,13,1,0.0,墨玉县
economical_county,2000,14,1,0.0,久治县
economical_county,2000,15,130,4.576923076923077,"隆林各族自治县, 惠济区, 赤壁市"
economical_county,2000,16,1,0.0,石城县
economical_county,2000,17,70,4.314285714285714,"金水区, 平遥县, 浮山县"
economical_county,2000,18,1,0.0,雨山区
economical_county,2000,19,63,7.412698412698413,"东河区, 商都县, 托克托县"
economical_county,2000,20,1,0.0,松溪县
economical_county,2000,21,1,0.0,黎平县
economical_county,2000,22,1,0.0,乾安县
economical_county,2000,23,2,1.0,"柳林县, 中阳县"
economical_county,2000,24,1,0.0,布尔津县
economical_county,2000,25,1,0.0,罗甸县
economical_county,2000,26,1,0.0,平武县
economical_county,2000,27,1,0.0,黄陵县
economical_county,2000,28,1,0.0,雁山区
economical_county,2000,29,43,6.372093023255814,"琼海市, 吉阳区, 镇海区"
economical_county,2000,30,1,0.0,玉屏侗族自治县
economical_county,2000,31,5,1.8,"矿区, 盂县, 城区"
economical_county,2000,32,1,0.0,泊头市
economical_county,2000,33,1,0.0,乡宁县
economical_county,2000,34,1,0.0,禹王台区
economical_county,2000,35,1,0.0,太和区
economical_county,2000,36,1,0.0,兴隆县
economical_county,2000,37,2,1.0,"靖安县, 松阳县"
economical_county,2000,38,1,0.0,曲沃县
economical_county,2000,39,1,0.0,友谊县
economical_county,2000,40,63,3.7301587301587302,"裕华区, 红桥区, 句容市"
economical_county,2000,41,1,0.0,平利县
economical_county,2000,42,1,0.0,额敏县
economical_county,2000,43,1,0.0,阿城区
economical_county,2000,44,1,0.0,望花区
economical_county,2000,45,1,0.0,大同区
economical_county,2000,46,1,0.0,霍州市
economical_county,2000,47,1,0.0,汾西县
economical_county,2000,48,1,0.0,临武县
economical_county,2000,49,216,6.032407407407407,"睢县, 兰考县, 临渭区"
economical_county,2000,50,1,0.0,新昌县
economical_county,2000,51,1,0.0,迎江区
economical_county,2000,52,1,0.0,泸西县
economical_county,2000,53,1,0.0,太子河区
economical_county,2000,54,1,0.0,红古区
economical_county,2000,55,1,0.0,云县
economical_county,2000,56,2,1.0,"正蓝旗, 多伦县"
economical_county,2000,57,1,0.0,友好区
economical_county,2000,58,1,0.0,曹妃甸区
economical_county,2000,59,2,1.0,"肥乡区, 萨迦县"
economical_county,2000,60,1,0.0,宝山区
economical_county,2000,61,1,0.0,乌尔禾区
economical_county,2000,62,1,0.0,薛城区
economical_county,2000,63,1,0.0,临江市
economical_county,2000,64,2,1.0,"鲁甸县, 孟连傣族拉祜族佤族自治县"
economical_county,2000,65,1,0.0,永善县
economical_county,2000,66,1,0.0,石阡县
economical_county,2000,67,1,0.0,双江拉祜族佤族布朗族傣族自治县
economical_county,2000,68,1,0.0,金阳县
economical_county,2000,69,1,0.0,行唐县
economical_county,2000,70,1,0.0,河南蒙古族自治县
economical_county,2000,71,1,0.0,涞源县
economical_county,2000,72,1,0.0,柘荣县
economical_county,2000,73,1,0.0,镇沅彝族哈尼族拉祜族自治县
economical_county,2000,74,1,0.0,崇信县
economical_county,2000,75,2,1.0,"孟州市, 牧野区"
economical_county,2000,76,1,0.0,乌伊岭区
economical_county,2000,77,1,0.0,宜丰县
economical_county,2000,78,1,0.0,科尔沁右翼中旗
economical_county,2000,79,1,0.0,抚宁区
economical_county,2000,80,1,0.0,南芬区
economical_county,2000,81,2,1.0,"古县, 安泽县"
economical_county,2000,82,1,0.0,宕昌县
economical_county,2000,83,1,0.0,当涂县
economical_county,2000,84,1,0.0,右玉县
economical_county,2000,85,1,0.0,双柏县
economical_county,2000,86,1,0.0,保亭黎族苗族自治县
economical_county,2000,87,1,0.0,呈贡区
economical_county,2000,88,2,1.0,"立山区, 建昌县"
economical_county,2000,89,1,0.0,锦屏县
economical_county,2000,90,1,0.0,华坪县
economical_county,2000,91,1,0.0,绥滨县
economical_county,2000,92,1,0.0,沁水县
economical_county,2000,93,1,0.0,宁陕县
economical_county,2000,94,2,1.0,"陈巴尔虎旗, 吉首市"
economical_county,2000,95,1,0.0,垣曲县
economical_county,2000,96,1,0.0,邛崃市
economical_county,2000,97,1,0.0,邱县
economical_county,2000,98,1,0.0,鹿泉区
economical_county,2000,99,1,0.0,元阳县
economical_county,2000,100,1,0.0,凤县
economical_county,2000,101,1,0.0,岚山区
economical_county,2000,102,1,0.0,新青区
economical_county,2000,103,1,0.0,调兵山市
economical_county,2000,104,1,0.0,左权县
economical_county,2000,105,1,0.0,义马市
economical_county,2000,106,1,0.0,宁武县
economical_county,2000,107,1,0.0,肃南裕固族自治县
economical_county,2000,108,1,0.0,二道江区
economical_county,2000,109,1,0.0,江源区
economical_county,2000,110,1,0.0,岭东区
economical_county,2000,111,1,0.0,沙雅县
economical_county,2000,112,1,0.0,五莲县
economical_county,2000,113,1,0.0,金城江区
economical_county,2000,114,1,0.0,老边区
economical_county,2000,115,1,0.0,鹤庆县
economical_county,2000,116,1,0.0,吴桥县
economical_county,2000,117,1,0.0,开平区
economical_county,2000,118,1,0.0,弋江区
economical_county,2000,119,1,0.0,洞头区
economical_county,2000,120,1,0.0,滦南县
economical_county,2000,121,1,0.0,云溪区
economical_county,2000,122,1,0.0,伽师县
economical_county,2000,123,1,0.0,崖州区
economical_county,2000,124,1,0.0,淮阴区
economical_county,2000,125,1,0.0,隆阳区
economical_county,2000,126,1,0.0,岚皋县
economical_county,2000,127,1,0.0,八步区
economical_county,2000,128,1,0.0,连山区
economical_county,2000,129,1,0.0,奇台县
economical_county,2000,130,1,0.0,新田县
economical_county,2000,131,1,0.0,全南县
economical_county,2000,132,1,0.0,正定县
economical_county,2000,133,1,0.0,华蓥市
economical_county,2000,134,1,0.0,武定县
economical_county,2000,135,1,0.0,祁县
economical_county,2000,136,1,0.0,抚顺县
economical_county,2000,137,1,0.0,白玉县
economical_county,2000,138,1,0.0,溪湖区
economical_county,2000,139,1,0.0,道真仡佬族苗族自治县
economical_county,2000,140,1,0.0,江口县
economical_county,2000,141,2,1.0,"芒市, 龙陵县"
economical_county,2000,142,1,0.0,察布查尔锡伯自治县
economical_county,2000,143,1,0.0,饶河县
economical_county,2000,144,1,0.0,理塘县
economical_county,2000,145,1,0.0,石林彝族自治县
economical_county,2000,146,1,0.0,鹿寨县
economical_county,2000,147,1,0.0,策勒县
economical_county,2000,148,1,0.0,沧源佤族自治县
economical_county,2000,149,1,0.0,丛台区
economical_county,2000,150,1,0.0,大宁县
economical_county,2000,151,1,0.0,江阳区
economical_county,2000,152,1,0.0,贡山独龙族怒族自治县
economical_county,2000,153,2,1.0,"剑河县, 镇远县"
economical_county,2000,154,1,0.0,清河区
economical_county,2000,155,1,0.0,莎车县
economical_county,2000,156,1,0.0,大余县
economical_county,2000,157,1,0.0,敦煌市
economical_county,2000,158,1,0.0,宜君县
economical_county,2000,159,1,0.0,广灵县
economical_county,2000,160,1,0.0,涞水县
economical_county,2000,161,1,0.0,宾川县
economical_county,2000,162,1,0.0,靖宇县
economical_county,2000,163,1,0.0,温泉县
economical_county,2000,164,1,0.0,千山区
economical_county,2000,165,1,0.0,临翔区
economical_county,2000,166,1,0.0,江永县
economical_county,2000,167,1,0.0,滴道区
economical_county,2000,168,1,0.0,博爱县
economical_county,2000,169,1,0.0,集安市
economical_county,2000,170,1,0.0,夹江县
economical_county,2000,171,1,0.0,西畴县
economical_county,2000,172,1,0.0,富宁县
economical_county,2000,173,1,0.0,桦甸市
economical_county,2000,174,1,0.0,古塔区
economical_county,2000,175,1,0.0,蒙阴县
economical_county,2000,176,1,0.0,南岔区
economical_county,2000,177,1,0.0,麻栗坡县
economical_county,2000,178,1,0.0,榕城区
economical_county,2000,179,1,0.0,阳明区
economical_county,2000,180,1,0.0,兴海县
economical_county,2000,181,1,0.0,美姑县
economical_county,2000,182,1,0.0,阳西县
economical_county,2000,183,1,0.0,剑川县
economical_county,2000,184,1,0.0,石楼县
economical_county,2000,185,1,0.0,嵩明县
economical_county,2000,186,1,0.0,新巴尔虎左旗
economical_county,2000,187,1,0.0,江川区
economical_county,2000,188,1,0.0,郾城区
economical_county,2000,189,1,0.0,康巴什区
economical_county,2000,190,2,1.0,"新河县, 渑池县"
economical_county,2000,191,1,0.0,北戴河区
economical_county,2000,192,1,0.0,瓮安县
economical_county,2000,193,1,0.0,梁河县
economical_county,2000,194,1,0.0,通许县
economical_county,2000,195,1,0.0,天峨县
economical_county,2000,196,1,0.0,石棉县
economical_county,2000,197,1,0.0,保康县
economical_county,2000,198,1,0.0,师宗县
economical_county,2000,199,1,0.0,沅陵县
economical_county,2000,200,1,0.0,隰县
economical_county,2000,201,1,0.0,方山县
economical_county,2000,202,1,0.0,卢龙县
economical_county,2000,203,1,0.0,南丰县
economical_county,2000,204,1,0.0,汝阳县
economical_county,2000,205,1,0.0,长岛县
economical_county,2000,206,1,0.0,托克逊县
economical_county,2000,207,1,0.0,且末县
economical_county,2000,208,1,0.0,晴隆县
economical_county,2000,209,1,0.0,钟山县
economical_county,2000,210,1,0.0,城步苗族自治县
economical_county,2000,211,1,0.0,江城哈尼族彝族自治县
economical_county,2000,212,1,0.0,商南县
economical_county,2000,213,1,0.0,资兴市
economical_county,2000,214,1,0.0,双滦区
economical_county,2000,215,1,0.0,洛浦县
economical_county,2000,216,1,0.0,高唐县
economical_county,2000,217,1,0.0,雷山县
economical_county,2000,218,1,0.0,魏都区
economical_county,2000,219,1,0.0,台前县
economical_county,2000,220,1,0.0,华宁县
economical_county,2000,221,1,0.0,宜川县
economical_county,2000,222,1,0.0,会同县
economical_county,2000,223,1,0.0,龙门县
economical_county,2000,224,1,0.0,大关县
economical_county,2000,225,1,0.0,白朗县
economical_county,2000,226,2,1.0,"兰坪白族普米族自治县, 永胜县"
economical_county,2000,227,1,0.0,金塔县
economical_county,2000,228,1,0.0,镇巴县
economical_county,2000,229,1,0.0,长洲区
economical_county,2000,230,1,0.0,正宁县
economical_county,2000,231,1,0.0,凌河区
economical_county,2000,232,1,0.0,称多县
economical_county,2000,233,1,0.0,茂南区
economical_county,2000,234,1,0.0,逊克县
economical_county,2000,235,1,0.0,铁锋区
economical_county,2000,236,1,0.0,印台区
economical_county,2000,237,1,0.0,阳城县
economical_county,2000,238,1,0.0,施秉县
economical_county,2000,239,1,0.0,神池县
economical_county,2000,240,1,0.0,元谋县
economical_county,2000,241,1,0.0,淮上区
economical_county,2000,242,1,0.0,盈江县
economical_county,2000,243,1,0.0,越西县
economical_county,2000,244,1,0.0,阿勒泰市
economical_county,2000,245,1,0.0,同仁县
economical_county,2000,246,1,0.0,太平区
economical_county,2000,247,1,0.0,陇县
economical_county,2000,248,1,0.0,富蕴县
economical_county,2000,249,1,0.0,望谟县
economical_county,2000,250,1,0.0,恭城瑶族自治县
economical_county,2000,251,1,0.0,奉化区
economical_county,2000,252,1,0.0,涉县
economical_county,2000,253,1,0.0,石拐区
economical_county,2000,254,1,0.0,镇坪县
economical_county,2000,255,1,0.0,吴起县
economical_county,2000,256,1,0.0,平乡县
economical_county,2000,257,1,0.0,卓尼县
economical_county,2000,258,1,0.0,涿鹿县
economical_county,2000,259,1,0.0,谢通门县
economical_county,2000,260,1,0.0,双台子区
economical_county,2000,261,1,0.0,永顺县
economical_county,2000,262,1,0.0,石台县
economical_county,2000,263,1,0.0,高青县
economical_county,2000,264,1,0.0,翠峦区
economical_county,2000,265,1,0.0,莲花县
economical_county,2000,266,1,0.0,盐津县
economical_county,2000,267,1,0.0,罗源县
economical_county,2000,268,1,0.0,中方县
economical_county,2000,269,1,0.0,昭平县
economical_county,2000,270,2,1.0,"天元区, 汝城县"
economical_county,2000,271,1,0.0,平陆县
economical_county,2000,272,1,0.0,富民县
economical_county,2000,273,1,0.0,新宾满族自治县
economical_county,2000,274,1,0.0,青川县
economical_county,2000,275,1,0.0,峨边彝族自治县
economical_county,2000,276,1,0.0,本溪满族自治县
economical_county,2000,277,1,0.0,普兰县
economical_county,2000,278,1,0.0,碾子山区
economical_county,2000,279,1,0.0,昌江区
economical_county,2000,280,1,0.0,昂昂溪区
economical_county,2000,281,1,0.0,西林县
economical_county,2000,282,1,0.0,绥江县
economical_county,2000,283,1,0.0,海安市
economical_county,2000,284,1,0.0,吉利区
economical_county,2000,285,1,0.0,从江县
economical_county,2000,286,1,0.0,喜德县
economical_county,2000,287,1,0.0,化州市
economical_county,2000,288,1,0.0,仁布县
economical_county,2000,289,1,0.0,昭觉县
economical_county,2000,290,1,0.0,苏尼特左旗
economical_county,2000,291,1,0.0,翔安区
economical_county,2000,292,1,0.0,新兴县
economical_county,2000,293,1,0.0,宽城满族自治县
economical_county,2000,294,1,0.0,陇川县
economical_county,2000,295,1,0.0,五营区
economical_county,2000,296,1,0.0,细河区
economical_county,2000,297,1,0.0,乐业县
economical_county,2000,298,1,0.0,赤坎区
economical_county,2000,299,1,0.0,夏河县
economical_county,2000,300,1,0.0,嘉禾县
economical_county,2000,301,1,0.0,郏县
economical_county,2000,302,1,0.0,两当县
economical_county,2000,303,1,0.0,翼城县
economical_county,2000,304,1,0.0,江北区
economical_county,2000,305,1,0.0,沁阳市
economical_county,2000,306,1,0.0,吉州区
economical_county,2000,307,1,0.0,环江毛南族自治县
economical_county,2000,308,1,0.0,榕江县
economical_county,2000,309,1,0.0,南和县
economical_county,2000,310,1,0.0,汤旺河区
economical_county,2000,311,1,0.0,靖州苗族侗族自治县
economical_county,2000,312,1,0.0,丹寨县
economical_county,2000,313,1,0.0,黄山区
economical_county,2000,314,1,0.0,徽县
economical_county,2000,315,1,0.0,爱辉区
economical_county,2000,316,1,0.0,平顺县
economical_county,2000,317,1,0.0,平远县
economical_county,2000,318,1,0.0,雷波县
economical_county,2000,319,1,0.0,清苑区
economical_county,2000,320,1,0.0,福海县
economical_county,2000,321,1,0.0,坡头区
economical_county,2000,322,1,0.0,临西县
economical_county,2000,323,1,0.0,于田县
economical_county,2000,324,1,0.0,阿克陶县
economical_county,2000,325,1,0.0,柳河县
economical_county,2000,326,1,0.0,湖口县
economical_county,2000,327,1,0.0,永定区
economical_county,2000,328,1,0.0,龙文区
economical_county,2000,329,1,0.0,凤山县
economical_county,2000,330,1,0.0,朝天区
economical_county,2000,331,1,0.0,易门县
economical_county,2000,332,1,0.0,柏乡县
economical_county,2000,333,1,0.0,井陉矿区
economical_county,2000,334,1,0.0,玉龙纳西族自治县
economical_county,2000,335,1,0.0,源汇区
economical_county,2000,336,1,0.0,花垣县
economical_county,2000,337,1,0.0,布拖县
economical_county,2000,338,1,0.0,桂东县
economical_county,2000,339,1,0.0,寿光市
economical_county,2000,340,1,0.0,崇义县
economical_county,2000,341,1,0.0,龙港区
economical_county,2000,342,1,0.0,博野县
economical_county,2000,343,1,0.0,永仁县
economical_county,2000,344,1,0.0,独山子区
economical_county,2000,345,1,0.0,柞水县
economical_county,2000,346,1,0.0,磐安县
economical_county,2000,347,1,0.0,云安区
economical_county,2000,348,1,0.0,连南瑶族自治县
economical_county,2000,349,1,0.0,武邑县
economical_county,2000,350,1,0.0,新平彝族傣族自治县
economical_county,2000,351,1,0.0,新和县
economical_county,2000,352,1,0.0,察隅县
economical_county,2000,353,1,0.0,新晃侗族自治县
economical_county,2000,354,1,0.0,宁南县
economical_county,2000,355,1,0.0,新兴区
economical_county,2000,356,1,0.0,龙亭区
economical_county,2000,357,1,0.0,南岳区
economical_county,2000,358,1,0.0,黎城县
economical_county,2000,359,1,0.0,西峡县
economical_county,2000,360,1,0.0,舟曲县
economical_county,2000,361,1,0.0,万山区
economical_county,2000,362,1,0.0,翁源县
economical_county,2000,363,1,0.0,芦溪县
economical_county,2000,364,1,0.0,马村区
economical_county,2000,365,1,0.0,徐闻县
economical_county,2000,366,1,0.0,麟游县
economical_county,2000,367,1,0.0,石渠县
economical_county,2000,368,1,0.0,北塔区
economical_county,2000,369,1,0.0,普格县
economical_county,2000,370,1,0.0,大通区
economical_county,2000,371,1,0.0,桦川县
economical_county,2000,372,1,0.0,金秀瑶族自治县
economical_county,2000,373,1,0.0,库伦旗
economical_county,2000,374,1,0.0,八公山区
economical_county,2000,375,1,0.0,迭部县
economical_county,2000,376,1,0.0,台江县
economical_county,2000,377,1,0.0,元宝山区
economical_county,2000,378,1,0.0,盐源县
economical_county,2000,379,1,0.0,云城区
economical_county,2000,380,1,0.0,泽库县
economical_county,2000,381,1,0.0,南涧彝族自治县
economical_county,2000,382,1,0.0,冕宁县
economical_county,2000,383,1,0.0,宝兴县
economical_county,2000,384,1,0.0,四方台区
economical_county,2000,385,1,0.0,红星区
economical_county,2000,386,1,0.0,漾濞彝族自治县
economical_county,2000,387,1,0.0,留坝县
economical_county,2000,388,1,0.0,中站区
economical_county,2000,389,1,0.0,福贡县
economical_county,2000,390,1,0.0,达坂城区
economical_county,2000,391,1,0.0,松潘县
economical_county,2000,392,1,0.0,黑水县
economical_county,2000,393,1,0.0,额济纳旗
economical_county,2000,394,1,0.0,石龙区
economical_county,2000,395,1,0.0,城区
economical_county,2000,396,1,0.0,南票区
economical_county,2000,397,1,0.0,天峻县
economical_county,2000,398,1,0.0,龙胜各族自治县
economical_county,2000,399,1,0.0,银州区
economical_county,2000,400,1,0.0,寒亭区
economical_county,2000,401,1,0.0,高港区
economical_county,2000,402,1,0.0,麻山区
economical_county,2000,403,1,0.0,荔波县
economical_county,2000,404,1,0.0,萨嘎县
economical_county,2000,405,1,0.0,亚东县
economical_county,2000,406,1,0.0,神农架林区
economical_county,2000,407,1,0.0,下花园区
economical_county,2000,408,1,0.0,日土县
economical_county,2000,409,1,0.0,麻章区
economical_county,2000,410,1,0.0,始兴县
economical_county,2000,411,1,0.0,鹤山区
economical_county,2000,412,1,0.0,那坡县
economical_county,2000,413,1,0.0,古冶区
economical_county,2000,414,1,0.0,朗县
economical_county,2000,415,1,0.0,仁化县
economical_county,2000,416,1,0.0,玛沁县
economical_county,2000,417,1,0.0,阳东区
economical_county,2000,418,1,0.0,定结县
economical_county,2000,419,1,0.0,广昌县
economical_county,2000,420,1,0.0,册亨县
economical_county,2000,421,1,0.0,连山壮族瑶族自治县
economical_county,2000,422,1,0.0,凌云县
economical_county,2000,423,1,0.0,贵南县
economical_county,2000,424,1,0.0,吉木乃县
economical_county,2000,425,1,0.0,云龙区
economical_county,2000,426,1,0.0,白沙黎族自治县
economical_county,2000,427,1,0.0,东乡区
economical_county,2000,428,1,0.0,蒙山县
economical_county,2000,429,1,0.0,德安县
economical_county,2000,430,1,0.0,班玛县
economical_county,2000,431,1,0.0,太白县
economical_county,2000,432,1,0.0,蕉岭县
economical_county,2000,433,1,0.0,玛多县
economical_county,2000,434,1,0.0,革吉县
economical_county,2000,435,1,0.0,札达县
economical_county,2000,436,1,0.0,改则县
economical_county,2000,437,1,0.0,乌恰县
economical_county,2000,438,1,0.0,若尔盖县
economical_county,2000,439,1,0.0,青河县
economical_county,2000,440,1,0.0,金山屯区
economical_county,2000,441,1,0.0,龙安区
economical_county,2000,442,1,0.0,治多县
economical_county,2000,443,1,0.0,武夷山市
economical_county,2000,444,1,0.0,武穴市
economical_county,2000,445,1,0.0,乌拉特后旗
economical_county,2000,446,1,0.0,平塘县
economical_county,2000,447,1,0.0,文圣区
economical_county,2000,448,1,0.0,向阳区
economical_county,2000,449,1,0.0,阿拉山口市
economical_county,2000,450,1,0.0,山城区
economical_county,2000,451,1,0.0,新巴尔虎右旗
economical_county,2000,452,1,0.0,泸定县
economical_county,2000,453,1,0.0,润州区
economical_county,2000,454,1,0.0,南雄市
economical_county,2000,455,1,0.0,阿坝县
economical_county,2000,456,1,0.0,召陵区
economical_county,2000,457,1,0.0,沂源县
economical_county,2000,458,1,0.0,铜鼓县
economical_county,2000,459,1,0.0,梅江区
economical_county,2000,460,1,0.0,白云鄂博矿区
economical_county,2000,461,1,0.0,带岭区
economical_county,2000,462,1,0.0,孙吴县
economical_county,2000,463,1,0.0,桃山区
economical_county,2000,464,1,0.0,广饶县
economical_county,2000,465,1,0.0,点军区
economical_county,2000,466,1,0.0,金口河区
economical_county,2000,467,1,0.0,古丈县
economical_county,2000,468,1,0.0,吉隆县
economical_county,2000,469,1,0.0,德钦县
economical_county,2000,470,1,0.0,木里藏族自治县
economical_county,2000,471,1,0.0,曲麻莱县
economical_county,2000,472,1,0.0,定南县
economical_county,2000,473,1,0.0,上甘岭区
economical_county,2000,474,1,0.0,乡城县
economical_county,2000,475,1,0.0,嵊泗县
economical_county,2000,476,1,0.0,塔什库尔干塔吉克自治县
economical_county,2000,477,1,0.0,裕民县
economical_county,2000,478,1,0.0,阿拉善右旗
economical_county,2000,479,1,0.0,甘洛县
economical_county,2000,480,1,0.0,梁子湖区
economical_county,2000,481,1,0.0,鄂温克族自治旗
economical_county,2000,482,1,0.0,长白朝鲜族自治县
economical_county,2000,483,1,0.0,清河门区
economical_county,2000,484,1,0.0,仲巴县
economical_county,2000,485,1,0.0,镶黄旗
economical_county,2000,486,1,0.0,阿克塞哈萨克族自治县
economical_county,2000,487,1,0.0,壤塘县
economical_county,2000,488,1,0.0,囊谦县
economical_county,2000,489,1,0.0,兴山区
economical_county,2000,490,1,0.0,聂拉木县
economical_county,2000,491,1,0.0,南澳县
economical_county,2000,492,1,0.0,噶尔县
economical_county,2000,493,1,0.0,永平县
economical_county,2000,494,1,0.0,得荣县
economical_county,2000,495,1,0.0,民丰县
economical_county,2000,496,1,0.0,甘德县
economical_county,2000,497,1,0.0,雅江县
economical_county,2000,498,1,0.0,碌曲县
economical_county,2000,499,1,0.0,武陵源区
economical_county,2000,500,1,0.0,道孚县
economical_county,2000,501,1,0.0,赣县区
economical_county,2000,502,1,0.0,东宁市
economical_county,2000,503,1,0.0,陕州区
economical_county,2000,504,1,0.0,沾益区
economical_county,2000,505,1,0.0,措勤县
economical_county,2000,506,1,0.0,加格达奇区
economical_county,2000,507,1,0.0,市北区
economical_county,2000,508,1,0.0,武鸣区
economical_county,2000,509,1,0.0,延庆区
economical_county,2000,510,1,0.0,铜山区
economical_county,2000,511,1,0.0,垦利区
economical_county,2000,512,1,0.0,通州区
economical_county,2000,513,1,0.0,义安区
economical_county,2000,514,1,0.0,铜官区
economical_county,2000,515,1,0.0,万全区
economical_county,2000,516,1,0.0,金坛区
economical_county,2000,517,1,0.0,曾都区
economical_county,2000,518,1,0.0,开州区
economical_county,2000,519,1,0.0,武隆区
economical_county,2000,520,1,0.0,郫都区
economical_county,2000,521,1,0.0,高淳区
economical_county,2005,0,89,6.224719101123595,"贵溪市, 丰泽区, 集美区"
economical_county,2005,1,55,4.072727272727272,"青山湖区, 兰考县, 库尔勒市"
economical_county,2005,2,185,5.221621621621622,"濂溪区, 船营区, 天门市"
economical_county,2005,3,145,6.544827586206897,"南山区, 通川区, 宝安区"
economical_county,2005,4,173,5.867052023121388,"邻水县, 武侯区, 青神县"
economical_county,2005,5,207,4.473429951690822,"克山县, 鲅鱼圈区, 依安县"
economical_county,2005,6,1,0.0,永福县
economical_county,2005,7,87,4.091954022988506,"官渡区, 祁东县, 勐腊县"
economical_county,2005,8,304,7.167763157894737,"路桥区, 寿县, 肥东县"
economical_county,2005,9,1,0.0,久治县
economical_county,2005,10,205,6.0,"睢县, 定州市, 朝阳区"
economical_county,2005,11,117,4.854700854700854,"历城区, 荣成市, 历下区"
economical_county,2005,12,130,4.653846153846154,"新郑市, 武昌区, 巫溪县"
economical_county,2005,13,1,0.0,永和县
economical_county,2005,14,1,0.0,巢湖市
economical_county,2005,15,1,0.0,昌宁县
economical_county,2005,16,185,5.589189189189189,"米脂县, 榆阳区, 临渭区"
economical_county,2005,17,1,0.0,工农区
economical_county,2005,18,2,1.0,"开江县, 米林县"
economical_county,2005,19,50,4.06,"墨玉县, 头屯河区, 安岳县"
economical_county,2005,20,1,0.0,高县
economical_county,2005,21,1,0.0,隆林各族自治县
economical_county,2005,22,1,0.0,石城县
economical_county,2005,23,63,4.333333333333333,"江干区, 营山县, 六枝特区"
economical_county,2005,24,82,3.426829268292683,"平遥县, 尧都区, 临县"
economical_county,2005,25,72,4.861111111111111,"东河区, 商都县, 海南区"
economical_county,2005,26,1,0.0,浮山县
economical_county,2005,27,1,0.0,松溪县
economical_county,2005,28,4,2.25,"苏仙区, 上高县, 北湖区"
economical_county,2005,29,2,1.0,"黎平县, 从江县"
economical_county,2005,30,1,0.0,平鲁区
economical_county,2005,31,1,0.0,三门县
economical_county,2005,32,1,0.0,乾安县
economical_county,2005,33,2,1.0,"布尔津县, 山丹县"
economical_county,2005,34,1,0.0,富县
economical_county,2005,35,1,0.0,罗甸县
economical_county,2005,36,1,0.0,咸安区
economical_county,2005,37,1,0.0,新乡县
economical_county,2005,38,1,0.0,雁山区
economical_county,2005,39,1,0.0,玉屏侗族自治县
economical_county,2005,40,1,0.0,满城区
economical_county,2005,41,1,0.0,禹王台区
economical_county,2005,42,1,0.0,上犹县
economical_county,2005,43,2,1.0,"钦南区, 台山市"
economical_county,2005,44,1,0.0,太和区
economical_county,2005,45,1,0.0,和布克赛尔蒙古自治县
economical_county,2005,46,2,3.0,"扶余市, 宁江区"
economical_county,2005,47,1,0.0,克东县
economical_county,2005,48,1,0.0,西林区
economical_county,2005,49,1,0.0,永寿县
economical_county,2005,50,1,0.0,零陵区
economical_county,2005,51,1,0.0,井陉县
economical_county,2005,52,1,0.0,平利县
economical_county,2005,53,1,0.0,磴口县
economical_county,2005,54,1,0.0,昔阳县
economical_county,2005,55,1,0.0,额敏县
economical_county,2005,56,1,0.0,弓长岭区
economical_county,2005,57,1,0.0,盖州市
economical_county,2005,58,1,0.0,利津县
economical_county,2005,59,1,0.0,清原满族自治县
economical_county,2005,60,1,0.0,汾西县
economical_county,2005,61,1,0.0,临武县
economical_county,2005,62,1,0.0,莲池区
economical_county,2005,63,1,0.0,喀喇沁左翼蒙古族自治县
economical_county,2005,64,1,0.0,博湖县
economical_county,2005,65,1,0.0,五寨县
economical_county,2005,66,1,0.0,宁洱哈尼族彝族自治县
economical_county,2005,67,1,0.0,曹妃甸区
economical_county,2005,68,1,0.0,肥乡区
economical_county,2005,69,1,0.0,萨迦县
economical_county,2005,70,1,0.0,宝山区
economical_county,2005,71,1,0.0,兴山县
economical_county,2005,72,1,0.0,灵寿县
economical_county,2005,73,1,0.0,康平县
economical_county,2005,74,1,0.0,乌尔禾区
economical_county,2005,75,1,0.0,江孜县
economical_county,2005,76,1,0.0,耿马傣族佤族自治县
economical_county,2005,77,1,0.0,双江拉祜族佤族布朗族傣族自治县
economical_county,2005,78,1,0.0,辉南县
economical_county,2005,79,1,0.0,琼中黎族苗族自治县
economical_county,2005,80,1,0.0,景泰县
economical_county,2005,81,1,0.0,赤城县
economical_county,2005,82,1,0.0,绥中县
economical_county,2005,83,1,0.0,法库县
economical_county,2005,84,1,0.0,金阳县
economical_county,2005,85,1,0.0,封丘县
economical_county,2005,86,1,0.0,行唐县
economical_county,2005,87,1,0.0,临潭县
economical_county,2005,88,1,0.0,绿春县
economical_county,2005,89,1,0.0,福鼎市
economical_county,2005,90,1,0.0,镇沅彝族哈尼族拉祜族自治县
economical_county,2005,91,1,0.0,崇信县
economical_county,2005,92,1,0.0,乌伊岭区
economical_county,2005,93,1,0.0,孟村回族自治县
economical_county,2005,94,1,0.0,繁峙县
economical_county,2005,95,1,0.0,宜丰县
economical_county,2005,96,1,0.0,沙湾县
economical_county,2005,97,1,0.0,科尔沁右翼中旗
economical_county,2005,98,1,0.0,大安区
economical_county,2005,99,1,0.0,扬中市
economical_county,2005,100,1,0.0,大石桥市
economical_county,2005,101,1,0.0,伊春区
economical_county,2005,102,1,0.0,乌兰浩特市
economical_county,2005,103,1,0.0,屏边苗族自治县
economical_county,2005,104,1,0.0,南芬区
economical_county,2005,105,1,0.0,浑南区
economical_county,2005,106,1,0.0,延津县
economical_county,2005,107,1,0.0,右玉县
economical_county,2005,108,1,0.0,樟树市
economical_county,2005,109,1,0.0,巩义市
economical_county,2005,110,1,0.0,寿宁县
economical_county,2005,111,1,0.0,拜城县
economical_county,2005,112,1,0.0,玉门市
economical_county,2005,113,1,0.0,马关县
economical_county,2005,114,1,0.0,旬邑县
economical_county,2005,115,1,0.0,孟连傣族拉祜族佤族自治县
economical_county,2005,116,1,0.0,龙州县
economical_county,2005,117,1,0.0,凭祥市
economical_county,2005,118,1,0.0,华坪县
economical_county,2005,119,1,0.0,绥滨县
economical_county,2005,120,1,0.0,河口瑶族自治县
economical_county,2005,121,1,0.0,宁陕县
economical_county,2005,122,1,0.0,西安区
economical_county,2005,123,1,0.0,邱县
economical_county,2005,124,1,0.0,猇亭区
economical_county,2005,125,1,0.0,赞皇县
economical_county,2005,126,1,0.0,凤县
economical_county,2005,127,1,0.0,英吉沙县
economical_county,2005,128,1,0.0,新青区
economical_county,2005,129,1,0.0,科尔沁左翼后旗
economical_county,2005,130,1,0.0,安泽县
economical_county,2005,131,1,0.0,漳县
economical_county,2005,132,1,0.0,瀍河回族区
economical_county,2005,133,1,0.0,义马市
economical_county,2005,134,1,0.0,大邑县
economical_county,2005,135,1,0.0,宁武县
economical_county,2005,136,1,0.0,肃南裕固族自治县
economical_county,2005,137,1,0.0,二道江区
economical_county,2005,138,1,0.0,岭东区
economical_county,2005,139,1,0.0,栾城区
economical_county,2005,140,1,0.0,大城县
economical_county,2005,141,1,0.0,鸡东县
economical_county,2005,142,1,0.0,宿豫区
economical_county,2005,143,3,1.3333333333333333,"金城江区, 南丹县, 环江毛南族自治县"
economical_county,2005,144,1,0.0,老边区
economical_county,2005,145,1,0.0,开平区
economical_county,2005,146,1,0.0,独山县
economical_county,2005,147,1,0.0,桑珠孜区
economical_county,2005,148,1,0.0,定日县
economical_county,2005,149,1,0.0,藁城区
economical_county,2005,150,1,0.0,天长市
economical_county,2005,151,1,0.0,墨竹工卡县
economical_county,2005,152,1,0.0,崖州区
economical_county,2005,153,1,0.0,福绵区
economical_county,2005,154,1,0.0,扎赉特旗
economical_county,2005,155,1,0.0,芦山县
economical_county,2005,156,1,0.0,岚皋县
economical_county,2005,157,1,0.0,抚松县
economical_county,2005,158,1,0.0,宜都市
economical_county,2005,159,1,0.0,宜良县
economical_county,2005,160,1,0.0,汤原县
economical_county,2005,161,1,0.0,岳普湖县
economical_county,2005,162,1,0.0,刚察县
economical_county,2005,163,1,0.0,白玉县
economical_county,2005,164,1,0.0,上思县
economical_county,2005,165,1,0.0,五通桥区
economical_county,2005,166,1,0.0,丰满区
economical_county,2005,167,1,0.0,溪湖区
economical_county,2005,168,1,0.0,蕉城区
economical_county,2005,169,1,0.0,施甸县
economical_county,2005,170,1,0.0,芒市
economical_county,2005,171,1,0.0,覃塘区
economical_county,2005,172,1,0.0,阿鲁科尔沁旗
economical_county,2005,173,1,0.0,井研县
economical_county,2005,174,1,0.0,饶河县
economical_county,2005,175,1,0.0,郊区
economical_county,2005,176,1,0.0,铁山区
economical_county,2005,177,1,0.0,平川区
economical_county,2005,178,1,0.0,策勒县
economical_county,2005,179,1,0.0,玛曲县
economical_county,2005,180,1,0.0,文安县
economical_county,2005,181,1,0.0,阜平县
economical_county,2005,182,1,0.0,辛集市
economical_county,2005,183,1,0.0,永丰县
economical_county,2005,184,1,0.0,汤阴县
economical_county,2005,185,1,0.0,根河市
economical_county,2005,186,1,0.0,贡山独龙族怒族自治县
economical_county,2005,187,2,1.0,"鼓楼区, 云龙区"
economical_county,2005,188,1,0.0,沐川县
economical_county,2005,189,1,0.0,剑河县
economical_county,2005,190,1,0.0,寻乌县
economical_county,2005,191,1,0.0,利州区
economical_county,2005,192,1,0.0,额尔古纳市
economical_county,2005,193,1,0.0,莎车县
economical_county,2005,194,1,0.0,安次区
economical_county,2005,195,2,1.0,"大余县, 南康区"
economical_county,2005,196,1,0.0,敦煌市
economical_county,2005,197,1,0.0,滨城区
economical_county,2005,198,1,0.0,宜君县
economical_county,2005,199,1,0.0,广灵县
economical_county,2005,200,1,0.0,沙河市
economical_county,2005,201,1,0.0,临泽县
economical_county,2005,202,1,0.0,宾川县
economical_county,2005,203,1,0.0,大化瑶族自治县
economical_county,2005,204,1,0.0,浑江区
economical_county,2005,205,1,0.0,温泉县
economical_county,2005,206,1,0.0,元氏县
economical_county,2005,207,1,0.0,昂仁县
economical_county,2005,208,1,0.0,陵川县
economical_county,2005,209,1,0.0,江永县
economical_county,2005,210,1,0.0,东山区
economical_county,2005,211,1,0.0,滴道区
economical_county,2005,212,1,0.0,景宁畲族自治县
economical_county,2005,213,1,0.0,博爱县
economical_county,2005,214,1,0.0,集安市
economical_county,2005,215,1,0.0,通道侗族自治县
economical_county,2005,216,1,0.0,乳源瑶族自治县
economical_county,2005,217,1,0.0,夹江县
economical_county,2005,218,1,0.0,元江哈尼族彝族傣族自治县
economical_county,2005,219,1,0.0,康乐县
economical_county,2005,220,1,0.0,林甸县
economical_county,2005,221,1,0.0,尖山区
economical_county,2005,222,1,0.0,南岔区
economical_county,2005,223,1,0.0,安远县
economical_county,2005,224,1,0.0,榕城区
economical_county,2005,225,1,0.0,阳明区
economical_county,2005,226,1,0.0,兴海县
economical_county,2005,227,1,0.0,东洲区
economical_county,2005,228,1,0.0,美姑县
economical_county,2005,229,1,0.0,阳西县
economical_county,2005,230,1,0.0,剑川县
economical_county,2005,231,1,0.0,石楼县
economical_county,2005,232,1,0.0,新巴尔虎左旗
economical_county,2005,233,1,0.0,江山市
economical_county,2005,234,1,0.0,集贤县
economical_county,2005,235,1,0.0,肃宁县
economical_county,2005,236,1,0.0,通河县
economical_county,2005,237,1,0.0,新河县
economical_county,2005,238,1,0.0,梁河县
economical_county,2005,239,1,0.0,天峨县
economical_county,2005,240,1,0.0,石棉县
economical_county,2005,241,1,0.0,师宗县
economical_county,2005,242,1,0.0,双辽市
economical_county,2005,243,1,0.0,西乌珠穆沁旗
economical_county,2005,244,1,0.0,方山县
economical_county,2005,245,1,0.0,壶关县
economical_county,2005,246,1,0.0,武冈市
economical_county,2005,247,1,0.0,慈利县
economical_county,2005,248,1,0.0,吉水县
economical_county,2005,249,1,0.0,南丰县
economical_county,2005,250,1,0.0,贞丰县
economical_county,2005,251,1,0.0,新丰县
economical_county,2005,252,1,0.0,且末县
economical_county,2005,253,1,0.0,双牌县
economical_county,2005,254,1,0.0,梨树区
economical_county,2005,255,1,0.0,前锋区
economical_county,2005,256,1,0.0,武义县
economical_county,2005,257,1,0.0,城步苗族自治县
economical_county,2005,258,1,0.0,凤泉区
economical_county,2005,259,1,0.0,德庆县
economical_county,2005,260,1,0.0,阿巴嘎旗
economical_county,2005,261,1,0.0,隆安县
economical_county,2005,262,1,0.0,鸡泽县
economical_county,2005,263,1,0.0,双滦区
economical_county,2005,264,1,0.0,高唐县
economical_county,2005,265,1,0.0,雷山县
economical_county,2005,266,1,0.0,宜川县
economical_county,2005,267,1,0.0,会同县
economical_county,2005,268,1,0.0,剑阁县
economical_county,2005,269,1,0.0,谷城县
economical_county,2005,270,1,0.0,金塔县
economical_county,2005,271,1,0.0,兴安县
economical_county,2005,272,1,0.0,昭苏县
economical_county,2005,273,1,0.0,称多县
economical_county,2005,274,1,0.0,宝清县
economical_county,2005,275,1,0.0,逊克县
economical_county,2005,276,1,0.0,炉霍县
economical_county,2005,277,1,0.0,印台区
economical_county,2005,278,1,0.0,珙县
economical_county,2005,279,1,0.0,宁蒗彝族自治县
economical_county,2005,280,1,0.0,封开县
economical_county,2005,281,1,0.0,龙圩区
economical_county,2005,282,1,0.0,元谋县
economical_county,2005,283,1,0.0,淮上区
economical_county,2005,284,1,0.0,越西县
economical_county,2005,285,1,0.0,石屏县
economical_county,2005,286,1,0.0,丹巴县
economical_county,2005,287,1,0.0,阿勒泰市
economical_county,2005,288,1,0.0,太平区
economical_county,2005,289,1,0.0,望谟县
economical_county,2005,290,1,0.0,宁远县
economical_county,2005,291,1,0.0,恭城瑶族自治县
economical_county,2005,292,1,0.0,兴安区
economical_county,2005,293,1,0.0,银海区
economical_county,2005,294,1,0.0,涉县
economical_county,2005,295,1,0.0,石拐区
economical_county,2005,296,1,0.0,镇坪县
economical_county,2005,297,1,0.0,吴起县
economical_county,2005,298,1,0.0,平乡县
economical_county,2005,299,1,0.0,蓝山县
economical_county,2005,300,1,0.0,茂县
economical_county,2005,301,1,0.0,桓仁满族自治县
economical_county,2005,302,1,0.0,谢家集区
economical_county,2005,303,1,0.0,雄县
economical_county,2005,304,1,0.0,双台子区
economical_county,2005,305,1,0.0,昌乐县
economical_county,2005,306,2,1.0,"和田市, 和田县"
economical_county,2005,307,1,0.0,祁连县
economical_county,2005,308,1,0.0,昭平县
economical_county,2005,309,1,0.0,成安县
economical_county,2005,310,1,0.0,渑池县
economical_county,2005,311,1,0.0,什邡市
economical_county,2005,312,1,0.0,平陆县
economical_county,2005,313,1,0.0,富民县
economical_county,2005,314,1,0.0,新宾满族自治县
economical_county,2005,315,1,0.0,峨边彝族自治县
economical_county,2005,316,1,0.0,本溪满族自治县
economical_county,2005,317,1,0.0,普兰县
economical_county,2005,318,1,0.0,屯昌县
economical_county,2005,319,1,0.0,麻阳苗族自治县
economical_county,2005,320,1,0.0,浚县
economical_county,2005,321,1,0.0,烈山区
economical_county,2005,322,1,0.0,绥江县
economical_county,2005,323,1,0.0,海安市
economical_county,2005,324,1,0.0,吉利区
economical_county,2005,325,1,0.0,会昌县
economical_county,2005,326,1,0.0,柯城区
economical_county,2005,327,1,0.0,广陵区
economical_county,2005,328,1,0.0,温江区
economical_county,2005,329,1,0.0,喜德县
economical_county,2005,330,1,0.0,仁布县
economical_county,2005,331,1,0.0,资阳区
economical_county,2005,332,1,0.0,九寨沟县
economical_county,2005,333,1,0.0,蒲江县
economical_county,2005,334,1,0.0,田林县
economical_county,2005,335,1,0.0,陇川县
economical_county,2005,336,1,0.0,五营区
economical_county,2005,337,1,0.0,细河区
economical_county,2005,338,1,0.0,荥经县
economical_county,2005,339,1,0.0,乐业县
economical_county,2005,340,1,0.0,乌审旗
economical_county,2005,341,1,0.0,振安区
economical_county,2005,342,1,0.0,闻喜县
economical_county,2005,343,1,0.0,两当县
economical_county,2005,344,1,0.0,翼城县
economical_county,2005,345,1,0.0,通城县
economical_county,2005,346,1,0.0,沁县
economical_county,2005,347,1,0.0,榕江县
economical_county,2005,348,1,0.0,汤旺河区
economical_county,2005,349,1,0.0,黄山区
economical_county,2005,350,1,0.0,老城区
economical_county,2005,351,1,0.0,镇远县
economical_county,2005,352,1,0.0,平顺县
economical_county,2005,353,1,0.0,黟县
economical_county,2005,354,1,0.0,木垒哈萨克自治县
economical_county,2005,355,1,0.0,马边彝族自治县
economical_county,2005,356,1,0.0,杜集区
economical_county,2005,357,1,0.0,福海县
economical_county,2005,358,1,0.0,呼玛县
economical_county,2005,359,1,0.0,于田县
economical_county,2005,360,1,0.0,阿克陶县
economical_county,2005,361,1,0.0,鼎湖区
economical_county,2005,362,1,0.0,湖口县
economical_county,2005,363,1,0.0,永定区
economical_county,2005,364,1,0.0,朝天区
economical_county,2005,365,1,0.0,万安县
economical_county,2005,366,1,0.0,易门县
economical_county,2005,367,1,0.0,井陉矿区
economical_county,2005,368,1,0.0,玉龙纳西族自治县
economical_county,2005,369,1,0.0,乌拉特中旗
economical_county,2005,370,1,0.0,布拖县
economical_county,2005,371,1,0.0,桂东县
economical_county,2005,372,1,0.0,龙港区
economical_county,2005,373,1,0.0,博野县
economical_county,2005,374,1,0.0,向阳区
economical_county,2005,375,1,0.0,新宁县
economical_county,2005,376,1,0.0,永仁县
economical_county,2005,377,1,0.0,柞水县
economical_county,2005,378,1,0.0,磐安县
economical_county,2005,379,1,0.0,云安区
economical_county,2005,380,1,0.0,连南瑶族自治县
economical_county,2005,381,1,0.0,新平彝族傣族自治县
economical_county,2005,382,1,0.0,遂昌县
economical_county,2005,383,1,0.0,铁岭县
economical_county,2005,384,1,0.0,峡江县
economical_county,2005,385,1,0.0,泸溪县
economical_county,2005,386,1,0.0,新和县
economical_county,2005,387,1,0.0,新晃侗族自治县
economical_county,2005,388,1,0.0,宁南县
economical_county,2005,389,1,0.0,新兴区
economical_county,2005,390,1,0.0,内丘县
economical_county,2005,391,1,0.0,舟曲县
economical_county,2005,392,1,0.0,万山区
economical_county,2005,393,1,0.0,南乐县
economical_county,2005,394,1,0.0,芦溪县
economical_county,2005,395,1,0.0,万秀区
economical_county,2005,396,1,0.0,麟游县
economical_county,2005,397,1,0.0,北塔区
economical_county,2005,398,1,0.0,建湖县
economical_county,2005,399,1,0.0,白河县
economical_county,2005,400,1,0.0,桦川县
economical_county,2005,401,1,0.0,民乐县
economical_county,2005,402,1,0.0,甘泉县
economical_county,2005,403,1,0.0,库伦旗
economical_county,2005,404,1,0.0,八公山区
economical_county,2005,405,1,0.0,台江县
economical_county,2005,406,1,0.0,杜尔伯特蒙古族自治县
economical_county,2005,407,1,0.0,岑巩县
economical_county,2005,408,1,0.0,盐源县
economical_county,2005,409,1,0.0,云城区
economical_county,2005,410,1,0.0,泽库县
economical_county,2005,411,1,0.0,资源县
economical_county,2005,412,1,0.0,南涧彝族自治县
economical_county,2005,413,1,0.0,崇仁县
economical_county,2005,414,1,0.0,岢岚县
economical_county,2005,415,1,0.0,四方台区
economical_county,2005,416,1,0.0,红星区
economical_county,2005,417,1,0.0,周村区
economical_county,2005,418,1,0.0,前进区
economical_county,2005,419,1,0.0,中站区
economical_county,2005,420,1,0.0,福贡县
economical_county,2005,421,1,0.0,红原县
economical_county,2005,422,1,0.0,贵德县
economical_county,2005,423,1,0.0,建德市
economical_county,2005,424,1,0.0,黑水县
economical_county,2005,425,1,0.0,额济纳旗
economical_county,2005,426,1,0.0,迁安市
economical_county,2005,427,1,0.0,大厂回族自治县
economical_county,2005,428,1,0.0,城区
economical_county,2005,429,1,0.0,南票区
economical_county,2005,430,1,0.0,银州区
economical_county,2005,431,1,0.0,拉孜县
economical_county,2005,432,1,0.0,高港区
economical_county,2005,433,1,0.0,麻山区
economical_county,2005,434,1,0.0,西塞山区
economical_county,2005,435,1,0.0,武江区
economical_county,2005,436,1,0.0,东风区
economical_county,2005,437,1,0.0,永清县
economical_county,2005,438,1,0.0,萨嘎县
economical_county,2005,439,1,0.0,永新县
economical_county,2005,440,1,0.0,亚东县
economical_county,2005,441,1,0.0,日土县
economical_county,2005,442,1,0.0,麻章区
economical_county,2005,443,1,0.0,鹤山区
economical_county,2005,444,1,0.0,庐山市
economical_county,2005,445,1,0.0,洛川县
economical_county,2005,446,1,0.0,那坡县
economical_county,2005,447,1,0.0,朗县
economical_county,2005,448,1,0.0,仁化县
economical_county,2005,449,1,0.0,玛沁县
economical_county,2005,450,1,0.0,东山县
economical_county,2005,451,1,0.0,定结县
economical_county,2005,452,1,0.0,乐昌市
economical_county,2005,453,1,0.0,册亨县
economical_county,2005,454,1,0.0,凌云县
economical_county,2005,455,1,0.0,恩平市
economical_county,2005,456,1,0.0,尖扎县
economical_county,2005,457,1,0.0,贵南县
economical_county,2005,458,1,0.0,吉木乃县
economical_county,2005,459,1,0.0,新抚区
economical_county,2005,460,1,0.0,白沙黎族自治县
economical_county,2005,461,1,0.0,城子河区
economical_county,2005,462,1,0.0,蒙山县
economical_county,2005,463,1,0.0,班玛县
economical_county,2005,464,1,0.0,阿尔山市
economical_county,2005,465,1,0.0,蕉岭县
economical_county,2005,466,1,0.0,玛多县
economical_county,2005,467,1,0.0,革吉县
economical_county,2005,468,1,0.0,杂多县
economical_county,2005,469,1,0.0,赣榆区
economical_county,2005,470,1,0.0,改则县
economical_county,2005,471,1,0.0,乌恰县
economical_county,2005,472,1,0.0,若尔盖县
economical_county,2005,473,1,0.0,青河县
economical_county,2005,474,1,0.0,金山屯区
economical_county,2005,475,1,0.0,龙安区
economical_county,2005,476,1,0.0,治多县
economical_county,2005,477,1,0.0,鹰手营子矿区
economical_county,2005,478,1,0.0,德昌县
economical_county,2005,479,1,0.0,乌拉特后旗
economical_county,2005,480,1,0.0,平塘县
economical_county,2005,481,1,0.0,文圣区
economical_county,2005,482,1,0.0,向阳区
economical_county,2005,483,1,0.0,阿拉山口市
economical_county,2005,484,1,0.0,山城区
economical_county,2005,485,1,0.0,泸定县
economical_county,2005,486,1,0.0,润州区
economical_county,2005,487,1,0.0,阿坝县
economical_county,2005,488,1,0.0,召陵区
economical_county,2005,489,1,0.0,铜鼓县
economical_county,2005,490,1,0.0,梅江区
economical_county,2005,491,1,0.0,白云鄂博矿区
economical_county,2005,492,1,0.0,桃山区
economical_county,2005,493,1,0.0,点军区
economical_county,2005,494,1,0.0,古丈县
economical_county,2005,495,1,0.0,阿合奇县
economical_county,2005,496,1,0.0,德钦县
economical_county,2005,497,1,0.0,木里藏族自治县
economical_county,2005,498,1,0.0,曲麻莱县
economical_county,2005,499,1,0.0,泰宁县
economical_county,2005,500,1,0.0,定南县
economical_county,2005,501,1,0.0,上甘岭区
economical_county,2005,502,1,0.0,乡城县
economical_county,2005,503,1,0.0,嵊泗县
economical_county,2005,504,1,0.0,塔什库尔干塔吉克自治县
economical_county,2005,505,1,0.0,裕民县
economical_county,2005,506,1,0.0,阿拉善右旗
economical_county,2005,507,1,0.0,甘洛县
economical_county,2005,508,1,0.0,长白朝鲜族自治县
economical_county,2005,509,1,0.0,黄龙县
economical_county,2005,510,1,0.0,清河门区
economical_county,2005,511,1,0.0,容城县
economical_county,2005,512,1,0.0,仲巴县
economical_county,2005,513,1,0.0,镶黄旗
economical_county,2005,514,1,0.0,阿克塞哈萨克族自治县
economical_county,2005,515,1,0.0,壤塘县
economical_county,2005,516,1,0.0,佛坪县
economical_county,2005,517,1,0.0,聂拉木县
economical_county,2005,518,1,0.0,东乌珠穆沁旗
economical_county,2005,519,1,0.0,南澳县
economical_county,2005,520,1,0.0,永平县
economical_county,2005,521,1,0.0,得荣县
economical_county,2005,522,1,0.0,民丰县
economical_county,2005,523,1,0.0,甘德县
economical_county,2005,524,1,0.0,雅江县
economical_county,2005,525,1,0.0,乌马河区
economical_county,2005,526,1,0.0,碌曲县
economical_county,2005,527,1,0.0,武陵源区
economical_county,2005,528,1,0.0,道孚县
economical_county,2005,529,1,0.0,赣县区
economical_county,2005,530,1,0.0,东宁市
economical_county,2005,531,1,0.0,普兰店区
economical_county,2005,532,1,0.0,陕州区
economical_county,2005,533,1,0.0,措勤县
economical_county,2005,534,1,0.0,加格达奇区
economical_county,2005,535,1,0.0,市北区
economical_county,2005,536,1,0.0,武鸣区
economical_county,2005,537,1,0.0,蓟州区
economical_county,2005,538,1,0.0,延庆区
economical_county,2005,539,1,0.0,铜山区
economical_county,2005,540,1,0.0,通州区
economical_county,2005,541,1,0.0,义安区
economical_county,2005,542,1,0.0,宁河区
economical_county,2005,543,1,0.0,万全区
economical_county,2005,544,1,0.0,金坛区
economical_county,2005,545,1,0.0,曾都区
economical_county,2005,546,1,0.0,开州区
economical_county,2005,547,1,0.0,郫都区
economical_county,2005,548,1,0.0,大洼区
economical_county,2005,549,1,0.0,高淳区
economical_county,2005,550,1,0.0,腾冲市
economical_county,2010,0,1,0.0,沾益区
economical_county,2010,1,1,0.0,濂溪区
economical_county,2010,2,1,0.0,措勤县
economical_county,2010,3,1,0.0,加格达奇区
economical_county,2010,4,102,8.803921568627452,"丰泽区, 路桥区, 集美区"
economical_county,2010,5,1,0.0,武鸣区
economical_county,2010,6,159,6.672955974842767,"青神县, 官渡区, 睢县"
economical_county,2010,7,338,9.609467455621301,"江干区, 寿县, 肥东县"
economical_county,2010,8,1,0.0,铜山区
economical_county,2010,9,288,8.628472222222221,"定州市, 东明县, 新郑市"
economical_county,2010,10,107,7.570093457943925,"历城区, 鄄城县, 单县"
economical_county,2010,11,215,7.4,"克山县, 鲅鱼圈区, 船营区"
economical_county,2010,12,1,0.0,永和县
economical_county,2010,13,79,10.658227848101266,"天门市, 武昌区, 开江县"
economical_county,2010,14,101,9.366336633663366,"米脂县, 榆阳区, 佳县"
economical_county,2010,15,1,0.0,昌宁县
economical_county,2010,16,1,0.0,义安区
economical_county,2010,17,216,8.851851851851851,"临渭区, 雁塔区, 平舆县"
economical_county,2010,18,1,0.0,万全区
economical_county,2010,19,1,0.0,工农区
economical_county,2010,20,106,6.745283018867925,"叶县, 平遥县, 浮山县"
economical_county,2010,21,1,0.0,开州区
economical_county,2010,22,1,0.0,大洼区
economical_county,2010,23,1,0.0,高淳区
economical_county,2010,24,1,0.0,腾冲市
economical_county,2010,25,1,0.0,遂平县
economical_county,2010,26,1,0.0,巢湖市
economical_county,2010,27,1,0.0,富县
economical_county,2010,28,1,0.0,罗甸县
economical_county,2010,29,64,6.625,"阿瓦提县, 惠济区, 城中区"
economical_county,2010,30,1,0.0,梅县区
economical_county,2010,31,365,7.323287671232877,"贵溪市, 青山湖区, 南山区"
economical_county,2010,32,2,1.0,"内乡县, 镇康县"
economical_county,2010,33,203,8.379310344827585,"邻水县, 通川区, 武侯区"
economical_county,2010,34,1,0.0,乡宁县
economical_county,2010,35,1,0.0,太和区
economical_county,2010,36,1,0.0,和顺县
economical_county,2010,37,1,0.0,蓟州区
economical_county,2010,38,1,0.0,兴文县
economical_county,2010,39,1,0.0,靖安县
economical_county,2010,40,1,0.0,乌鲁木齐县
economical_county,2010,41,1,0.0,垦利区
economical_county,2010,42,1,0.0,西林区
economical_county,2010,43,1,0.0,额敏县
economical_county,2010,44,1,0.0,禹会区
economical_county,2010,45,1,0.0,霍尔果斯市
economical_county,2010,46,1,0.0,弓长岭区
economical_county,2010,47,1,0.0,阿城区
economical_county,2010,48,1,0.0,利津县
economical_county,2010,49,1,0.0,大同区
economical_county,2010,50,1,0.0,曲水县
economical_county,2010,51,1,0.0,紫阳县
economical_county,2010,52,1,0.0,太子河区
economical_county,2010,53,1,0.0,正镶白旗
economical_county,2010,54,1,0.0,友好区
economical_county,2010,55,1,0.0,肥乡区
economical_county,2010,56,1,0.0,萨迦县
economical_county,2010,57,1,0.0,远安县
economical_county,2010,58,1,0.0,五峰土家族自治县
economical_county,2010,59,1,0.0,兴山县
economical_county,2010,60,1,0.0,和平县
economical_county,2010,61,1,0.0,乌尔禾区
economical_county,2010,62,1,0.0,汉源县
economical_county,2010,63,1,0.0,双江拉祜族佤族布朗族傣族自治县
economical_county,2010,64,1,0.0,嘉荫县
economical_county,2010,65,1,0.0,温宿县
economical_county,2010,66,1,0.0,琼中黎族苗族自治县
economical_county,2010,67,1,0.0,山海关区
economical_county,2010,68,2,1.0,"临潭县, 卓尼县"
economical_county,2010,69,1,0.0,涞源县
economical_county,2010,70,1,0.0,新津县
economical_county,2010,71,2,1.0,"乌伊岭区, 孟村回族自治县"
economical_county,2010,72,1,0.0,抚宁区
economical_county,2010,73,1,0.0,南芬区
economical_county,2010,74,1,0.0,宕昌县
economical_county,2010,75,1,0.0,龙山县
economical_county,2010,76,1,0.0,绥滨县
economical_county,2010,77,1,0.0,宁陕县
economical_county,2010,78,1,0.0,金平苗族瑶族傣族自治县
economical_county,2010,79,1,0.0,山阴县
economical_county,2010,80,1,0.0,义马市
economical_county,2010,81,1,0.0,肃南裕固族自治县
economical_county,2010,82,1,0.0,二道江区
economical_county,2010,83,1,0.0,代县
economical_county,2010,84,1,0.0,大姚县
economical_county,2010,85,1,0.0,栾城区
economical_county,2010,86,1,0.0,老边区
economical_county,2010,87,2,1.0,"同德县, 贵德县"
economical_county,2010,88,1,0.0,洞头区
economical_county,2010,89,1,0.0,苍梧县
economical_county,2010,90,1,0.0,云溪区
economical_county,2010,91,1,0.0,桑珠孜区
economical_county,2010,92,1,0.0,岚皋县
economical_county,2010,93,1,0.0,连山区
economical_county,2010,94,1,0.0,新田县
economical_county,2010,95,1,0.0,久治县
economical_county,2010,96,1,0.0,开鲁县
economical_county,2010,97,1,0.0,屏山县
economical_county,2010,98,1,0.0,三江侗族自治县
economical_county,2010,99,1,0.0,岳普湖县
economical_county,2010,100,1,0.0,伊宁县
economical_county,2010,101,1,0.0,遂溪县
economical_county,2010,102,1,0.0,察布查尔锡伯自治县
economical_county,2010,103,1,0.0,饶河县
economical_county,2010,104,1,0.0,理塘县
economical_county,2010,105,1,0.0,郊区
economical_county,2010,106,1,0.0,交口县
economical_county,2010,107,1,0.0,铁山区
economical_county,2010,108,1,0.0,皮山县
economical_county,2010,109,4,1.5,"策勒县, 和田市, 和田县"
economical_county,2010,110,1,0.0,沧源佤族自治县
economical_county,2010,111,1,0.0,大宁县
economical_county,2010,112,1,0.0,贡山独龙族怒族自治县
economical_county,2010,113,1,0.0,剑河县
economical_county,2010,114,1,0.0,卢氏县
economical_county,2010,115,1,0.0,武安市
economical_county,2010,116,1,0.0,寻乌县
economical_county,2010,117,1,0.0,西盟佤族自治县
economical_county,2010,118,1,0.0,铅山县
economical_county,2010,119,1,0.0,交城县
economical_county,2010,120,1,0.0,莎车县
economical_county,2010,121,1,0.0,芮城县
economical_county,2010,122,1,0.0,方正县
economical_county,2010,123,1,0.0,贾汪区
economical_county,2010,124,1,0.0,郁南县
economical_county,2010,125,1,0.0,印江土家族苗族自治县
economical_county,2010,126,1,0.0,鸡冠区
economical_county,2010,127,1,0.0,来凤县
economical_county,2010,128,1,0.0,温泉县
economical_county,2010,129,2,1.0,"洪江市, 吉利区"
economical_county,2010,130,1,0.0,陵川县
economical_county,2010,131,1,0.0,东山区
economical_county,2010,132,1,0.0,滴道区
economical_county,2010,133,1,0.0,元江哈尼族彝族傣族自治县
economical_county,2010,134,1,0.0,高台县
economical_county,2010,135,1,0.0,富宁县
economical_county,2010,136,1,0.0,尖山区
economical_county,2010,137,1,0.0,蒙阴县
economical_county,2010,138,1,0.0,南岔区
economical_county,2010,139,1,0.0,东洲区
economical_county,2010,140,1,0.0,美姑县
economical_county,2010,141,1,0.0,剑川县
economical_county,2010,142,1,0.0,新巴尔虎左旗
economical_county,2010,143,1,0.0,新邱区
economical_county,2010,144,1,0.0,新河县
economical_county,2010,145,1,0.0,师宗县
economical_county,2010,146,1,0.0,双辽市
economical_county,2010,147,1,0.0,双牌县
economical_county,2010,148,1,0.0,梨树区
economical_county,2010,149,1,0.0,钟山县
economical_county,2010,150,1,0.0,常山县
economical_county,2010,151,1,0.0,柯坪县
economical_county,2010,152,1,0.0,安仁县
economical_county,2010,153,1,0.0,德庆县
economical_county,2010,154,1,0.0,江城哈尼族彝族自治县
economical_county,2010,155,1,0.0,华容区
economical_county,2010,156,1,0.0,鸡泽县
economical_county,2010,157,1,0.0,洛浦县
economical_county,2010,158,1,0.0,高唐县
economical_county,2010,159,1,0.0,洪雅县
economical_county,2010,160,1,0.0,榆社县
economical_county,2010,161,1,0.0,白朗县
economical_county,2010,162,1,0.0,兰坪白族普米族自治县
economical_county,2010,163,1,0.0,金塔县
economical_county,2010,164,1,0.0,称多县
economical_county,2010,165,1,0.0,茂南区
economical_county,2010,166,1,0.0,逊克县
economical_county,2010,167,1,0.0,炉霍县
economical_county,2010,168,1,0.0,印台区
economical_county,2010,169,1,0.0,昭化区
economical_county,2010,170,1,0.0,港南区
economical_county,2010,171,1,0.0,施秉县
economical_county,2010,172,1,0.0,龙圩区
economical_county,2010,173,1,0.0,盈江县
economical_county,2010,174,1,0.0,越西县
economical_county,2010,175,1,0.0,石屏县
economical_county,2010,176,1,0.0,小金县
economical_county,2010,177,1,0.0,望谟县
economical_county,2010,178,1,0.0,恭城瑶族自治县
economical_county,2010,179,1,0.0,兴安区
economical_county,2010,180,1,0.0,石拐区
economical_county,2010,181,1,0.0,镇坪县
economical_county,2010,182,1,0.0,吴起县
economical_county,2010,183,1,0.0,邯山区
economical_county,2010,184,1,0.0,招远市
economical_county,2010,185,1,0.0,恒山区
economical_county,2010,186,1,0.0,双台子区
economical_county,2010,187,1,0.0,峨山彝族自治县
economical_county,2010,188,1,0.0,翠峦区
economical_county,2010,189,1,0.0,梓潼县
economical_county,2010,190,1,0.0,成安县
economical_county,2010,191,1,0.0,渑池县
economical_county,2010,192,1,0.0,绵竹市
economical_county,2010,193,1,0.0,保靖县
economical_county,2010,194,1,0.0,麻阳苗族自治县
economical_county,2010,195,1,0.0,浚县
economical_county,2010,196,1,0.0,从江县
economical_county,2010,197,1,0.0,会昌县
economical_county,2010,198,1,0.0,喜德县
economical_county,2010,199,1,0.0,昭觉县
economical_county,2010,200,1,0.0,宽城满族自治县
economical_county,2010,201,1,0.0,五营区
economical_county,2010,202,1,0.0,细河区
economical_county,2010,203,1,0.0,桓台县
economical_county,2010,204,1,0.0,两当县
economical_county,2010,205,1,0.0,翼城县
economical_county,2010,206,1,0.0,瑞昌市
economical_county,2010,207,1,0.0,英德市
economical_county,2010,208,1,0.0,蚌山区
economical_county,2010,209,1,0.0,南和县
economical_county,2010,210,1,0.0,上街区
economical_county,2010,211,1,0.0,丹寨县
economical_county,2010,212,1,0.0,黄山区
economical_county,2010,213,1,0.0,镇远县
economical_county,2010,214,1,0.0,平顺县
economical_county,2010,215,1,0.0,平远县
economical_county,2010,216,1,0.0,浮梁县
economical_county,2010,217,1,0.0,木垒哈萨克自治县
economical_county,2010,218,1,0.0,杜集区
economical_county,2010,219,1,0.0,当雄县
economical_county,2010,220,1,0.0,呼玛县
economical_county,2010,221,1,0.0,阿克陶县
economical_county,2010,222,1,0.0,凤山县
economical_county,2010,223,1,0.0,建始县
economical_county,2010,224,1,0.0,易门县
economical_county,2010,225,1,0.0,临澧县
economical_county,2010,226,1,0.0,富拉尔基区
economical_county,2010,227,1,0.0,源汇区
economical_county,2010,228,1,0.0,花垣县
economical_county,2010,229,1,0.0,布拖县
economical_county,2010,230,1,0.0,桂东县
economical_county,2010,231,1,0.0,华安县
economical_county,2010,232,1,0.0,崇义县
economical_county,2010,233,1,0.0,龙港区
economical_county,2010,234,1,0.0,向阳区
economical_county,2010,235,1,0.0,永仁县
economical_county,2010,236,1,0.0,云安区
economical_county,2010,237,1,0.0,新和县
economical_county,2010,238,1,0.0,新晃侗族自治县
economical_county,2010,239,1,0.0,龙亭区
economical_county,2010,240,1,0.0,黎城县
economical_county,2010,241,1,0.0,舟曲县
economical_county,2010,242,1,0.0,万山区
economical_county,2010,243,1,0.0,马村区
economical_county,2010,244,1,0.0,万秀区
economical_county,2010,245,1,0.0,石渠县
economical_county,2010,246,1,0.0,龙泉市
economical_county,2010,247,1,0.0,北塔区
economical_county,2010,248,1,0.0,普格县
economical_county,2010,249,1,0.0,大通区
economical_county,2010,250,1,0.0,桦川县
economical_county,2010,251,1,0.0,鹤峰县
economical_county,2010,252,1,0.0,金秀瑶族自治县
economical_county,2010,253,1,0.0,台江县
economical_county,2010,254,1,0.0,元宝山区
economical_county,2010,255,1,0.0,蒲县
economical_county,2010,256,1,0.0,盐源县
economical_county,2010,257,1,0.0,波密县
economical_county,2010,258,1,0.0,泽库县
economical_county,2010,259,1,0.0,南涧彝族自治县
economical_county,2010,260,1,0.0,岢岚县
economical_county,2010,261,1,0.0,留坝县
economical_county,2010,262,1,0.0,中站区
economical_county,2010,263,1,0.0,福贡县
economical_county,2010,264,1,0.0,襄垣县
economical_county,2010,265,1,0.0,红原县
economical_county,2010,266,1,0.0,达坂城区
economical_county,2010,267,1,0.0,松潘县
economical_county,2010,268,1,0.0,黑水县
economical_county,2010,269,1,0.0,大厂回族自治县
economical_county,2010,270,1,0.0,石龙区
economical_county,2010,271,1,0.0,城区
economical_county,2010,272,1,0.0,南山区
economical_county,2010,273,1,0.0,麻山区
economical_county,2010,274,1,0.0,西塞山区
economical_county,2010,275,1,0.0,荔波县
economical_county,2010,276,1,0.0,萨嘎县
economical_county,2010,277,1,0.0,神农架林区
economical_county,2010,278,1,0.0,下花园区
economical_county,2010,279,1,0.0,理县
economical_county,2010,280,1,0.0,井冈山市
economical_county,2010,281,1,0.0,鹤山区
economical_county,2010,282,1,0.0,凤庆县
economical_county,2010,283,1,0.0,西市区
economical_county,2010,284,1,0.0,那坡县
economical_county,2010,285,1,0.0,古冶区
economical_county,2010,286,1,0.0,朗县
economical_county,2010,287,1,0.0,阳东区
economical_county,2010,288,1,0.0,定结县
economical_county,2010,289,1,0.0,册亨县
economical_county,2010,290,1,0.0,凌云县
economical_county,2010,291,1,0.0,恩平市
economical_county,2010,292,1,0.0,巴林右旗
economical_county,2010,293,1,0.0,源城区
economical_county,2010,294,1,0.0,吉木乃县
economical_county,2010,295,1,0.0,新抚区
economical_county,2010,296,1,0.0,东乡区
economical_county,2010,297,1,0.0,城子河区
economical_county,2010,298,1,0.0,蒙山县
economical_county,2010,299,1,0.0,太白县
economical_county,2010,300,1,0.0,玛多县
economical_county,2010,301,1,0.0,革吉县
economical_county,2010,302,1,0.0,杂多县
economical_county,2010,303,1,0.0,乐亭县
economical_county,2010,304,1,0.0,改则县
economical_county,2010,305,1,0.0,乌恰县
economical_county,2010,306,1,0.0,平谷区
economical_county,2010,307,1,0.0,若尔盖县
economical_county,2010,308,1,0.0,龙安区
economical_county,2010,309,1,0.0,治多县
economical_county,2010,310,1,0.0,鹰手营子矿区
economical_county,2010,311,1,0.0,哈巴河县
economical_county,2010,312,1,0.0,乌拉特后旗
economical_county,2010,313,1,0.0,平塘县
economical_county,2010,314,1,0.0,特克斯县
economical_county,2010,315,1,0.0,阿拉山口市
economical_county,2010,316,1,0.0,泸定县
economical_county,2010,317,1,0.0,阿坝县
economical_county,2010,318,1,0.0,白云鄂博矿区
economical_county,2010,319,1,0.0,带岭区
economical_county,2010,320,1,0.0,桃山区
economical_county,2010,321,1,0.0,点军区
economical_county,2010,322,1,0.0,古丈县
economical_county,2010,323,1,0.0,阿合奇县
economical_county,2010,324,1,0.0,德钦县
economical_county,2010,325,1,0.0,木里藏族自治县
economical_county,2010,326,1,0.0,曲麻莱县
economical_county,2010,327,1,0.0,定南县
economical_county,2010,328,1,0.0,上甘岭区
economical_county,2010,329,1,0.0,乡城县
economical_county,2010,330,1,0.0,嵊泗县
economical_county,2010,331,1,0.0,塔什库尔干塔吉克自治县
economical_county,2010,332,1,0.0,裕民县
economical_county,2010,333,1,0.0,阿拉善右旗
economical_county,2010,334,1,0.0,甘洛县
economical_county,2010,335,1,0.0,鄂温克族自治旗
economical_county,2010,336,1,0.0,长白朝鲜族自治县
economical_county,2010,337,1,0.0,清河门区
economical_county,2010,338,1,0.0,仲巴县
economical_county,2010,339,1,0.0,阿克塞哈萨克族自治县
economical_county,2010,340,1,0.0,壤塘县
economical_county,2010,341,1,0.0,佛坪县
economical_county,2010,342,1,0.0,囊谦县
economical_county,2010,343,1,0.0,兴山区
economical_county,2010,344,1,0.0,聂拉木县
economical_county,2010,345,1,0.0,东乌珠穆沁旗
economical_county,2010,346,1,0.0,南澳县
economical_county,2010,347,1,0.0,噶尔县
economical_county,2010,348,1,0.0,永平县
economical_county,2010,349,1,0.0,得荣县
economical_county,2010,350,1,0.0,民丰县
economical_county,2010,351,1,0.0,甘德县
economical_county,2010,352,1,0.0,雅江县
economical_county,2010,353,1,0.0,乌马河区
economical_county,2010,354,1,0.0,碌曲县
economical_county,2010,355,1,0.0,武陵源区
economical_county,2010,356,1,0.0,道孚县
economical_county,2010,357,1,0.0,赣县区
economical_county,2010,358,1,0.0,东宁市
economical_county,2015,0,175,11.548571428571428,"贵溪市, 青山湖区, 丰泽区"
economical_county,2015,1,332,13.448795180722891,"濂溪区, 路桥区, 江干区"
economical_county,2015,2,1,0.0,武陵源区
economical_county,2015,3,1,0.0,道孚县
economical_county,2015,4,247,8.979757085020243,"克山县, 鲅鱼圈区, 船营区"
economical_county,2015,5,320,10.28125,"南山区, 永福县, 宝安区"
economical_county,2015,6,2,2.0,"青神县, 茂县"
economical_county,2015,7,65,8.138461538461538,"官渡区, 昌宁县, 勐腊县"
economical_county,2015,8,341,9.47800586510264,"睢县, 定州市, 朝阳区"
economical_county,2015,9,1,0.0,陕州区
economical_county,2015,10,1,0.0,沾益区
economical_county,2015,11,106,8.68867924528302,"新郑市, 二七区, 魏县"
economical_county,2015,12,1,0.0,永和县
economical_county,2015,13,1,0.0,措勤县
economical_county,2015,14,54,8.407407407407407,"武昌区, 黄陂区, 郧阳区"
economical_county,2015,15,90,9.855555555555556,"米脂县, 榆阳区, 临渭区"
economical_county,2015,16,74,11.256756756756756,"六枝特区, 南明区, 纳雍县"
economical_county,2015,17,201,11.542288557213931,"邻水县, 武侯区, 营山县"
economical_county,2015,18,1,0.0,武鸣区
economical_county,2015,19,1,0.0,遂平县
economical_county,2015,20,1,0.0,义安区
economical_county,2015,21,1,0.0,万全区
economical_county,2015,22,1,0.0,大洼区
economical_county,2015,23,1,0.0,腾冲市
economical_county,2015,24,55,7.454545454545454,"东河区, 商都县, 海南区"
economical_county,2015,25,1,0.0,布尔津县
economical_county,2015,26,1,0.0,辽阳县
economical_county,2015,27,1,0.0,久治县
economical_county,2015,28,1,0.0,平武县
economical_county,2015,29,27,12.333333333333334,"琼海市, 吉阳区, 秀英区"
economical_county,2015,30,1,0.0,禹王台区
economical_county,2015,31,1,0.0,房县
economical_county,2015,32,1,0.0,和布克赛尔蒙古自治县
economical_county,2015,33,1,0.0,靖安县
economical_county,2015,34,1,0.0,曲沃县
economical_county,2015,35,1,0.0,西林区
economical_county,2015,36,1,0.0,扎鲁特旗
economical_county,2015,37,1,0.0,麻江县
economical_county,2015,38,1,0.0,尚义县
economical_county,2015,39,1,0.0,平利县
economical_county,2015,40,1,0.0,磴口县
economical_county,2015,41,1,0.0,玉山县
economical_county,2015,42,1,0.0,清原满族自治县
economical_county,2015,43,207,10.053140096618357,"天门市, 岷县, 墨玉县"
economical_county,2015,44,1,0.0,永济市
economical_county,2015,45,1,0.0,喀喇沁左翼蒙古族自治县
economical_county,2015,46,1,0.0,泸西县
economical_county,2015,47,1,0.0,太子河区
economical_county,2015,48,1,0.0,洋县
economical_county,2015,49,1,0.0,博湖县
economical_county,2015,50,1,0.0,正镶白旗
economical_county,2015,51,2,1.0,"河曲县, 凤县"
economical_county,2015,52,1,0.0,肥乡区
economical_county,2015,53,1,0.0,萨迦县
economical_county,2015,54,1,0.0,建阳区
economical_county,2015,55,1,0.0,精河县
economical_county,2015,56,1,0.0,汉源县
economical_county,2015,57,1,0.0,临江市
economical_county,2015,58,1,0.0,双江拉祜族佤族布朗族傣族自治县
economical_county,2015,59,1,0.0,新荣区
economical_county,2015,60,1,0.0,温宿县
economical_county,2015,61,1,0.0,金阳县
economical_county,2015,62,1,0.0,武宣县
economical_county,2015,63,1,0.0,绿春县
economical_county,2015,64,1,0.0,柘荣县
economical_county,2015,65,1,0.0,镇沅彝族哈尼族拉祜族自治县
economical_county,2015,66,1,0.0,崇信县
economical_county,2015,67,1,0.0,东宁市
economical_county,2015,68,1,0.0,乌伊岭区
economical_county,2015,69,1,0.0,开化县
economical_county,2015,70,1,0.0,辽中区
economical_county,2015,71,1,0.0,象州县
economical_county,2015,72,1,0.0,宕昌县
economical_county,2015,73,1,0.0,右玉县
economical_county,2015,74,1,0.0,沿滩区
economical_county,2015,75,1,0.0,盘山县
economical_county,2015,76,1,0.0,龙山县
economical_county,2015,77,1,0.0,立山区
economical_county,2015,78,1,0.0,肃北蒙古族自治县
economical_county,2015,79,1,0.0,龙州县
economical_county,2015,80,1,0.0,河口瑶族自治县
economical_county,2015,81,1,0.0,赞皇县
economical_county,2015,82,1,0.0,红河县
economical_county,2015,83,1,0.0,岚山区
economical_county,2015,84,1,0.0,肃南裕固族自治县
economical_county,2015,85,1,0.0,二道江区
economical_county,2015,86,1,0.0,新华区
economical_county,2015,87,1,0.0,河口区
economical_county,2015,88,1,0.0,阳信县
economical_county,2015,89,1,0.0,老边区
economical_county,2015,90,1,0.0,开平区
economical_county,2015,91,1,0.0,崖州区
economical_county,2015,92,1,0.0,芦山县
economical_county,2015,93,1,0.0,富川瑶族自治县
economical_county,2015,94,1,0.0,武定县
economical_county,2015,95,1,0.0,屏山县
economical_county,2015,96,1,0.0,岳普湖县
economical_county,2015,97,1,0.0,抚顺县
economical_county,2015,98,1,0.0,五通桥区
economical_county,2015,99,1,0.0,新县
economical_county,2015,100,1,0.0,理塘县
economical_county,2015,101,1,0.0,天镇县
economical_county,2015,102,1,0.0,皮山县
economical_county,2015,103,1,0.0,江陵县
economical_county,2015,104,1,0.0,沧源佤族自治县
economical_county,2015,105,1,0.0,贡山独龙族怒族自治县
economical_county,2015,106,1,0.0,莫力达瓦达斡尔族自治旗
economical_county,2015,107,1,0.0,西盟佤族自治县
economical_county,2015,108,1,0.0,交城县
economical_county,2015,109,1,0.0,鄂托克前旗
economical_county,2015,110,1,0.0,芮城县
economical_county,2015,111,1,0.0,靖宇县
economical_county,2015,112,1,0.0,江永县
economical_county,2015,113,1,0.0,滴道区
economical_county,2015,114,1,0.0,景宁畲族自治县
economical_county,2015,115,1,0.0,集安市
economical_county,2015,116,1,0.0,西畴县
economical_county,2015,117,1,0.0,巍山彝族回族自治县
economical_county,2015,118,1,0.0,富宁县
economical_county,2015,119,1,0.0,东洲区
economical_county,2015,120,1,0.0,美姑县
economical_county,2015,121,1,0.0,新巴尔虎左旗
economical_county,2015,122,1,0.0,北戴河区
economical_county,2015,123,1,0.0,辰溪县
economical_county,2015,124,1,0.0,西乌珠穆沁旗
economical_county,2015,125,1,0.0,汝阳县
economical_county,2015,126,1,0.0,且末县
economical_county,2015,127,1,0.0,双牌县
economical_county,2015,128,1,0.0,梨树区
economical_county,2015,129,1,0.0,常山县
economical_county,2015,130,1,0.0,城步苗族自治县
economical_county,2015,131,1,0.0,柯坪县
economical_county,2015,132,1,0.0,天全县
economical_county,2015,133,1,0.0,双滦区
economical_county,2015,134,1,0.0,台前县
economical_county,2015,135,1,0.0,洪雅县
economical_county,2015,136,1,0.0,龙门县
economical_county,2015,137,1,0.0,白朗县
economical_county,2015,138,1,0.0,兰坪白族普米族自治县
economical_county,2015,139,1,0.0,金塔县
economical_county,2015,140,1,0.0,昭苏县
economical_county,2015,141,1,0.0,称多县
economical_county,2015,142,1,0.0,逊克县
economical_county,2015,143,1,0.0,炉霍县
economical_county,2015,144,90,10.0,"历城区, 邵阳县, 历下区"
economical_county,2015,145,1,0.0,施秉县
economical_county,2015,146,1,0.0,龙圩区
economical_county,2015,147,1,0.0,神池县
economical_county,2015,148,1,0.0,元谋县
economical_county,2015,149,1,0.0,淮上区
economical_county,2015,150,1,0.0,丹巴县
economical_county,2015,151,1,0.0,太平区
economical_county,2015,152,1,0.0,南漳县
economical_county,2015,153,1,0.0,华州区
economical_county,2015,154,1,0.0,兴安区
economical_county,2015,155,1,0.0,石拐区
economical_county,2015,156,1,0.0,深州市
economical_county,2015,157,1,0.0,老河口市
economical_county,2015,158,1,0.0,连平县
economical_county,2015,159,1,0.0,谢通门县
economical_county,2015,160,1,0.0,峨山彝族自治县
economical_county,2015,161,1,0.0,昌乐县
economical_county,2015,162,1,0.0,铁东区
economical_county,2015,163,1,0.0,馆陶县
economical_county,2015,164,1,0.0,莲花县
economical_county,2015,165,1,0.0,盐津县
economical_county,2015,166,1,0.0,青川县
economical_county,2015,167,1,0.0,绵竹市
economical_county,2015,168,1,0.0,峨边彝族自治县
economical_county,2015,169,1,0.0,普兰县
economical_county,2015,170,1,0.0,碾子山区
economical_county,2015,171,1,0.0,烈山区
economical_county,2015,172,1,0.0,贵定县
economical_county,2015,173,1,0.0,望都县
economical_county,2015,174,1,0.0,昂昂溪区
economical_county,2015,175,1,0.0,务川仡佬族苗族自治县
economical_county,2015,176,1,0.0,平乐县
economical_county,2015,177,1,0.0,克什克腾旗
economical_county,2015,178,1,0.0,昭觉县
economical_county,2015,179,1,0.0,九寨沟县
economical_county,2015,180,1,0.0,宽城满族自治县
economical_county,2015,181,1,0.0,陇川县
economical_county,2015,182,1,0.0,五营区
economical_county,2015,183,1,0.0,细河区
economical_county,2015,184,1,0.0,荥经县
economical_county,2015,185,1,0.0,梅里斯达斡尔族区
economical_county,2015,186,1,0.0,振安区
economical_county,2015,187,1,0.0,两当县
economical_county,2015,188,1,0.0,泽普县
economical_county,2015,189,1,0.0,黄山区
economical_county,2015,190,1,0.0,徽县
economical_county,2015,191,1,0.0,平远县
economical_county,2015,192,1,0.0,木垒哈萨克自治县
economical_county,2015,193,1,0.0,杜集区
economical_county,2015,194,1,0.0,福海县
economical_county,2015,195,1,0.0,临淄区
economical_county,2015,196,1,0.0,坡头区
economical_county,2015,197,1,0.0,于田县
economical_county,2015,198,1,0.0,万安县
economical_county,2015,199,1,0.0,易门县
economical_county,2015,200,1,0.0,井陉矿区
economical_county,2015,201,1,0.0,玉龙纳西族自治县
economical_county,2015,202,1,0.0,布拖县
economical_county,2015,203,1,0.0,崇义县
economical_county,2015,204,1,0.0,振兴区
economical_county,2015,205,1,0.0,新宁县
economical_county,2015,206,1,0.0,独山子区
economical_county,2015,207,1,0.0,云安区
economical_county,2015,208,1,0.0,铁岭县
economical_county,2015,209,1,0.0,新晃侗族自治县
economical_county,2015,210,1,0.0,宁南县
economical_county,2015,211,1,0.0,南岳区
economical_county,2015,212,1,0.0,黎城县
economical_county,2015,213,1,0.0,万山区
economical_county,2015,214,1,0.0,南乐县
economical_county,2015,215,1,0.0,炎陵县
economical_county,2015,216,1,0.0,马村区
economical_county,2015,217,1,0.0,麟游县
economical_county,2015,218,1,0.0,石渠县
economical_county,2015,219,1,0.0,大通区
economical_county,2015,220,1,0.0,河东区
economical_county,2015,221,1,0.0,民乐县
economical_county,2015,222,1,0.0,金秀瑶族自治县
economical_county,2015,223,1,0.0,甘泉县
economical_county,2015,224,1,0.0,库伦旗
economical_county,2015,225,1,0.0,迭部县
economical_county,2015,226,1,0.0,台江县
economical_county,2015,227,1,0.0,蒲县
economical_county,2015,228,1,0.0,波密县
economical_county,2015,229,1,0.0,资源县
economical_county,2015,230,1,0.0,冕宁县
economical_county,2015,231,1,0.0,宝兴县
economical_county,2015,232,1,0.0,洱源县
economical_county,2015,233,1,0.0,四方台区
economical_county,2015,234,1,0.0,红星区
economical_county,2015,235,1,0.0,留坝县
economical_county,2015,236,1,0.0,武强县
economical_county,2015,237,1,0.0,中站区
economical_county,2015,238,1,0.0,福贡县
economical_county,2015,239,1,0.0,松潘县
economical_county,2015,240,1,0.0,黑水县
economical_county,2015,241,1,0.0,额济纳旗
economical_county,2015,242,1,0.0,大厂回族自治县
economical_county,2015,243,1,0.0,南票区
economical_county,2015,244,1,0.0,龙胜各族自治县
economical_county,2015,245,1,0.0,高港区
economical_county,2015,246,1,0.0,岳西县
economical_county,2015,247,1,0.0,萨嘎县
economical_county,2015,248,1,0.0,淇县
economical_county,2015,249,1,0.0,亚东县
economical_county,2015,250,1,0.0,神农架林区
economical_county,2015,251,1,0.0,下花园区
economical_county,2015,252,1,0.0,日土县
economical_county,2015,253,1,0.0,理县
economical_county,2015,254,1,0.0,始兴县
economical_county,2015,255,1,0.0,汝城县
economical_county,2015,256,1,0.0,洛川县
economical_county,2015,257,1,0.0,古冶区
economical_county,2015,258,1,0.0,朗县
economical_county,2015,259,1,0.0,仁化县
economical_county,2015,260,1,0.0,东山县
economical_county,2015,261,1,0.0,定结县
economical_county,2015,262,1,0.0,陆河县
economical_county,2015,263,1,0.0,冀州区
economical_county,2015,264,1,0.0,广昌县
economical_county,2015,265,1,0.0,册亨县
economical_county,2015,266,1,0.0,巴林右旗
economical_county,2015,267,1,0.0,尖扎县
economical_county,2015,268,1,0.0,东乡区
economical_county,2015,269,1,0.0,蒙山县
economical_county,2015,270,1,0.0,德安县
economical_county,2015,271,1,0.0,班玛县
economical_county,2015,272,1,0.0,太白县
economical_county,2015,273,1,0.0,蕉岭县
economical_county,2015,274,1,0.0,革吉县
economical_county,2015,275,1,0.0,杂多县
economical_county,2015,276,1,0.0,改则县
economical_county,2015,277,1,0.0,乌恰县
economical_county,2015,278,1,0.0,若尔盖县
economical_county,2015,279,1,0.0,青河县
economical_county,2015,280,1,0.0,金山屯区
economical_county,2015,281,1,0.0,叶集区
economical_county,2015,282,1,0.0,建宁县
economical_county,2015,283,1,0.0,德昌县
economical_county,2015,284,1,0.0,哈巴河县
economical_county,2015,285,1,0.0,特克斯县
economical_county,2015,286,1,0.0,阿拉山口市
economical_county,2015,287,1,0.0,山城区
economical_county,2015,288,1,0.0,新巴尔虎右旗
economical_county,2015,289,1,0.0,阿坝县
economical_county,2015,290,1,0.0,沂源县
economical_county,2015,291,1,0.0,白云鄂博矿区
economical_county,2015,292,1,0.0,带岭区
economical_county,2015,293,1,0.0,广饶县
economical_county,2015,294,1,0.0,点军区
economical_county,2015,295,1,0.0,吉隆县
economical_county,2015,296,1,0.0,阿合奇县
economical_county,2015,297,1,0.0,德钦县
economical_county,2015,298,1,0.0,曲麻莱县
economical_county,2015,299,1,0.0,定南县
economical_county,2015,300,1,0.0,上甘岭区
economical_county,2015,301,1,0.0,乡城县
economical_county,2015,302,1,0.0,嵊泗县
economical_county,2015,303,1,0.0,塔什库尔干塔吉克自治县
economical_county,2015,304,1,0.0,裕民县
economical_county,2015,305,1,0.0,阿拉善右旗
economical_county,2015,306,1,0.0,甘洛县
economical_county,2015,307,1,0.0,鄂温克族自治旗
economical_county,2015,308,1,0.0,清河门区
economical_county,2015,309,1,0.0,容城县
economical_county,2015,310,1,0.0,仲巴县
economical_county,2015,311,1,0.0,镶黄旗
economical_county,2015,312,1,0.0,阿克塞哈萨克族自治县
economical_county,2015,313,1,0.0,壤塘县
economical_county,2015,314,1,0.0,佛坪县
economical_county,2015,315,1,0.0,兴山区
economical_county,2015,316,1,0.0,聂拉木县
economical_county,2015,317,1,0.0,东乌珠穆沁旗
economical_county,2015,318,1,0.0,噶尔县
economical_county,2015,319,1,0.0,永平县
economical_county,2015,320,1,0.0,得荣县
economical_county,2015,321,1,0.0,民丰县
economical_county,2015,322,1,0.0,甘德县
economical_county,2015,323,1,0.0,雅江县
economical_county,2015,324,1,0.0,乌马河区
economical_county,2015,325,1,0.0,碌曲县
economical_county,full,0,385,181.07792207792207,"贵溪市, 青山湖区, 濂溪区"
economical_county,full,1,481,119.25987525987526,"南山区, 永福县, 宝安区"
economical_county,full,2,26,198.03846153846155,"琼海市, 吉阳区, 秀英区"
economical_county,full,3,165,146.1757575757576,"丰泽区, 集美区, 六枝特区"
economical_county,full,4,305,87.27868852459017,"克山县, 鲅鱼圈区, 船营区"
economical_county,full,5,345,105.07826086956521,"邻水县, 通川区, 武侯区"
economical_county,full,6,480,123.49375,"睢县, 定州市, 历城区"
economical_county,full,7,176,100.11363636363636,"永和县, 平遥县, 东河区"
economical_county,full,8,334,111.34131736526946,"米脂县, 榆阳区, 临渭区"
economical_prefecture,1980,0,1,0.0,鹰潭市
economical_prefecture,1980,1,10,2.0,"南昌市, 上海市, 温州市"
economical_prefecture,1980,2,5,2.0,"九江市, 台州市, 杭州市"
economical_prefecture,1980,3,1,0.0,深圳市
economical_prefecture,1980,4,13,1.9230769230769231,"广安市, 贵阳市, 毕节市"
economical_prefecture,1980,5,1,0.0,泉州市
economical_prefecture,1980,6,2,1.0,"达州市, 泸州市"
economical_prefecture,1980,7,2,1.0,"成都市, 资阳市"
economical_prefecture,1980,8,6,2.0,"齐齐哈尔市, 南充市, 乌兰察布市"
economical_prefecture,1980,9,1,0.0,营口市
economical_prefecture,1980,10,1,0.0,桂林市
economical_prefecture,1980,11,1,0.0,眉山市
economical_prefecture,1980,12,1,0.0,昆明市
economical_prefecture,1980,13,1,0.0,淮南市
economical_prefecture,1980,14,1,0.0,合肥市
economical_prefecture,1980,15,2,1.0,"商丘市, 洛阳市"
economical_prefecture,1980,16,2,1.0,"保定市, 吉林市"
economical_prefecture,1980,17,1,0.0,鹤壁市
economical_prefecture,1980,18,2,1.0,"菏泽市, 运城市"
economical_prefecture,1980,19,1,0.0,苏州市
economical_prefecture,1980,20,3,1.3333333333333333,"哈尔滨市, 佳木斯市, 大庆市"
economical_prefecture,1980,21,1,0.0,郑州市
economical_prefecture,1980,22,1,0.0,厦门市
economical_prefecture,1980,23,1,0.0,临汾市
economical_prefecture,1980,24,8,1.875,"湖北省, 重庆市, 呼伦贝尔市"
economical_prefecture,1980,25,7,1.7142857142857142,"武汉市, 包头市, 信阳市"
economical_prefecture,1980,26,1,0.0,榆林市
economical_prefecture,1980,27,1,0.0,临沧市
economical_prefecture,1980,28,1,0.0,保山市
economical_prefecture,1980,29,1,0.0,六盘水市
economical_prefecture,1980,30,1,0.0,阿里地区
economical_prefecture,1980,31,13,2.0,"济南市, 北京市, 阜阳市"
economical_prefecture,1980,32,1,0.0,开封市
economical_prefecture,1980,33,1,0.0,衡阳市
economical_prefecture,1980,34,1,0.0,西双版纳傣族自治州
economical_prefecture,1980,35,3,1.3333333333333333,"渭南市, 乌鲁木齐市, 昌吉回族自治州"
economical_prefecture,1980,36,7,2.2857142857142856,"西安市, 咸阳市, 西宁市"
economical_prefecture,1980,37,1,0.0,邵阳市
economical_prefecture,1980,38,1,0.0,驻马店市
economical_prefecture,1980,39,1,0.0,鹤岗市
economical_prefecture,1980,40,1,0.0,邯郸市
economical_prefecture,1980,41,1,0.0,定西市
economical_prefecture,1980,42,1,0.0,南平市
economical_prefecture,1980,43,3,1.3333333333333333,"赣州市, 怀化市, 益阳市"
economical_prefecture,1980,44,1,0.0,和田地区
economical_prefecture,1980,45,1,0.0,莆田市
economical_prefecture,1980,46,2,1.0,"延边朝鲜族自治州, 济宁市"
economical_prefecture,1980,47,1,0.0,宜宾市
economical_prefecture,1980,48,2,1.0,"阿克苏地区, 忻州市"
economical_prefecture,1980,49,1,0.0,曲靖市
economical_prefecture,1980,50,1,0.0,百色市
economical_prefecture,1980,51,1,0.0,阜新市
economical_prefecture,1980,52,1,0.0,宝鸡市
economical_prefecture,1980,53,4,1.5,"宜春市, 南京市, 湘潭市"
economical_prefecture,1980,54,1,0.0,大连市
economical_prefecture,1980,55,1,0.0,咸宁市
economical_prefecture,1980,56,2,1.0,"天水市, 武威市"
economical_prefecture,1980,57,1,0.0,周口市
economical_prefecture,1980,58,1,0.0,威海市
economical_prefecture,1980,59,3,1.3333333333333333,"绥化市, 沈阳市, 鸡西市"
economical_prefecture,1980,60,1,0.0,鞍山市
economical_prefecture,1980,61,1,0.0,铜陵市
economical_prefecture,1980,62,1,0.0,马鞍山市
economical_prefecture,1980,63,1,0.0,庆阳市
economical_prefecture,1980,64,1,0.0,常德市
economical_prefecture,1980,65,1,0.0,自贡市
economical_prefecture,1980,66,2,1.0,"晋中市, 徐州市"
economical_prefecture,1980,67,1,0.0,无锡市
economical_prefecture,1980,68,1,0.0,锦州市
economical_prefecture,1980,69,1,0.0,乌海市
economical_prefecture,1980,70,1,0.0,蚌埠市
economical_prefecture,1980,71,1,0.0,普洱市
economical_prefecture,1980,72,1,0.0,郴州市
economical_prefecture,1980,73,3,1.3333333333333333,"太原市, 泰安市, 德州市"
economical_prefecture,1980,74,1,0.0,三明市
economical_prefecture,1980,75,1,0.0,昭通市
economical_prefecture,1980,76,1,0.0,大理白族自治州
economical_prefecture,1980,77,1,0.0,楚雄彝族自治州
economical_prefecture,1980,78,1,0.0,四平市
economical_prefecture,1980,79,1,0.0,黔东南苗族侗族自治州
economical_prefecture,1980,80,1,0.0,鄂尔多斯市
economical_prefecture,1980,81,1,0.0,上饶市
economical_prefecture,1980,82,1,0.0,许昌市
economical_prefecture,1980,83,1,0.0,龙岩市
economical_prefecture,1980,84,1,0.0,朔州市
economical_prefecture,1980,85,3,1.3333333333333333,"孝感市, 十堰市, 青岛市"
economical_prefecture,1980,86,1,0.0,松原市
economical_prefecture,1980,87,1,0.0,长春市
economical_prefecture,1980,88,1,0.0,阿勒泰地区
economical_prefecture,1980,89,1,0.0,延安市
economical_prefecture,1980,90,1,0.0,辽阳市
economical_prefecture,1980,91,1,0.0,黔南布依族苗族自治州
economical_prefecture,1980,92,1,0.0,清远市
economical_prefecture,1980,93,1,0.0,承德市
economical_prefecture,1980,94,2,1.0,"通辽市, 铁岭市"
economical_prefecture,1980,95,1,0.0,株洲市
economical_prefecture,1980,96,7,1.7142857142857142,"绵阳市, 海南省, 柳州市"
economical_prefecture,1980,97,1,0.0,新乡市
economical_prefecture,1980,98,1,0.0,白城市
economical_prefecture,1980,99,1,0.0,兰州市
economical_prefecture,1980,100,1,0.0,梅州市
economical_prefecture,1980,101,1,0.0,商洛市
economical_prefecture,1980,102,6,1.6666666666666667,"汕头市, 广州市, 惠州市"
economical_prefecture,1980,103,1,0.0,三亚市
economical_prefecture,1980,104,1,0.0,阳泉市
economical_prefecture,1980,105,1,0.0,沧州市
economical_prefecture,1980,106,1,0.0,日照市
economical_prefecture,1980,107,1,0.0,林芝市
economical_prefecture,1980,108,1,0.0,安阳市
economical_prefecture,1980,109,1,0.0,丽水市
economical_prefecture,1980,110,1,0.0,钦州市
economical_prefecture,1980,111,1,0.0,唐山市
economical_prefecture,1980,112,1,0.0,塔城地区
economical_prefecture,1980,113,1,0.0,枣庄市
economical_prefecture,1980,114,1,0.0,廊坊市
economical_prefecture,1980,115,1,0.0,湖州市
economical_prefecture,1980,116,1,0.0,抚州市
economical_prefecture,1980,117,1,0.0,平凉市
economical_prefecture,1980,118,1,0.0,江门市
economical_prefecture,1980,119,1,0.0,永州市
economical_prefecture,1980,120,1,0.0,伊犁哈萨克自治州
economical_prefecture,1980,121,1,0.0,黄山市
economical_prefecture,1980,122,1,0.0,双鸭山市
economical_prefecture,1980,123,1,0.0,伊春市
economical_prefecture,1980,124,1,0.0,常州市
economical_prefecture,1980,125,1,0.0,中卫市
economical_prefecture,1980,126,2,1.0,"黄石市, 黄冈市"
economical_prefecture,1980,127,1,0.0,吴忠市
economical_prefecture,1980,128,1,0.0,衡水市
economical_prefecture,1980,129,1,0.0,安康市
economical_prefecture,1980,130,2,1.0,"牡丹江市, 赤峰市"
economical_prefecture,1980,131,1,0.0,海口市
economical_prefecture,1980,132,1,0.0,喀什地区
economical_prefecture,1980,133,1,0.0,揭阳市
economical_prefecture,1980,134,1,0.0,凉山彝族自治州
economical_prefecture,1980,135,2,1.0,"德阳市, 通化市"
economical_prefecture,1980,136,1,0.0,东营市
economical_prefecture,1980,137,1,0.0,石嘴山市
economical_prefecture,1980,138,1,0.0,抚顺市
economical_prefecture,1980,139,1,0.0,陇南市
economical_prefecture,1980,140,1,0.0,亳州市
economical_prefecture,1980,141,1,0.0,新余市
economical_prefecture,1980,142,1,0.0,六安市
economical_prefecture,1980,143,1,0.0,拉萨市
economical_prefecture,1980,144,1,0.0,萍乡市
economical_prefecture,1980,145,1,0.0,聊城市
economical_prefecture,1980,146,1,0.0,本溪市
economical_prefecture,1980,147,1,0.0,大兴安岭地区
economical_prefecture,1980,148,1,0.0,朝阳市
economical_prefecture,1980,149,1,0.0,迪庆藏族自治州
economical_prefecture,1980,150,1,0.0,汉中市
economical_prefecture,1980,151,1,0.0,日喀则市
economical_prefecture,1980,152,1,0.0,文山壮族苗族自治州
economical_prefecture,1980,153,1,0.0,漳州市
economical_prefecture,1980,154,1,0.0,宿州市
economical_prefecture,1980,155,1,0.0,镇江市
economical_prefecture,1980,156,1,0.0,嘉兴市
economical_prefecture,1980,157,1,0.0,博尔塔拉蒙古自治州
economical_prefecture,1980,158,1,0.0,河源市
economical_prefecture,1980,159,1,0.0,崇左市
economical_prefecture,1980,160,1,0.0,扬州市
economical_prefecture,1980,161,1,0.0,克拉玛依市
economical_prefecture,1980,162,1,0.0,盘锦市
economical_prefecture,1980,163,1,0.0,雅安市
economical_prefecture,1980,164,1,0.0,长治市
economical_prefecture,1980,165,1,0.0,克孜勒苏柯尔克孜自治州
economical_prefecture,1980,166,1,0.0,白山市
economical_prefecture,1980,167,1,0.0,恩施土家族苗族自治州
economical_prefecture,1980,168,1,0.0,茂名市
economical_prefecture,1980,169,1,0.0,安顺市
economical_prefecture,1980,170,1,0.0,葫芦岛市
economical_prefecture,1980,171,1,0.0,秦皇岛市
economical_prefecture,1980,172,1,0.0,黄南藏族自治州
economical_prefecture,1980,173,1,0.0,来宾市
economical_prefecture,1980,174,1,0.0,宁德市
economical_prefecture,1980,175,1,0.0,芜湖市
economical_prefecture,1980,176,1,0.0,攀枝花市
economical_prefecture,1980,177,1,0.0,金昌市
economical_prefecture,1980,178,1,0.0,焦作市
economical_prefecture,1980,179,1,0.0,衢州市
economical_prefecture,1980,180,1,0.0,襄阳市
economical_prefecture,1980,181,1,0.0,兴安盟
economical_prefecture,1980,182,1,0.0,巴中市
economical_prefecture,1980,183,1,0.0,荆州市
economical_prefecture,1980,184,1,0.0,玉溪市
economical_prefecture,1980,185,1,0.0,吐鲁番市
economical_prefecture,1980,186,1,0.0,宿迁市
economical_prefecture,1980,187,1,0.0,随州市
economical_prefecture,1980,188,1,0.0,鄂州市
economical_prefecture,1980,189,1,0.0,酒泉市
economical_prefecture,1980,190,1,0.0,临沂市
economical_prefecture,1980,191,1,0.0,丽江市
economical_prefecture,1980,192,1,0.0,濮阳市
economical_prefecture,1980,193,1,0.0,果洛藏族自治州
economical_prefecture,1980,194,1,0.0,乐山市
economical_prefecture,1980,195,1,0.0,潍坊市
economical_prefecture,1980,196,1,0.0,阳江市
economical_prefecture,1980,197,1,0.0,黑河市
economical_prefecture,1980,198,1,0.0,张掖市
economical_prefecture,1980,199,1,0.0,丹东市
economical_prefecture,1980,200,1,0.0,云浮市
economical_prefecture,1980,201,1,0.0,珠海市
economical_prefecture,1980,202,1,0.0,滨州市
economical_prefecture,1980,203,1,0.0,潮州市
economical_prefecture,1980,204,1,0.0,海南藏族自治州
economical_prefecture,1980,205,1,0.0,七台河市
economical_prefecture,1980,206,1,0.0,淮安市
economical_prefecture,1980,207,1,0.0,吉安市
economical_prefecture,1980,208,1,0.0,荆门市
economical_prefecture,1980,209,1,0.0,德宏傣族景颇族自治州
economical_prefecture,1980,210,1,0.0,烟台市
economical_prefecture,1980,211,1,0.0,贺州市
economical_prefecture,1980,212,1,0.0,辽源市
economical_prefecture,1980,213,1,0.0,铜川市
economical_prefecture,1980,214,1,0.0,甘孜藏族自治州
economical_prefecture,1980,215,1,0.0,防城港市
economical_prefecture,1980,216,1,0.0,湛江市
economical_prefecture,1980,217,1,0.0,阿拉善盟
economical_prefecture,1980,218,1,0.0,淮北市
economical_prefecture,1980,219,1,0.0,怒江傈僳族自治州
economical_prefecture,1980,220,1,0.0,广元市
economical_prefecture,1980,221,1,0.0,河南省
economical_prefecture,1980,222,1,0.0,北海市
economical_prefecture,1980,223,1,0.0,池州市
economical_prefecture,1980,224,1,0.0,肇庆市
economical_prefecture,1980,225,1,0.0,张家界市
economical_prefecture,1980,226,1,0.0,宣城市
economical_prefecture,1980,227,1,0.0,淄博市
economical_prefecture,1980,228,1,0.0,汕尾市
economical_prefecture,1980,229,1,0.0,玉树藏族自治州
economical_prefecture,1980,230,1,0.0,阿坝藏族羌族自治州
economical_prefecture,1985,0,19,3.0526315789473686,"鹰潭市, 合肥市, 苏州市"
economical_prefecture,1985,1,2,1.0,"南昌市, 宜春市"
economical_prefecture,1985,2,1,0.0,九江市
economical_prefecture,1985,3,16,2.4375,"深圳市, 湖北省, 衡阳市"
economical_prefecture,1985,4,7,2.4285714285714284,"广安市, 泉州市, 莆田市"
economical_prefecture,1985,5,18,2.611111111111111,"达州市, 北京市, 天津市"
economical_prefecture,1985,6,29,3.2413793103448274,"成都市, 营口市, 临沧市"
economical_prefecture,1985,7,18,2.388888888888889,"齐齐哈尔市, 台州市, 哈尔滨市"
economical_prefecture,1985,8,1,0.0,舟山市
economical_prefecture,1985,9,1,0.0,桂林市
economical_prefecture,1985,10,14,2.2857142857142856,"眉山市, 南充市, 临汾市"
economical_prefecture,1985,11,8,2.75,"昆明市, 西双版纳傣族自治州, 宜宾市"
economical_prefecture,1985,12,7,2.0,"杭州市, 南京市, 徐州市"
economical_prefecture,1985,13,14,2.0,"淮南市, 郑州市, 西安市"
economical_prefecture,1985,14,9,2.3333333333333335,"商丘市, 菏泽市, 榆林市"
economical_prefecture,1985,15,11,3.0,"保定市, 邵阳市, 南平市"
economical_prefecture,1985,16,2,1.0,"吉林市, 长春市"
economical_prefecture,1985,17,1,0.0,济南市
economical_prefecture,1985,18,1,0.0,厦门市
economical_prefecture,1985,19,1,0.0,保山市
economical_prefecture,1985,20,1,0.0,开封市
economical_prefecture,1985,21,1,0.0,邯郸市
economical_prefecture,1985,22,1,0.0,赣州市
economical_prefecture,1985,23,1,0.0,和田地区
economical_prefecture,1985,24,1,0.0,平顶山市
economical_prefecture,1985,25,1,0.0,延边朝鲜族自治州
economical_prefecture,1985,26,1,0.0,阿克苏地区
economical_prefecture,1985,27,1,0.0,百色市
economical_prefecture,1985,28,1,0.0,阜新市
economical_prefecture,1985,29,2,1.0,"白银市, 天水市"
economical_prefecture,1985,30,1,0.0,大连市
economical_prefecture,1985,31,1,0.0,威海市
economical_prefecture,1985,32,1,0.0,庆阳市
economical_prefecture,1985,33,7,1.7142857142857142,"银川市, 包头市, 平凉市"
economical_prefecture,1985,34,1,0.0,常德市
economical_prefecture,1985,35,1,0.0,晋中市
economical_prefecture,1985,36,1,0.0,锦州市
economical_prefecture,1985,37,1,0.0,呼伦贝尔市
economical_prefecture,1985,38,1,0.0,武威市
economical_prefecture,1985,39,1,0.0,乌海市
economical_prefecture,1985,40,1,0.0,蚌埠市
economical_prefecture,1985,41,1,0.0,巴音郭楞蒙古自治州
economical_prefecture,1985,42,1,0.0,郴州市
economical_prefecture,1985,43,1,0.0,乌鲁木齐市
economical_prefecture,1985,44,1,0.0,昭通市
economical_prefecture,1985,45,1,0.0,四平市
economical_prefecture,1985,46,3,2.0,"上饶市, 景德镇市, 荆门市"
economical_prefecture,1985,47,1,0.0,朔州市
economical_prefecture,1985,48,1,0.0,松原市
economical_prefecture,1985,49,1,0.0,阿勒泰地区
economical_prefecture,1985,50,1,0.0,黔南布依族苗族自治州
economical_prefecture,1985,51,1,0.0,清远市
economical_prefecture,1985,52,1,0.0,承德市
economical_prefecture,1985,53,1,0.0,临夏回族自治州
economical_prefecture,1985,54,1,0.0,通辽市
economical_prefecture,1985,55,1,0.0,株洲市
economical_prefecture,1985,56,2,1.0,"新乡市, 随州市"
economical_prefecture,1985,57,1,0.0,南阳市
economical_prefecture,1985,58,6,2.0,"海南省, 汕头市, 三亚市"
economical_prefecture,1985,59,1,0.0,铜仁市
economical_prefecture,1985,60,1,0.0,怀化市
economical_prefecture,1985,61,1,0.0,阳泉市
economical_prefecture,1985,62,1,0.0,日照市
economical_prefecture,1985,63,2,1.0,"泰安市, 聊城市"
economical_prefecture,1985,64,1,0.0,安阳市
economical_prefecture,1985,65,1,0.0,钦州市
economical_prefecture,1985,66,2,1.0,"南宁市, 河池市"
economical_prefecture,1985,67,1,0.0,唐山市
economical_prefecture,1985,68,1,0.0,佳木斯市
economical_prefecture,1985,69,1,0.0,抚州市
economical_prefecture,1985,70,1,0.0,黄山市
economical_prefecture,1985,71,1,0.0,双鸭山市
economical_prefecture,1985,72,1,0.0,金华市
economical_prefecture,1985,73,1,0.0,福州市
economical_prefecture,1985,74,1,0.0,黄石市
economical_prefecture,1985,75,1,0.0,安康市
economical_prefecture,1985,76,2,1.0,"沈阳市, 葫芦岛市"
economical_prefecture,1985,77,1,0.0,海西蒙古族藏族自治州
economical_prefecture,1985,78,1,0.0,德阳市
economical_prefecture,1985,79,1,0.0,东营市
economical_prefecture,1985,80,1,0.0,抚顺市
economical_prefecture,1985,81,1,0.0,陇南市
economical_prefecture,1985,82,1,0.0,新余市
economical_prefecture,1985,83,1,0.0,黄冈市
economical_prefecture,1985,84,1,0.0,鸡西市
economical_prefecture,1985,85,1,0.0,萍乡市
economical_prefecture,1985,86,1,0.0,绍兴市
economical_prefecture,1985,87,1,0.0,本溪市
economical_prefecture,1985,88,1,0.0,大兴安岭地区
economical_prefecture,1985,89,1,0.0,迪庆藏族自治州
economical_prefecture,1985,90,1,0.0,昌吉回族自治州
economical_prefecture,1985,91,1,0.0,日喀则市
economical_prefecture,1985,92,1,0.0,玉林市
economical_prefecture,1985,93,1,0.0,文山壮族苗族自治州
economical_prefecture,1985,94,1,0.0,漳州市
economical_prefecture,1985,95,1,0.0,镇江市
economical_prefecture,1985,96,1,0.0,韶关市
economical_prefecture,1985,97,1,0.0,河源市
economical_prefecture,1985,98,1,0.0,崇左市
economical_prefecture,1985,99,1,0.0,克拉玛依市
economical_prefecture,1985,100,1,0.0,盘锦市
economical_prefecture,1985,101,1,0.0,长治市
economical_prefecture,1985,102,1,0.0,克孜勒苏柯尔克孜自治州
economical_prefecture,1985,103,1,0.0,恩施土家族苗族自治州
economical_prefecture,1985,104,1,0.0,海北藏族自治州
economical_prefecture,1985,105,1,0.0,大同市
economical_prefecture,1985,106,1,0.0,安顺市
economical_prefecture,1985,107,1,0.0,滁州市
economical_prefecture,1985,108,1,0.0,甘南藏族自治州
economical_prefecture,1985,109,1,0.0,黄南藏族自治州
economical_prefecture,1985,110,1,0.0,黔西南布依族苗族自治州
economical_prefecture,1985,111,1,0.0,铁岭市
economical_prefecture,1985,112,1,0.0,金昌市
economical_prefecture,1985,113,1,0.0,湘西土家族苗族自治州
economical_prefecture,1985,114,2,2.0,"佛山市, 云浮市"
economical_prefecture,1985,115,1,0.0,吐鲁番市
economical_prefecture,1985,116,1,0.0,晋城市
economical_prefecture,1985,117,1,0.0,鄂州市
economical_prefecture,1985,118,1,0.0,酒泉市
economical_prefecture,1985,119,1,0.0,丽江市
economical_prefecture,1985,120,1,0.0,益阳市
economical_prefecture,1985,121,1,0.0,濮阳市
economical_prefecture,1985,122,1,0.0,果洛藏族自治州
economical_prefecture,1985,123,1,0.0,潍坊市
economical_prefecture,1985,124,1,0.0,阳江市
economical_prefecture,1985,125,1,0.0,张掖市
economical_prefecture,1985,126,1,0.0,漯河市
economical_prefecture,1985,127,1,0.0,丹东市
economical_prefecture,1985,128,1,0.0,珠海市
economical_prefecture,1985,129,1,0.0,滨州市
economical_prefecture,1985,130,1,0.0,潮州市
economical_prefecture,1985,131,1,0.0,海南藏族自治州
economical_prefecture,1985,132,1,0.0,七台河市
economical_prefecture,1985,133,1,0.0,梧州市
economical_prefecture,1985,134,1,0.0,德宏傣族景颇族自治州
economical_prefecture,1985,135,1,0.0,贺州市
economical_prefecture,1985,136,1,0.0,辽源市
economical_prefecture,1985,137,1,0.0,防城港市
economical_prefecture,1985,138,1,0.0,阿拉善盟
economical_prefecture,1985,139,1,0.0,连云港市
economical_prefecture,1985,140,1,0.0,淮北市
economical_prefecture,1985,141,1,0.0,怒江傈僳族自治州
economical_prefecture,1985,142,1,0.0,广元市
economical_prefecture,1985,143,1,0.0,河南省
economical_prefecture,1985,144,1,0.0,池州市
economical_prefecture,1985,145,1,0.0,肇庆市
economical_prefecture,1985,146,1,0.0,张家界市
economical_prefecture,1985,147,1,0.0,宣城市
economical_prefecture,1985,148,1,0.0,淄博市
economical_prefecture,1985,149,1,0.0,玉树藏族自治州
economical_prefecture,1985,150,1,0.0,阿里地区
economical_prefecture,1985,151,1,0.0,鹤壁市
economical_prefecture,1990,0,25,5.84,"鹰潭市, 泉州市, 厦门市"
economical_prefecture,1990,1,44,6.659090909090909,"南昌市, 深圳市, 达州市"
economical_prefecture,1990,2,17,6.176470588235294,"九江市, 眉山市, 定西市"
economical_prefecture,1990,3,41,7.2682926829268295,"广安市, 成都市, 昆明市"
economical_prefecture,1990,4,48,5.020833333333333,"齐齐哈尔市, 营口市, 台州市"
economical_prefecture,1990,5,1,0.0,怒江傈僳族自治州
economical_prefecture,1990,6,33,8.030303030303031,"杭州市, 淮南市, 合肥市"
economical_prefecture,1990,7,31,7.774193548387097,"商丘市, 北京市, 邯郸市"
economical_prefecture,1990,8,11,5.2727272727272725,"保定市, 包头市, 乌兰察布市"
economical_prefecture,1990,9,13,4.923076923076923,"郑州市, 临汾市, 开封市"
economical_prefecture,1990,10,7,8.571428571428571,"武汉市, 咸宁市, 孝感市"
economical_prefecture,1990,11,1,0.0,张家界市
economical_prefecture,1990,12,1,0.0,保山市
economical_prefecture,1990,13,1,0.0,阿里地区
economical_prefecture,1990,14,1,0.0,鹤壁市
economical_prefecture,1990,15,27,4.481481481481482,"榆林市, 渭南市, 西安市"
economical_prefecture,1990,16,1,0.0,阜新市
economical_prefecture,1990,17,1,0.0,威海市
economical_prefecture,1990,18,1,0.0,自贡市
economical_prefecture,1990,19,1,0.0,景德镇市
economical_prefecture,1990,20,1,0.0,绵阳市
economical_prefecture,1990,21,1,0.0,舟山市
economical_prefecture,1990,22,1,0.0,湖州市
economical_prefecture,1990,23,1,0.0,中卫市
economical_prefecture,1990,24,1,0.0,衡水市
economical_prefecture,1990,25,1,0.0,东营市
economical_prefecture,1990,26,1,0.0,抚顺市
economical_prefecture,1990,27,1,0.0,新余市
economical_prefecture,1990,28,1,0.0,萍乡市
economical_prefecture,1990,29,1,0.0,赤峰市
economical_prefecture,1990,30,1,0.0,大兴安岭地区
economical_prefecture,1990,31,1,0.0,日喀则市
economical_prefecture,1990,32,1,0.0,盘锦市
economical_prefecture,1990,33,1,0.0,克孜勒苏柯尔克孜自治州
economical_prefecture,1990,34,1,0.0,秦皇岛市
economical_prefecture,1990,35,1,0.0,黄南藏族自治州
economical_prefecture,1990,36,1,0.0,金昌市
economical_prefecture,1990,37,1,0.0,湘西土家族苗族自治州
economical_prefecture,1990,38,1,0.0,果洛藏族自治州
economical_prefecture,1990,39,1,0.0,潮州市
economical_prefecture,1990,40,1,0.0,梧州市
economical_prefecture,1990,41,1,0.0,贺州市
economical_prefecture,1990,42,1,0.0,辽源市
economical_prefecture,1990,43,1,0.0,铜川市
economical_prefecture,1990,44,1,0.0,阿拉善盟
economical_prefecture,1995,0,7,12.571428571428571,"六盘水市, 贵阳市, 毕节市"
economical_prefecture,1995,1,17,13.0,"泉州市, 菏泽市, 厦门市"
economical_prefecture,1995,2,15,8.066666666666666,"包头市, 乌兰察布市, 乌海市"
economical_prefecture,1995,3,30,14.166666666666666,"保定市, 吉林市, 济南市"
economical_prefecture,1995,4,29,12.827586206896552,"广安市, 成都市, 眉山市"
economical_prefecture,1995,5,1,0.0,白城市
economical_prefecture,1995,6,59,12.135593220338983,"南昌市, 深圳市, 达州市"
economical_prefecture,1995,7,33,6.818181818181818,"齐齐哈尔市, 营口市, 哈尔滨市"
economical_prefecture,1995,8,1,0.0,阳泉市
economical_prefecture,1995,9,1,0.0,东营市
economical_prefecture,1995,10,47,15.212765957446809,"鹰潭市, 九江市, 台州市"
economical_prefecture,1995,11,1,0.0,本溪市
economical_prefecture,1995,12,1,0.0,迪庆藏族自治州
economical_prefecture,1995,13,1,0.0,鹤壁市
economical_prefecture,1995,14,1,0.0,克孜勒苏柯尔克孜自治州
economical_prefecture,1995,15,21,6.857142857142857,"郑州市, 临汾市, 开封市"
economical_prefecture,1995,16,1,0.0,黄南藏族自治州
economical_prefecture,1995,17,15,13.4,"武汉市, 重庆市, 咸宁市"
economical_prefecture,1995,18,44,8.0,"商丘市, 榆林市, 渭南市"
economical_prefecture,1995,19,1,0.0,丽江市
economical_prefecture,1995,20,1,0.0,果洛藏族自治州
economical_prefecture,1995,21,1,0.0,海南藏族自治州
economical_prefecture,1995,22,1,0.0,河南省
economical_prefecture,1995,23,1,0.0,玉树藏族自治州
economical_prefecture,1995,24,1,0.0,阜新市
economical_prefecture,2000,0,54,42.2962962962963,"鹰潭市, 南昌市, 台州市"
economical_prefecture,2000,1,1,0.0,阿里地区
economical_prefecture,2000,2,69,31.347826086956523,"九江市, 深圳市, 桂林市"
economical_prefecture,2000,3,13,39.53846153846154,"泉州市, 达州市, 厦门市"
economical_prefecture,2000,4,41,29.463414634146343,"广安市, 成都市, 眉山市"
economical_prefecture,2000,5,2,4.5,"保山市, 德宏傣族景颇族自治州"
economical_prefecture,2000,6,53,25.867924528301888,"郑州市, 榆林市, 开封市"
economical_prefecture,2000,7,80,31.3375,"齐齐哈尔市, 营口市, 保定市"
economical_prefecture,2000,8,18,28.11111111111111,"临汾市, 晋中市, 包头市"
economical_prefecture,2005,0,55,43.127272727272725,"鹰潭市, 南昌市, 台州市"
economical_prefecture,2005,1,68,28.720588235294116,"九江市, 深圳市, 达州市"
economical_prefecture,2005,2,48,23.458333333333332,"广安市, 成都市, 眉山市"
economical_prefecture,2005,3,12,37.5,"泉州市, 厦门市, 南平市"
economical_prefecture,2005,4,52,20.884615384615383,"榆林市, 渭南市, 西安市"
economical_prefecture,2005,5,96,27.447916666666668,"齐齐哈尔市, 营口市, 保定市"
economical_prefecture,2010,0,63,58.698412698412696,"鹰潭市, 南昌市, 九江市"
economical_prefecture,2010,1,1,0.0,玉树藏族自治州
economical_prefecture,2010,2,46,31.717391304347824,"广安市, 成都市, 眉山市"
economical_prefecture,2010,3,76,42.078947368421055,"深圳市, 泉州市, 达州市"
economical_prefecture,2010,4,34,34.61764705882353,"齐齐哈尔市, 营口市, 吉林市"
economical_prefecture,2010,5,13,26.46153846153846,"昆明市, 临沧市, 西双版纳傣族自治州"
economical_prefecture,2010,6,47,59.38297872340426,"保定市, 济南市, 菏泽市"
economical_prefecture,2010,7,20,44.45,"临汾市, 晋中市, 包头市"
economical_prefecture,2010,8,27,49.51851851851852,"榆林市, 渭南市, 西安市"
economical_prefecture,2010,9,3,96.33333333333333,"海南省, 三亚市, 海口市"
economical_prefecture,2010,10,1,0.0,怒江傈僳族自治州
economical_prefecture,2015,0,78,57.38461538461539,"鹰潭市, 南昌市, 九江市"
economical_prefecture,2015,1,53,50.301886792452834,"广安市, 达州市, 成都市"
economical_prefecture,2015,2,47,40.723404255319146,"齐齐哈尔市, 营口市, 吉林市"
economical_prefecture,2015,3,1,0.0,怒江傈僳族自治州
economical_prefecture,2015,4,45,82.91111111111111,"台州市, 杭州市, 淮南市"
economical_prefecture,2015,5,60,64.26666666666667,"保定市, 济南市, 菏泽市"
economical_prefecture,2015,6,47,43.5531914893617,"榆林市, 渭南市, 西安市"
economical_prefecture,full,0,28,905.7142857142857,"鹰潭市, 南昌市, 九江市"
economical_prefecture,full,1,67,760.8805970149253,"深圳市, 达州市, 桂林市"
economical_prefecture,full,2,42,633.0714285714286,"成都市, 眉山市, 昆明市"
economical_prefecture,full,3,103,764.5339805825242,"齐齐哈尔市, 营口市, 保定市"
economical_prefecture,full,4,42,1271.1904761904761,"台州市, 杭州市, 淮南市"
economical_prefecture,full,5,49,595.7755102040817,"商丘市, 榆林市, 渭南市"
economical_province,1980,0,5,4.0,"江西省, 广东省, 广西壮族自治区"
economical_province,1980,1,5,3.0,"陕西省, 甘肃省, 新疆维吾尔自治区"
economical_province,1980,2,4,6.0,"福建省, 浙江省, 江苏省"
economical_province,1980,3,7,5.0,"黑龙江省, 辽宁省, 安徽省"
economical_province,1980,4,4,6.75,"四川省, 云南省, 贵州省"
economical_province,1980,5,1,0.0,西藏自治区
economical_province,1980,6,5,4.2,"河北省, 吉林省, 山东省"
economical_province,1985,0,12,8.333333333333334,"黑龙江省, 辽宁省, 河南省"
economical_province,1985,1,7,10.285714285714286,"江西省, 安徽省, 江苏省"
economical_province,1985,2,6,12.333333333333334,"四川省, 云南省, 吉林省"
economical_province,1985,3,6,8.0,"广东省, 福建省, 广西壮族自治区"
economical_province,1990,0,7,51.42857142857143,"江西省, 福建省, 辽宁省"
economical_province,1990,1,11,43.18181818181818,"广东省, 四川省, 广西壮族自治区"
economical_province,1990,2,7,32.714285714285715,"黑龙江省, 河北省, 吉林省"
economical_province,1990,3,6,27.0,"河南省, 山西省, 陕西省"
economical_province,1995,0,5,45.0,"陕西省, 甘肃省, 新疆维吾尔自治区"
economical_province,1995,1,12,82.58333333333333,"江西省, 广东省, 四川省"
economical_province,1995,2,10,60.3,"黑龙江省, 辽宁省, 河南省"
economical_province,1995,3,4,133.25,"浙江省, 安徽省, 江苏省"
economical_province,2000,0,4,290.0,"云南省, 浙江省, 安徽省"
economical_province,2000,1,6,250.83333333333334,"江西省, 广东省, 广西壮族自治区"
economical_province,2000,2,6,262.3333333333333,"四川省, 福建省, 江苏省"
economical_province,2000,3,4,193.25,"河南省, 陕西省, 甘肃省"
economical_province,2000,4,11,185.27272727272728,"黑龙江省, 辽宁省, 河北省"
economical_province,2005,0,12,196.25,"江西省, 河南省, 河北省"
economical_province,2005,1,11,201.72727272727272,"广东省, 四川省, 福建省"
economical_province,2005,2,6,176.16666666666666,"黑龙江省, 辽宁省, 吉林省"
economical_province,2005,3,2,419.5,"浙江省, 安徽省"
economical_province,2010,0,9,285.0,"江西省, 广东省, 四川省"
economical_province,2010,1,14,287.64285714285717,"黑龙江省, 辽宁省, 河南省"
economical_province,2010,2,6,399.6666666666667,"福建省, 云南省, 浙江省"
economical_province,2010,3,2,284.0,"陕西省, 甘肃省"
economical_province,2015,0,6,591.3333333333334,"浙江省, 安徽省, 河南省"
economical_province,2015,1,13,307.9230769230769,"黑龙江省, 辽宁省, 河北省"
economical_province,2015,2,12,359.5833333333333,"江西省, 广东省, 四川省"
